Label_clean,Question Description,"Variable Name
(2023)","Variable Name
(2024)","Question Location
(2023)","Question Location
(2024)",Questionnaire Label,Label,2023 Availability,2024 Availability,Both Years,Value Scheme Detailed,Missing Scheme Detailed: SPSS,Field Code: SPSS,Domain,Level,Helper,Column_category
ACBG01,"What is the total enrollment of students in your school as of <first day of month TIMSS testing begins, 2023>?",ACBG01,,ScQ-01,,School,ACBG01,✓,,,,,,,,,
ACBG02,"What is the total enrollment of <fourth grade> students in your school as of <first day of month TIMSS testing begins, 2023>?",ACBG02,ACBLG01,ScQ-02,ScQ-01,School,ACBG02,✓,✓,✓,,,,,,,
ASBG02A,When were you born? Month,ASBG02A,ASBLG02A,SQG-02a,SQG-02A,Student,ASBG02A,✓,✓,✓,,,,,,,
ASBG02B,When were you born? Year,ASBG02B,ASBLG02B,SQG-02b,SQG-02B,Student,ASBG02B,✓,✓,✓,,,,,,,
GEN\<SPECIALIZATION>\LANGUAGE-READING,"If your major or main area of study was education, did you have a <specialization> in any of the following? Language/reading",ATBG05BC,ATBLG05BC,TQG-05Bc,TQG-05Bc,Teacher,GEN\<SPECIALIZATION>\LANGUAGE-READING (2023),✓,✓,✓,1: Yes; 2: No,9: Omitted or invalid; 6: Logically not applicable; Sysmis: Not administered,1: Yes; 2: No; 9: Omitted or invalid; 6: Logically not applicable; Sysmis: Not administered,Filter Dependent,Nominal,,
GEN\<SPECIALIZATION>\MATHEMATICS,"If your major or main area of study was education, did you have a <specialization> in any of the following? Mathematics",ATBG05BA,ATBLG05BA,TQG-05Ba,TQG-05Ba,Teacher,GEN\<SPECIALIZATION>\MATHEMATICS (2023),✓,✓,✓,1: Yes; 2: No,9: Omitted or invalid; 6: Logically not applicable; Sysmis: Not administered,1: Yes; 2: No; 9: Omitted or invalid; 6: Logically not applicable; Sysmis: Not administered,Filter Dependent,Nominal,,
GEN\<SPECIALIZATION>\OTHER_SUBJECT,"If your major or main area of study was education, did you have a <specialization> in any of the following? Other subject",ATBG05BD,ATBLG05BD,TQG-05Bd,TQG-05Bd,Teacher,GEN\<SPECIALIZATION>\OTHER SUBJECT (2023),✓,✓,✓,1: Yes; 2: No,9: Omitted or invalid; 6: Logically not applicable; Sysmis: Not administered,1: Yes; 2: No; 9: Omitted or invalid; 6: Logically not applicable; Sysmis: Not administered,Filter Dependent,Nominal,,
GEN\<SPECIALIZATION>\SCIENCE,"If your major or main area of study was education, did you have a <specialization> in any of the following? Science",ATBG05BB,ATBLG05BB,TQG-05Bb,TQG-05Bb,Teacher,GEN\<SPECIALIZATION>\SCIENCE (2023),✓,✓,✓,1: Yes; 2: No,9: Omitted or invalid; 6: Logically not applicable; Sysmis: Not administered,1: Yes; 2: No; 9: Omitted or invalid; 6: Logically not applicable; Sysmis: Not administered,Filter Dependent,Nominal,,
GEN\ABOUT_HOW_OFTEN_ABSENT_FROM_SCHOOL,About how often are you absent from school?,ASBG08,ASBLG06,SQG-08,SQG-06,Student,GEN\ABOUT HOW OFTEN ABSENT FROM SCHOOL (2023),✓,✓,✓,1: Once a week; 2: Once every two weeks; 3: Once a month; 4: Once every two months; 5: Never or almost never,9: Omitted or invalid; Sysmis: Not administered,1: Once a week; 2: Once every two weeks; 3: Once a month; 4: Once every two months; 5: Never or almost never; 9: Omitted or invalid; Sysmis: Not administered,Background Questionnaire Variables,Ordinal,,
GEN\ACCESS_TO_COMPUTERS\LAB_CLASSTIME,What access do <fifth grade> students in your school have to computers or tablets? The school has a physical computer lab where teachers can reserve time during class,,ACBLG06A,,ScQ-06a,School,GEN\ACCESS TO COMPUTERS\LAB CLASSTIME (2024),,✓,,1: Yes; 2: No,9: Omitted or invalid; Sysmis: Not administered,1: Yes; 2: No; 9: Omitted or invalid; Sysmis: Not administered,Background Questionnaire Variables,Nominal,GEN\ACCESS TO COMPUTERS\LAB CLASSTIME,Background Questionnaire Variables
GEN\ACCESS_TO_COMPUTERS\LAB_OUTSIDE_CLASS,What access do <fifth grade> students in your school have to computers or tablets? The school has a physical computer lab that students can use before or after school or during class breaks,,ACBLG06B,,ScQ-06b,School,GEN\ACCESS TO COMPUTERS\LAB OUTSIDE CLASS (2024),,✓,,1: Yes; 2: No,9: Omitted or invalid; Sysmis: Not administered,1: Yes; 2: No; 9: Omitted or invalid; Sysmis: Not administered,Background Questionnaire Variables,Nominal,GEN\ACCESS TO COMPUTERS\LAB OUTSIDE CLASS,Background Questionnaire Variables
GEN\ACCESS_TO_COMPUTERS\LAPTOPS_AT_HOME,What access do <fifth grade> students in your school have to computers or tablets? The school provides laptops or tablets that students can use for class and take home,,ACBLG06D,,ScQ-06d,School,GEN\ACCESS TO COMPUTERS\LAPTOPS AT HOME (2024),,✓,,1: Yes; 2: No,9: Omitted or invalid; Sysmis: Not administered,1: Yes; 2: No; 9: Omitted or invalid; Sysmis: Not administered,Background Questionnaire Variables,Nominal,GEN\ACCESS TO COMPUTERS\LAPTOPS AT HOME,Background Questionnaire Variables
GEN\ACCESS_TO_COMPUTERS\LAPTOPS_DURING_CLASS,What access do <fifth grade> students in your school have to computers or tablets? The school has mobile laptops or tablets that teachers can reserve to use during class,,ACBLG06C,,ScQ-06c,School,GEN\ACCESS TO COMPUTERS\LAPTOPS DURING CLASS (2024),,✓,,1: Yes; 2: No,9: Omitted or invalid; Sysmis: Not administered,1: Yes; 2: No; 9: Omitted or invalid; Sysmis: Not administered,Background Questionnaire Variables,Nominal,GEN\ACCESS TO COMPUTERS\LAPTOPS DURING CLASS,Background Questionnaire Variables
GEN\AGE_OF_CHILD_BEGINNING_SCHOOL,How old was your child when he/she began the <first grade> of primary/elementary school?,ASBH05,,HQ-05,,Home,GEN\AGE OF CHILD BEGINNING SCHOOL (2023),✓,,,1: 5 years old or younger; 2: 6 years old; 3: 7 years old; 4: 8 years old or older,9: Omitted or invalid; Sysmis: Not administered,1: 5 years old or younger; 2: 6 years old; 3: 7 years old; 4: 8 years old or older; 9: Omitted or invalid; Sysmis: Not administered,Background Questionnaire Variables,Ordinal,GEN\AGE OF CHILD BEGINNING SCHOOL,Background Questionnaire Variables
GEN\AGE_OF_CHILD_WHEN_CAME_TO_<COUNTRY>,"How old was your child when he/she came to <country>?
",ASBH02B,,HQ-02B,,Home,GEN\AGE OF CHILD WHEN CAME TO <COUNTRY> (2023),✓,,,1: Younger than 3 years old; 2: 3 to 5 years old; 3: 6 to 7 years old; 4: 8 years old or older,9: Omitted or invalid; 6: Logically not applicable; Sysmis: Not administered,1: Younger than 3 years old; 2: 3 to 5 years old; 3: 6 to 7 years old; 4: 8 years old or older; 9: Omitted or invalid; 6: Logically not applicable; Sysmis: Not administered,Filter Dependent,Ordinal,,
GEN\AGE_OF_TEACHER,How old are you?,ATBG03,ATBLG03,TQG-03,TQG-03,Teacher,GEN\AGE OF TEACHER (2023),✓,✓,✓,1: Under 25; 2: 25–29; 3: 30–39; 4: 40–49; 5: 50–59; 6: 60 or more,9: Omitted or invalid; Sysmis: Not administered,1: Under 25; 2: 25–29; 3: 30–39; 4: 40–49; 5: 50–59; 6: 60 or more; 9: Omitted or invalid; Sysmis: Not administered,Background Questionnaire Variables,Ordinal,,
GEN\AGREE\BEING_IN_SCHOOL,What do you think about your school? Tell how much you agree with these statements. I like being in school,ASBG13A,ASBLG11A,SQG-13a,SQG-11a,Student,GEN\AGREE\BEING IN SCHOOL (2023),✓,✓,✓,1: Agree a lot; 2: Agree a little; 3: Disagree a little; 4: Disagree a lot,9: Omitted or invalid; Sysmis: Not administered,1: Agree a lot; 2: Agree a little; 3: Disagree a little; 4: Disagree a lot; 9: Omitted or invalid; Sysmis: Not administered,Background Questionnaire Variables,Ordinal,,
GEN\AGREE\BELONG_AT_SCHOOL,What do you think about your school? Tell how much you agree with these statements. I feel like I belong at this school,ASBG13C,ASBLG11C,SQG-13c,SQG-11c,Student,GEN\AGREE\BELONG AT SCHOOL (2023),✓,✓,✓,1: Agree a lot; 2: Agree a little; 3: Disagree a little; 4: Disagree a lot,9: Omitted or invalid; Sysmis: Not administered,1: Agree a lot; 2: Agree a little; 3: Disagree a little; 4: Disagree a lot; 9: Omitted or invalid; Sysmis: Not administered,Background Questionnaire Variables,Ordinal,,
GEN\AGREE\CARES_ABOUT_CHILDS_PROG,What do you think of your child's school? My child's school cares about my child's progress in school,ASBH08C,ASBLH01C,,HQ-08c,Home,GEN\AGREE\CARES ABOUT CHILDS PROG (2023),✓,✓,✓,1: Agree a lot; 2: Agree a little; 3: Disagree a little; 4: Disagree a lot,9: Omitted or invalid; Sysmis: Not administered,1: Agree a lot; 2: Agree a little; 3: Disagree a little; 4: Disagree a lot; 9: Omitted or invalid; Sysmis: Not administered,Background Questionnaire Variables,Ordinal,GEN\AGREE\CARES ABOUT CHILDS PROG,Background Questionnaire Variables
GEN\AGREE\CLIMATE_CHANGE_AS_HIGH_PRIORITY,How much do you agree with these statements? Addressing climate change should be a high priority,ASBG11E,ASBLG09E,SQG-11e,SQG-09e,Student,GEN\AGREE\CLIMATE CHANGE AS HIGH PRIORITY (2023),✓,✓,✓,1: Agree a lot; 2: Agree a little; 3: Disagree a little; 4: Disagree a lot,9: Omitted or invalid; Sysmis: Not administered,1: Agree a lot; 2: Agree a little; 3: Disagree a little; 4: Disagree a lot; 9: Omitted or invalid; Sysmis: Not administered,Background Questionnaire Variables,Ordinal,,
GEN\AGREE\CREATE_GRAPHS_ON_COMPUTER,"How much do you agree with these statements? I can create tables, charts, and graphs using a computer, tablet, or smartphone",ASBG10C,ASBLG08C,SQG-10c,SQG-08c,Student,GEN\AGREE\CREATE GRAPHS ON COMPUTER (2023),✓,✓,✓,1: Agree a lot; 2: Agree a little; 3: Disagree a little; 4: Disagree a lot,9: Omitted or invalid; Sysmis: Not administered,1: Agree a lot; 2: Agree a little; 3: Disagree a little; 4: Disagree a lot; 9: Omitted or invalid; Sysmis: Not administered,Background Questionnaire Variables,Ordinal,,
GEN\AGREE\CREATE_PRESENTATIONS_ON_COMPUTER,"How much do you agree with these statements? I can create school presentations using a computer, tablet, or smartphone",ASBG10B,ASBLG08B,SQG-10b,SQG-08b,Student,GEN\AGREE\CREATE PRESENTATIONS ON COMPUTER (2023),✓,✓,✓,1: Agree a lot; 2: Agree a little; 3: Disagree a little; 4: Disagree a lot,9: Omitted or invalid; Sysmis: Not administered,1: Agree a lot; 2: Agree a little; 3: Disagree a little; 4: Disagree a lot; 9: Omitted or invalid; Sysmis: Not administered,Background Questionnaire Variables,Ordinal,,
GEN\AGREE\ENJOY_BEING_IN_NATURE,"How much do you agree with these statements? I enjoy being in nature (e.g., <forests, parks, deserts>)",ASBG11D,ASBLG09D,SQG-11d,SQG-09d,Student,GEN\AGREE\ENJOY BEING IN NATURE (2023),✓,✓,✓,1: Agree a lot; 2: Agree a little; 3: Disagree a little; 4: Disagree a lot,9: Omitted or invalid; Sysmis: Not administered,1: Agree a lot; 2: Agree a little; 3: Disagree a little; 4: Disagree a lot; 9: Omitted or invalid; Sysmis: Not administered,Background Questionnaire Variables,Ordinal,,
GEN\AGREE\FIND_INFORMATION_ONLINE,How much do you agree with these statements? I can find information that I need online,ASBG10D,ASBLG08D,SQG-10d,SQG-08d,Student,GEN\AGREE\FIND INFORMATION ONLINE (2023),✓,✓,✓,1: Agree a lot; 2: Agree a little; 3: Disagree a little; 4: Disagree a lot,9: Omitted or invalid; Sysmis: Not administered,1: Agree a lot; 2: Agree a little; 3: Disagree a little; 4: Disagree a lot; 9: Omitted or invalid; Sysmis: Not administered,Background Questionnaire Variables,Ordinal,,
GEN\AGREE\FRIENDS_AT_SCHOOL,What do you think about your school? I have friends at this school,ASBG13F,ASBLG11F,SQG-13f,SQG-11f,Student,GEN\AGREE\FRIENDS AT SCHOOL (2023),✓,✓,✓,1: Agree a lot; 2: Agree a little; 3: Disagree a little; 4: Disagree a lot,9: Omitted or invalid; Sysmis: Not administered,1: Agree a lot; 2: Agree a little; 3: Disagree a little; 4: Disagree a lot; 9: Omitted or invalid; Sysmis: Not administered,Background Questionnaire Variables,Ordinal,,
GEN\AGREE\HELP_BECOME_BETTER_IN_MATH,What do you think of your child's school? My child's school does a good job in helping him/her become better in mathematics,ASBH08G,ASBLH01G,HQ-08g,HQ-01g,Home,GEN\AGREE\HELP BECOME BETTER IN MATH (2023),✓,✓,✓,1: Agree a lot; 2: Agree a little; 3: Disagree a little; 4: Disagree a lot,9: Omitted or invalid; Sysmis: Not administered,1: Agree a lot; 2: Agree a little; 3: Disagree a little; 4: Disagree a lot; 9: Omitted or invalid; Sysmis: Not administered,Background Questionnaire Variables,Ordinal,GEN\AGREE\HELP BECOME BETTER IN MATH,Background Questionnaire Variables
GEN\AGREE\HELP_BECOME_BETTER_IN_SCI,What do you think of your child's school? My child's school does a good job in helping him/her become better in science,ASBH08H,ASBLH01H,HQ-08h,HQ-01h,Home,GEN\AGREE\HELP BECOME BETTER IN SCI (2023),✓,✓,✓,1: Agree a lot; 2: Agree a little; 3: Disagree a little; 4: Disagree a lot,9: Omitted or invalid; Sysmis: Not administered,1: Agree a lot; 2: Agree a little; 3: Disagree a little; 4: Disagree a lot; 9: Omitted or invalid; Sysmis: Not administered,Background Questionnaire Variables,Ordinal,GEN\AGREE\HELP BECOME BETTER IN SCI,Background Questionnaire Variables
GEN\AGREE\HELP_BECOME_BETTER_READ,What do you think of your child's school? My child's school does a good job in helping him/her become better in reading,ASBH08F,ASBLH01F,,HQ-08f,Home,GEN\AGREE\HELP BECOME BETTER READ (2023),✓,✓,✓,1: Agree a lot; 2: Agree a little; 3: Disagree a little; 4: Disagree a lot,9: Omitted or invalid; Sysmis: Not administered,1: Agree a lot; 2: Agree a little; 3: Disagree a little; 4: Disagree a lot; 9: Omitted or invalid; Sysmis: Not administered,Background Questionnaire Variables,Ordinal,GEN\AGREE\HELP BECOME BETTER READ,Background Questionnaire Variables
GEN\AGREE\HELP_FRIENDS_AND_FAMILY,"How much do you agree with these statements? I can help my friends or family members with using their computers, laptops, or smartphones",ASBG10G,ASBLG08G,SQG-10g,SQG-08g,Student,GEN\AGREE\HELP FRIENDS AND FAMILY (2023),✓,✓,✓,1: Agree a lot; 2: Agree a little; 3: Disagree a little; 4: Disagree a lot,9: Omitted or invalid; Sysmis: Not administered,1: Agree a lot; 2: Agree a little; 3: Disagree a little; 4: Disagree a lot; 9: Omitted or invalid; Sysmis: Not administered,Background Questionnaire Variables,Ordinal,,
GEN\AGREE\INCLUDED_IN_CHILDS_EDU,What do you think of your child's school? My child's school does a good job including me in my child's education,ASBH08A,ASBLH01A,,HQ-08a,Home,GEN\AGREE\INCLUDED IN CHILDS EDU (2023),✓,✓,✓,1: Agree a lot; 2: Agree a little; 3: Disagree a little; 4: Disagree a lot,9: Omitted or invalid; Sysmis: Not administered,1: Agree a lot; 2: Agree a little; 3: Disagree a little; 4: Disagree a lot; 9: Omitted or invalid; Sysmis: Not administered,Background Questionnaire Variables,Ordinal,GEN\AGREE\INCLUDED IN CHILDS EDU,Background Questionnaire Variables
GEN\AGREE\KEEPING_ME_INFORMED,What do you think of your child's school? My child's school does a good job informing me of his/her progress,ASBH08D,ASBLH01D,HQ-08d,HQ-01d,Home,GEN\AGREE\KEEPING ME INFORMED (2023),✓,✓,✓,1: Agree a lot; 2: Agree a little; 3: Disagree a little; 4: Disagree a lot,9: Omitted or invalid; Sysmis: Not administered,1: Agree a lot; 2: Agree a little; 3: Disagree a little; 4: Disagree a lot; 9: Omitted or invalid; Sysmis: Not administered,Background Questionnaire Variables,Ordinal,GEN\AGREE\KEEPING ME INFORMED,Background Questionnaire Variables
GEN\AGREE\LEARN_ABOUT_PLANTS_AND_ANIMALS,How much do you agree with these statements? I enjoy finding out what kinds of plants and animals live in my surrounding area,ASBG11C,ASBLG09C,SQG-11c,SQG-09c,Student,GEN\AGREE\LEARN ABOUT PLANTS AND ANIMALS (2023),✓,✓,✓,1: Agree a lot; 2: Agree a little; 3: Disagree a little; 4: Disagree a lot,9: Omitted or invalid; Sysmis: Not administered,1: Agree a lot; 2: Agree a little; 3: Disagree a little; 4: Disagree a lot; 9: Omitted or invalid; Sysmis: Not administered,Background Questionnaire Variables,Ordinal,,
GEN\AGREE\NEW_THINGS_ON_COMPUTER,"How much do you agree with these statements? I can easily do new things on computers, laptops, or smartphones",ASBG10F,ASBLG08F,SQG-10f,SQG-08f,Student,GEN\AGREE\NEW THINGS ON COMPUTER (2023),✓,✓,✓,1: Agree a lot; 2: Agree a little; 3: Disagree a little; 4: Disagree a lot,9: Omitted or invalid; Sysmis: Not administered,1: Agree a lot; 2: Agree a little; 3: Disagree a little; 4: Disagree a lot; 9: Omitted or invalid; Sysmis: Not administered,Background Questionnaire Variables,Ordinal,,
GEN\AGREE\PROMOTE_HIGH_STANDARDS,What do you think of your child's school? My child's school promotes high academic standards,ASBH08E,ASBLH01E,,HQ-08e,Home,GEN\AGREE\PROMOTE HIGH STANDARDS (2023),✓,✓,✓,1: Agree a lot; 2: Agree a little; 3: Disagree a little; 4: Disagree a lot,9: Omitted or invalid; Sysmis: Not administered,1: Agree a lot; 2: Agree a little; 3: Disagree a little; 4: Disagree a lot; 9: Omitted or invalid; Sysmis: Not administered,Background Questionnaire Variables,Ordinal,GEN\AGREE\PROMOTE HIGH STANDARDS,Background Questionnaire Variables
GEN\AGREE\PROTECTION_OF_PLANTS_AND_ANIMALS,How much do you agree with these statements? I care about the protection of plants and animals,ASBG11A,ASBLG09A,SQG-11a,SQG-09a,Student,GEN\AGREE\PROTECTION OF PLANTS AND ANIMALS (2023),✓,✓,✓,1: Agree a lot; 2: Agree a little; 3: Disagree a little; 4: Disagree a lot,9: Omitted or invalid; Sysmis: Not administered,1: Agree a lot; 2: Agree a little; 3: Disagree a little; 4: Disagree a lot; 9: Omitted or invalid; Sysmis: Not administered,Background Questionnaire Variables,Ordinal,,
GEN\AGREE\PROUD_TO_GO_TO_THIS_SCHOOL,What do you think about your school? Tell how much you agree with these statements. I am proud to go to this school,ASBG13E,ASBLG11E,SQG-13e,SQG-11e,Student,GEN\AGREE\PROUD TO GO TO THIS SCHOOL (2023),✓,✓,✓,1: Agree a lot; 2: Agree a little; 3: Disagree a little; 4: Disagree a lot,9: Omitted or invalid; Sysmis: Not administered,1: Agree a lot; 2: Agree a little; 3: Disagree a little; 4: Disagree a lot; 9: Omitted or invalid; Sysmis: Not administered,Background Questionnaire Variables,Ordinal,,
GEN\AGREE\PROVIDES_SAFE_ENVIRONMENT,What do you think of your child's school? My child's school provides a safe environment,ASBH08B,ASBLH01B,,HQ-08b,Home,GEN\AGREE\PROVIDES SAFE ENVIRONMENT (2023),✓,✓,✓,1: Agree a lot; 2: Agree a little; 3: Disagree a little; 4: Disagree a lot,9: Omitted or invalid; Sysmis: Not administered,1: Agree a lot; 2: Agree a little; 3: Disagree a little; 4: Disagree a lot; 9: Omitted or invalid; Sysmis: Not administered,Background Questionnaire Variables,Ordinal,GEN\AGREE\PROVIDES SAFE ENVIRONMENT,Background Questionnaire Variables
GEN\AGREE\SAD_WHEN_NATURE_DESTROYED,How much do you agree with these statements? It makes me sad when nature is destroyed,ASBG11B,ASBLG09B,SQG-11b,SQG-09b,Student,GEN\AGREE\SAD WHEN NATURE DESTROYED (2023),✓,✓,✓,1: Agree a lot; 2: Agree a little; 3: Disagree a little; 4: Disagree a lot,9: Omitted or invalid; Sysmis: Not administered,1: Agree a lot; 2: Agree a little; 3: Disagree a little; 4: Disagree a lot; 9: Omitted or invalid; Sysmis: Not administered,Background Questionnaire Variables,Ordinal,,
GEN\AGREE\SAFE_AT_SCHOOL,What do you think about your school? Tell how much you agree with these statements. I feel safe when I am at school,ASBG13B,ASBLG11B,SQG-13b,SQG-11b,Student,GEN\AGREE\SAFE AT SCHOOL (2023),✓,✓,✓,1: Agree a lot; 2: Agree a little; 3: Disagree a little; 4: Disagree a lot,9: Omitted or invalid; Sysmis: Not administered,1: Agree a lot; 2: Agree a little; 3: Disagree a little; 4: Disagree a lot; 9: Omitted or invalid; Sysmis: Not administered,Background Questionnaire Variables,Ordinal,,
GEN\AGREE\SATISFIED_WITH_SCHOOL,What do you think about your school? Tell how much you agree with these statements. I am satisfied with school,,ASBLG11H,,SQG-11h,Student,GEN\AGREE\SATISFIED WITH SCHOOL (2024),,✓,,1: Agree a lot; 2: Agree a little; 3: Disagree a little; 4: Disagree a lot,9: Omitted or invalid; Sysmis: Not administered,1: Agree a lot; 2: Agree a little; 3: Disagree a little; 4: Disagree a lot; 9: Omitted or invalid; Sysmis: Not administered,Background Questionnaire Variables,Nominal,,
GEN\AGREE\STUDENTS_LIKE,What do you think about your school? Tell how much you agree with these statements. Students at this school like me the way I am,ASBG13G,ASBLG11G,SQG-13g,SQG-11g,Student,GEN\AGREE\STUDENTS LIKE (2023),✓,✓,✓,1: Agree a lot; 2: Agree a little; 3: Disagree a little; 4: Disagree a lot,9: Omitted or invalid; Sysmis: Not administered,1: Agree a lot; 2: Agree a little; 3: Disagree a little; 4: Disagree a lot; 9: Omitted or invalid; Sysmis: Not administered,Background Questionnaire Variables,Ordinal,,
GEN\AGREE\TEACHERS_CARE,What do you think about your school? Tell how much you agree with these statements. Teachers at this school care about me,ASBG13D,ASBLG11D,SQG-13d,SQG-11d,Student,GEN\AGREE\TEACHERS CARE (2023),✓,✓,✓,1: Agree a lot; 2: Agree a little; 3: Disagree a little; 4: Disagree a lot,9: Omitted or invalid; Sysmis: Not administered,1: Agree a lot; 2: Agree a little; 3: Disagree a little; 4: Disagree a lot; 9: Omitted or invalid; Sysmis: Not administered,Background Questionnaire Variables,Ordinal,,
GEN\AGREE\TELL_IF_WEBSITE_IS_TRUSTWORTHY,How much do you agree with these statements? I can tell if a website is trustworthy,ASBG10E,ASBLG08E,SQG-10e,SQG-08e,Student,GEN\AGREE\TELL IF WEBSITE IS TRUSTWORTHY (2023),✓,✓,✓,1: Agree a lot; 2: Agree a little; 3: Disagree a little; 4: Disagree a lot,9: Omitted or invalid; Sysmis: Not administered,1: Agree a lot; 2: Agree a little; 3: Disagree a little; 4: Disagree a lot; 9: Omitted or invalid; Sysmis: Not administered,Background Questionnaire Variables,Ordinal,,
GEN\AGREE\WRITE_TEXT_ON_COMPUTER,"How much do you agree with these statements? I can write and edit text on a computer, tablet, or smartphone",ASBG10A,ASBLG08A,SQG-10a,SQG-08a,Student,GEN\AGREE\WRITE TEXT ON COMPUTER (2023),✓,✓,✓,1: Agree a lot; 2: Agree a little; 3: Disagree a little; 4: Disagree a lot,9: Omitted or invalid; Sysmis: Not administered,1: Agree a lot; 2: Agree a little; 3: Disagree a little; 4: Disagree a lot; 9: Omitted or invalid; Sysmis: Not administered,Background Questionnaire Variables,Ordinal,,
GEN\AGREEMENT\CHANGES_IN_CURRICULUM,How much do you agree or disagree with the statements below? I have difficulty keeping up with all of the changes to the curriculum,ATBG09G,,TQG-09g,,Teacher,GEN\AGREEMENT\CHANGES IN CURRICULUM (2023),✓,,,1: Agree a lot; 2: Agree a little; 3: Disagree a little; 4: Disagree a lot,9: Omitted or invalid; Sysmis: Not administered,1: Agree a lot; 2: Agree a little; 3: Disagree a little; 4: Disagree a lot; 9: Omitted or invalid; Sysmis: Not administered,Background Questionnaire Variables,Ordinal,,
GEN\AGREEMENT\EMPHASIZE_IMPORTANCE,How much do you agree with these statements about mathematics and science education in your school? The school emphasizes the importance of studying mathematics and science in the future,,ACBLG12C,,ScQ-12c,School,GEN\AGREEMENT\EMPHASIZE IMPORTANCE (2024),,✓,,1: Agree a lot; 2: Agree a little; 3: Disagree a little; 4: Disagree a lot,9: Omitted or invalid; Sysmis: Not administered,1: Agree a lot; 2: Agree a little; 3: Disagree a little; 4: Disagree a lot; 9: Omitted or invalid; Sysmis: Not administered,Background Questionnaire Variables,Nominal,,
GEN\AGREEMENT\NEED_MORE_TIME_TO_ASSIST,How much do you agree or disagree with the statements below? I need more time to assist individual students,ATBG09E,,TQG-09e,,Teacher,GEN\AGREEMENT\NEED MORE TIME TO ASSIST (2023),✓,,,1: Agree a lot; 2: Agree a little; 3: Disagree a little; 4: Disagree a lot,9: Omitted or invalid; Sysmis: Not administered,1: Agree a lot; 2: Agree a little; 3: Disagree a little; 4: Disagree a lot; 9: Omitted or invalid; Sysmis: Not administered,Background Questionnaire Variables,Ordinal,,
GEN\AGREEMENT\NEED_MORE_TIME_TO_PREPARE,How much do you agree or disagree with the statements below? I need more time to prepare for class,ATBG09D,,TQG-09d,,Teacher,GEN\AGREEMENT\NEED MORE TIME TO PREPARE (2023),✓,,,1: Agree a lot; 2: Agree a little; 3: Disagree a little; 4: Disagree a lot,9: Omitted or invalid; Sysmis: Not administered,1: Agree a lot; 2: Agree a little; 3: Disagree a little; 4: Disagree a lot; 9: Omitted or invalid; Sysmis: Not administered,Background Questionnaire Variables,Ordinal,,
GEN\AGREEMENT\PROMOTE_INTEREST,"How much do you agree with these statements about mathematics and science education in your school? The school has initiatives to promote student interest in mathematics and science (e.g., student clubs, competitions)",,ACBLG12A,,ScQ-12a,School,GEN\AGREEMENT\PROMOTE INTEREST (2024),,✓,,1: Agree a lot; 2: Agree a little; 3: Disagree a little; 4: Disagree a lot,9: Omitted or invalid; Sysmis: Not administered,1: Agree a lot; 2: Agree a little; 3: Disagree a little; 4: Disagree a lot; 9: Omitted or invalid; Sysmis: Not administered,Background Questionnaire Variables,Nominal,,
GEN\AGREEMENT\PROVIDE_SPECIAL_ACTIVITIES,How much do you agree with these statements about mathematics and science education in your school? The school provides special activities in mathematics and science for interested students,,ACBLG12B,,ScQ-12b,School,GEN\AGREEMENT\PROVIDE SPECIAL ACTIVITIES (2024),,✓,,1: Agree a lot; 2: Agree a little; 3: Disagree a little; 4: Disagree a lot,9: Omitted or invalid; Sysmis: Not administered,1: Agree a lot; 2: Agree a little; 3: Disagree a little; 4: Disagree a lot; 9: Omitted or invalid; Sysmis: Not administered,Background Questionnaire Variables,Nominal,,
GEN\AGREEMENT\SCHOOL_SUPPORT_FOR_TCH_CHANGE,How much do you agree or disagree with these statements about your school? The school provides support for teachers who wish to develop new ideas,,ACBLG14C,,ScQ-14c,School,GEN\AGREEMENT\SCHOOL SUPPORT FOR TCH CHANGE (2024),,✓,,1: Agree a lot; 2: Agree a little; 3: Disagree a little; 4: Disagree a lot,9: Omitted or invalid; Sysmis: Not administered,1: Agree a lot; 2: Agree a little; 3: Disagree a little; 4: Disagree a lot; 9: Omitted or invalid; Sysmis: Not administered,Background Questionnaire Variables,Nominal,,
GEN\AGREEMENT\TCH_COMM_ACROSS_GRADES,How much do you agree or disagree with these statements about your school? Teachers communicate with each other across grade levels about students and teaching practices,,ACBLG14A,,ScQ-14a,School,GEN\AGREEMENT\TCH COMM ACROSS GRADES (2024),,✓,,1: Agree a lot; 2: Agree a little; 3: Disagree a little; 4: Disagree a lot,9: Omitted or invalid; Sysmis: Not administered,1: Agree a lot; 2: Agree a little; 3: Disagree a little; 4: Disagree a lot; 9: Omitted or invalid; Sysmis: Not administered,Background Questionnaire Variables,Nominal,,
GEN\AGREEMENT\TCH_OPEN_TO_CHANGE,How much do you agree or disagree with these statements about your school? Teachers and staff in this school are open to changes in their practices,,ACBLG14B,,ScQ-14b,School,GEN\AGREEMENT\TCH OPEN TO CHANGE (2024),,✓,,1: Agree a lot; 2: Agree a little; 3: Disagree a little; 4: Disagree a lot,9: Omitted or invalid; Sysmis: Not administered,1: Agree a lot; 2: Agree a little; 3: Disagree a little; 4: Disagree a lot; 9: Omitted or invalid; Sysmis: Not administered,Background Questionnaire Variables,Nominal,,
GEN\AGREEMENT\TCH_PROBLEM_SOLVING,How much do you agree or disagree with these statements about your school? Teachers and staff in this school regularly engage in creative problem solving,,ACBLG14D,,ScQ-14d,School,GEN\AGREEMENT\TCH PROBLEM SOLVING (2024),,✓,,1: Agree a lot; 2: Agree a little; 3: Disagree a little; 4: Disagree a lot,9: Omitted or invalid; Sysmis: Not administered,1: Agree a lot; 2: Agree a little; 3: Disagree a little; 4: Disagree a lot; 9: Omitted or invalid; Sysmis: Not administered,Background Questionnaire Variables,Nominal,,
GEN\AGREEMENT\TOO_MANY_ADMINISTRATIVE_TASKS,How much do you agree or disagree with the statements below? I have too many administrative tasks,ATBG09H,,TQG-09h,,Teacher,GEN\AGREEMENT\TOO MANY ADMINISTRATIVE TASKS (2023),✓,,,1: Agree a lot; 2: Agree a little; 3: Disagree a little; 4: Disagree a lot,9: Omitted or invalid; Sysmis: Not administered,1: Agree a lot; 2: Agree a little; 3: Disagree a little; 4: Disagree a lot; 9: Omitted or invalid; Sysmis: Not administered,Background Questionnaire Variables,Ordinal,,
GEN\AGREEMENT\TOO_MANY_HOURS,How much do you agree or disagree with the statements below? I have too many teaching hours,ATBG09C,,TQG-09c,,Teacher,GEN\AGREEMENT\TOO MANY HOURS (2023),✓,,,1: Agree a lot; 2: Agree a little; 3: Disagree a little; 4: Disagree a lot,9: Omitted or invalid; Sysmis: Not administered,1: Agree a lot; 2: Agree a little; 3: Disagree a little; 4: Disagree a lot; 9: Omitted or invalid; Sysmis: Not administered,Background Questionnaire Variables,Ordinal,,
GEN\AGREEMENT\TOO_MANY_STUDENTS,How much do you agree or disagree with the statements below? There are too many students in the classes,ATBG09A,,TQG-09a,,Teacher,GEN\AGREEMENT\TOO MANY STUDENTS (2023),✓,,,1: Agree a lot; 2: Agree a little; 3: Disagree a little; 4: Disagree a lot,9: Omitted or invalid; Sysmis: Not administered,1: Agree a lot; 2: Agree a little; 3: Disagree a little; 4: Disagree a lot; 9: Omitted or invalid; Sysmis: Not administered,Background Questionnaire Variables,Ordinal,,
GEN\AGREEMENT\TOO_MUCH_MATERIAL,How much do you agree or disagree with the statements below? I have too much material to cover in class,ATBG09B,,TQG-09b,,Teacher,GEN\AGREEMENT\TOO MUCH MATERIAL (2023),✓,,,1: Agree a lot; 2: Agree a little; 3: Disagree a little; 4: Disagree a lot,9: Omitted or invalid; Sysmis: Not administered,1: Agree a lot; 2: Agree a little; 3: Disagree a little; 4: Disagree a lot; 9: Omitted or invalid; Sysmis: Not administered,Background Questionnaire Variables,Ordinal,,
GEN\AGREEMENT\TOO_MUCH_PRESSURE,How much do you agree or disagree with the statements below? I feel too much pressure from parents,ATBG09F,,TQG-09f,,Teacher,GEN\AGREEMENT\TOO MUCH PRESSURE (2023),✓,,,1: Agree a lot; 2: Agree a little; 3: Disagree a little; 4: Disagree a lot,9: Omitted or invalid; Sysmis: Not administered,1: Agree a lot; 2: Agree a little; 3: Disagree a little; 4: Disagree a lot; 9: Omitted or invalid; Sysmis: Not administered,Background Questionnaire Variables,Ordinal,,
GEN\AMOUNT_OF_BOOKS_AT_HOME,"About how many books are there in your home? (Do not count ebooks, magazines, newspapers, or children's books.)",ASBH10,ASBLH08,,HQ-10,Home,GEN\AMOUNT OF BOOKS AT HOME (2023),✓,✓,✓,1: 0–10; 2: 11–25; 3: 26–100; 4: 101–200; 5: More than 200,9: Omitted or invalid; Sysmis: Not administered,1: 0–10; 2: 11–25; 3: 26–100; 4: 101–200; 5: More than 200; 9: Omitted or invalid; Sysmis: Not administered,Background Questionnaire Variables,Ordinal,GEN\AMOUNT OF BOOKS AT HOME,Background Questionnaire Variables
GEN\AMOUNT_OF_BOOKS_FOR_CHILDREN_AT_HOME,"About how many children's books are there in your home? (Do not count children's ebooks, magazines, or school books.)",ASBH11,ASBLH09,,HQ-11,Home,GEN\AMOUNT OF BOOKS FOR CHILDREN AT HOME (2023),✓,✓,✓,1: 0–10; 2: 11–25; 3: 26–50; 4: 51–100; 5: More than 100,9: Omitted or invalid; Sysmis: Not administered,1: 0–10; 2: 11–25; 3: 26–50; 4: 51–100; 5: More than 100; 9: Omitted or invalid; Sysmis: Not administered,Background Questionnaire Variables,Ordinal,GEN\AMOUNT OF BOOKS FOR CHILDREN AT HOME,Background Questionnaire Variables
GEN\AMOUNT_OF_BOOKS_IN_YOUR_HOME,"About how many books are there in your home? (Do not count magazines, newspapers, or your school books.)",ASBG04,ASBLG04,SQG-04,SQG-04,Student,GEN\AMOUNT OF BOOKS IN YOUR HOME (2023),✓,✓,✓,1: None or very few (0–10 books); 2: Enough to fill one shelf (11–25 books); 3: Enough to fill one bookcase (26–100 books); 4: Enough to fill two bookcases (101–200 books); 5: Enough to fill three or more bookcases (more than 200),9: Omitted or invalid; Sysmis: Not administered,1: None or very few (0–10 books); 2: Enough to fill one shelf (11–25 books); 3: Enough to fill one bookcase (26–100 books); 4: Enough to fill two bookcases (101–200 books); 5: Enough to fill three or more bookcases (more than 200); 9: Omitted or invalid; Sysmis: Not administered,Background Questionnaire Variables,Ordinal,GEN\AMOUNT OF BOOKS IN YOUR HOME,Background Questionnaire Variables
GEN\ATTEND\EARLY_CHILDHOOD_EDUCATION,"Did your child attend the following before <first grade>? Early childhood educational program or center for children under age 3
",ASBH04AA,,HQ-04Aa,,Home,GEN\ATTEND\EARLY CHILDHOOD EDUCATION (2023),✓,,,1: Yes; 2: No,9: Omitted or invalid; Sysmis: Not administered,1: Yes; 2: No; 9: Omitted or invalid; Sysmis: Not administered,Background Questionnaire Variables,Nominal,GEN\ATTEND\EARLY CHILDHOOD EDUCATION,Background Questionnaire Variables
GEN\ATTEND\PRE_PRIMARY_EDUCATION,"Did your child attend the following before <first grade>? Pre-primary educational program for children age 3 or older, including <Kindergarten>",ASBH04AB,,HQ-04Ab,,Home,GEN\ATTEND\PRE PRIMARY EDUCATION (2023),✓,,,1: Yes; 2: No,9: Omitted or invalid; Sysmis: Not administered,1: Yes; 2: No; 9: Omitted or invalid; Sysmis: Not administered,Background Questionnaire Variables,Nominal,GEN\ATTEND\PRE PRIMARY EDUCATION,Background Questionnaire Variables
GEN\BEING_A_TEACHER\APPRECIATED,How often do you have these feelings about being a teacher? I feel appreciated as a teacher,ATBG08F,ATBLG07F,TQG-08f,TQG-07f,Teacher,GEN\BEING A TEACHER\APPRECIATED (2023),✓,✓,✓,1: Very often; 2: Often; 3: Sometimes; 4: Never or almost never,9: Omitted or invalid; Sysmis: Not administered,1: Very often; 2: Often; 3: Sometimes; 4: Never or almost never; 9: Omitted or invalid; Sysmis: Not administered,Background Questionnaire Variables,Ordinal,,
GEN\BEING_A_TEACHER\CONTENT,How often do you have these feelings about being a teacher? I am content with my profession as a teacher,ATBG08A,ATBLG07A,TQG-08a,TQG-07a,Teacher,GEN\BEING A TEACHER\CONTENT (2023),✓,✓,✓,1: Very often; 2: Often; 3: Sometimes; 4: Never or almost never,9: Omitted or invalid; Sysmis: Not administered,1: Very often; 2: Often; 3: Sometimes; 4: Never or almost never; 9: Omitted or invalid; Sysmis: Not administered,Background Questionnaire Variables,Ordinal,,
GEN\BEING_A_TEACHER\ENJOY_CHALLENGES,How often do you have these feelings about being a teacher? I enjoy the challenges of teaching,ATBG08G,ATBLG07G,TQG-08g,TQG-07g,Teacher,GEN\BEING A TEACHER\ENJOY CHALLENGES (2023),✓,✓,✓,1: Very often; 2: Often; 3: Sometimes; 4: Never or almost never,9: Omitted or invalid; Sysmis: Not administered,1: Very often; 2: Often; 3: Sometimes; 4: Never or almost never; 9: Omitted or invalid; Sysmis: Not administered,Background Questionnaire Variables,Ordinal,,
GEN\BEING_A_TEACHER\ENTHUSIASTIC,How often do you have these feelings about being a teacher? I am enthusiastic about my job,ATBG08C,ATBLG07C,TQG-08c,TQG-07c,Teacher,GEN\BEING A TEACHER\ENTHUSIASTIC (2023),✓,✓,✓,1: Very often; 2: Often; 3: Sometimes; 4: Never or almost never,9: Omitted or invalid; Sysmis: Not administered,1: Very often; 2: Often; 3: Sometimes; 4: Never or almost never; 9: Omitted or invalid; Sysmis: Not administered,Background Questionnaire Variables,Ordinal,,
GEN\BEING_A_TEACHER\MEANING_AND_PURPOSE,How often do you have these feelings about being a teacher? I find my work full of meaning and purpose,ATBG08B,ATBLG07B,TQG-08b,TQG-07b,Teacher,GEN\BEING A TEACHER\MEANING AND PURPOSE (2023),✓,✓,✓,1: Very often; 2: Often; 3: Sometimes; 4: Never or almost never,9: Omitted or invalid; Sysmis: Not administered,1: Very often; 2: Often; 3: Sometimes; 4: Never or almost never; 9: Omitted or invalid; Sysmis: Not administered,Background Questionnaire Variables,Ordinal,,
GEN\BEING_A_TEACHER\PROUD,How often do you have these feelings about being a teacher? I am proud of the work I do,ATBG08E,ATBLG07E,TQG-08e,TQG-07e,Teacher,GEN\BEING A TEACHER\PROUD (2023),✓,✓,✓,1: Very often; 2: Often; 3: Sometimes; 4: Never or almost never,9: Omitted or invalid; Sysmis: Not administered,1: Very often; 2: Often; 3: Sometimes; 4: Never or almost never; 9: Omitted or invalid; Sysmis: Not administered,Background Questionnaire Variables,Ordinal,,
GEN\BEING_A_TEACHER\WORK_INSPIRES,How often do you have these feelings about being a teacher? My work inspires me,ATBG08D,ATBLG07D,TQG-08d,TQG-07d,Teacher,GEN\BEING A TEACHER\WORK INSPIRES (2023),✓,✓,✓,1: Very often; 2: Often; 3: Sometimes; 4: Never or almost never,9: Omitted or invalid; Sysmis: Not administered,1: Very often; 2: Often; 3: Sometimes; 4: Never or almost never; 9: Omitted or invalid; Sysmis: Not administered,Background Questionnaire Variables,Ordinal,,
GEN\CHARACTERIZE\ABILITY_TO_REACH,How would you characterize each of the following within your school? Students' ability to reach school's academic goals,ATBG06J,ATBLG06J,TQG-06j,TQG-06j,Teacher,GEN\CHARACTERIZE\ABILITY TO REACH (2023),✓,✓,✓,1: Very high; 2: High; 3: Medium; 4: Low; 5: Very low,9: Omitted or invalid; Sysmis: Not administered,1: Very high; 2: High; 3: Medium; 4: Low; 5: Very low; 9: Omitted or invalid; Sysmis: Not administered,Background Questionnaire Variables,Ordinal,,
GEN\CHARACTERIZE\PARENTAL_COMMITMENT,How would you characterize each of the following within your school? Parental commitment to ensure that students are ready to learn,ATBG06F,ATBLG06F,TQG-06f,TQG-06f,Teacher,GEN\CHARACTERIZE\PARENTAL COMMITMENT (2023),✓,✓,✓,1: Very high; 2: High; 3: Medium; 4: Low; 5: Very low,9: Omitted or invalid; Sysmis: Not administered,1: Very high; 2: High; 3: Medium; 4: Low; 5: Very low; 9: Omitted or invalid; Sysmis: Not administered,Background Questionnaire Variables,Ordinal,,
GEN\CHARACTERIZE\PARENTAL_EXPECTATIONS,How would you characterize each of the following within your school? Parental expectations for student achievement,ATBG06G,ATBLG06G,TQG-06g,TQG-06g,Teacher,GEN\CHARACTERIZE\PARENTAL EXPECTATIONS (2023),✓,✓,✓,1: Very high; 2: High; 3: Medium; 4: Low; 5: Very low,9: Omitted or invalid; Sysmis: Not administered,1: Very high; 2: High; 3: Medium; 4: Low; 5: Very low; 9: Omitted or invalid; Sysmis: Not administered,Background Questionnaire Variables,Ordinal,,
GEN\CHARACTERIZE\PARENTAL_INVOLVEMENT,How would you characterize each of the following within your school? Parental involvement in school activities,ATBG06E,ATBLG06E,TQG-06e,TQG-06e,Teacher,GEN\CHARACTERIZE\PARENTAL INVOLVEMENT (2023),✓,✓,✓,1: Very high; 2: High; 3: Medium; 4: Low; 5: Very low,9: Omitted or invalid; Sysmis: Not administered,1: Very high; 2: High; 3: Medium; 4: Low; 5: Very low; 9: Omitted or invalid; Sysmis: Not administered,Background Questionnaire Variables,Ordinal,,
GEN\CHARACTERIZE\PARENTAL_SUPPORT,How would you characterize each of the following within your school? Parental support for student achievement,ATBG06H,ATBLG06H,TQG-06h,TQG-06h,Teacher,GEN\CHARACTERIZE\PARENTAL SUPPORT (2023),✓,✓,✓,1: Very high; 2: High; 3: Medium; 4: Low; 5: Very low,9: Omitted or invalid; Sysmis: Not administered,1: Very high; 2: High; 3: Medium; 4: Low; 5: Very low; 9: Omitted or invalid; Sysmis: Not administered,Background Questionnaire Variables,Ordinal,,
GEN\CHARACTERIZE\RESPECT_FOR_CLASSMATES,How would you characterize each of the following within your school? Students' respect for classmates who excel academically,ATBG06K,ATBLG06K,TQG-06k,TQG-06k,Teacher,GEN\CHARACTERIZE\RESPECT FOR CLASSMATES (2023),✓,✓,✓,1: Very high; 2: High; 3: Medium; 4: Low; 5: Very low,9: Omitted or invalid; Sysmis: Not administered,1: Very high; 2: High; 3: Medium; 4: Low; 5: Very low; 9: Omitted or invalid; Sysmis: Not administered,Background Questionnaire Variables,Ordinal,,
GEN\CHARACTERIZE\STUDENTS_DESIRE,How would you characterize each of the following within your school? Students' desire to do well in school,ATBG06I,ATBLG06I,TQG-06i,TQG-06i,Teacher,GEN\CHARACTERIZE\STUDENTS DESIRE (2023),✓,✓,✓,1: Very high; 2: High; 3: Medium; 4: Low; 5: Very low,9: Omitted or invalid; Sysmis: Not administered,1: Very high; 2: High; 3: Medium; 4: Low; 5: Very low; 9: Omitted or invalid; Sysmis: Not administered,Background Questionnaire Variables,Ordinal,,
GEN\CHARACTERIZE\TCHS_ABILITY_TO_INSPIRE,How would you characterize each of the following within your school? Teachers' ability to inspire students,ATBG06D,ATBLG06D,TQG-06d,TQG-06d,Teacher,GEN\CHARACTERIZE\TCHS ABILITY TO INSPIRE (2023),✓,✓,✓,1: Very high; 2: High; 3: Medium; 4: Low; 5: Very low,9: Omitted or invalid; Sysmis: Not administered,1: Very high; 2: High; 3: Medium; 4: Low; 5: Very low; 9: Omitted or invalid; Sysmis: Not administered,Background Questionnaire Variables,Ordinal,,
GEN\CHARACTERIZE\TCHS_DEGREE_OF_SUCCESS,How would you characterize each of the following within your school? Teachers' degree of success in implementing the school's curriculum,ATBG06B,ATBLG06B,TQG-06b,TQG-06b,Teacher,GEN\CHARACTERIZE\TCHS DEGREE OF SUCCESS (2023),✓,✓,✓,1: Very high; 2: High; 3: Medium; 4: Low; 5: Very low,9: Omitted or invalid; Sysmis: Not administered,1: Very high; 2: High; 3: Medium; 4: Low; 5: Very low; 9: Omitted or invalid; Sysmis: Not administered,Background Questionnaire Variables,Ordinal,,
GEN\CHARACTERIZE\TCHS_EXPECTATIONS,How would you characterize each of the following within your school? Teachers' expectations for student achievement,ATBG06C,ATBLG06C,TQG-06c,TQG-06c,Teacher,GEN\CHARACTERIZE\TCHS EXPECTATIONS (2023),✓,✓,✓,1: Very high; 2: High; 3: Medium; 4: Low; 5: Very low,9: Omitted or invalid; Sysmis: Not administered,1: Very high; 2: High; 3: Medium; 4: Low; 5: Very low; 9: Omitted or invalid; Sysmis: Not administered,Background Questionnaire Variables,Ordinal,,
GEN\CHARACTERIZE\TCHS_UNDERSTANDING,How would you characterize each of the following within your school? Teachers' understanding of the school's curricular goals,ATBG06A,ATBLG06A,TQG-06a,TQG-06a,Teacher,GEN\CHARACTERIZE\TCHS UNDERSTANDING (2023),✓,✓,✓,1: Very high; 2: High; 3: Medium; 4: Low; 5: Very low,9: Omitted or invalid; Sysmis: Not administered,1: Very high; 2: High; 3: Medium; 4: Low; 5: Very low; 9: Omitted or invalid; Sysmis: Not administered,Background Questionnaire Variables,Ordinal,,
GEN\CHILD_BORN_IN_<COUNTRY>,"Was your child born in <country>?
",ASBH02A,,HQ-02A,,Home,GEN\CHILD BORN IN <COUNTRY> (2023),✓,,,1: Yes; 2: No,9: Omitted or invalid; Sysmis: Not administered,1: Yes; 2: No; 9: Omitted or invalid; Sysmis: Not administered,Filter,Nominal,,
GEN\COVID\<2019-2020>_SCHOOL_YEAR_NUMBER_OF_MONTHS_CLOSED,For how long was your school fully closed for in-person instruction because of the COVID-19 pandemic? <2019 - 2020> school year,ACBG21A,,ScQ-21a,,School,GEN\COVID\<2019-2020> SCHOOL YEAR NUMBER OF MONTHS CLOSED (2023),✓,,,1: The school did not fully close; 2: Less than 1 month; 3: 1 to 3 months; 4: 4 to 6 months; 5: More than 6 months,9: Omitted or invalid; Sysmis: Not administered,1: The school did not fully close; 2: Less than 1 month; 3: 1 to 3 months; 4: 4 to 6 months; 5: More than 6 months; 9: Omitted or invalid; Sysmis: Not administered,Background Questionnaire Variables,Ordinal,,
GEN\COVID\<2020-2021>_SCHOOL_YEAR_NUMBER_OF_MONTHS_CLOSED,For how long was your school fully closed for in-person instruction because of the COVID-19 pandemic? <2020 - 2021> school year,ACBG21B,,ScQ-21b,,School,GEN\COVID\<2020-2021> SCHOOL YEAR NUMBER OF MONTHS CLOSED (2023),✓,,,1: The school did not fully close; 2: Less than 1 month; 3: 1 to 3 months; 4: 4 to 6 months; 5: More than 6 months,9: Omitted or invalid; Sysmis: Not administered,1: The school did not fully close; 2: Less than 1 month; 3: 1 to 3 months; 4: 4 to 6 months; 5: More than 6 months; 9: Omitted or invalid; Sysmis: Not administered,Background Questionnaire Variables,Ordinal,,
GEN\COVID\<2021-2022>_SCHOOL_YEAR_NUMBER_OF_MONTHS_CLOSED,For how long was your school fully closed for in-person instruction because of the COVID-19 pandemic? <2021 - 2022> school year,ACBG21C,,ScQ-21c,,School,GEN\COVID\<2021-2022> SCHOOL YEAR NUMBER OF MONTHS CLOSED (2023),✓,,,1: The school did not fully close; 2: Less than 1 month; 3: 1 to 3 months; 4: 4 to 6 months; 5: More than 6 months,9: Omitted or invalid; Sysmis: Not administered,1: The school did not fully close; 2: Less than 1 month; 3: 1 to 3 months; 4: 4 to 6 months; 5: More than 6 months; 9: Omitted or invalid; Sysmis: Not administered,Background Questionnaire Variables,Ordinal,,
GEN\COVID\<2022-2023>_SCHOOL_YEAR_NUMBER_OF_MONTHS_CLOSED,For how long was your school fully closed for in-person instruction because of the COVID-19 pandemic? <2022 - 2023> school year,ACBG21D,,ScQ-21d,,School,GEN\COVID\<2022-2023> SCHOOL YEAR NUMBER OF MONTHS CLOSED (2023),✓,,,1: The school did not fully close; 2: Less than 1 month; 3: 1 to 3 months; 4: 4 to 6 months; 5: More than 6 months,9: Omitted or invalid; Sysmis: Not administered,1: The school did not fully close; 2: Less than 1 month; 3: 1 to 3 months; 4: 4 to 6 months; 5: More than 6 months; 9: Omitted or invalid; Sysmis: Not administered,Background Questionnaire Variables,Ordinal,,
GEN\COVID\DIGITAL_DEVICE,"Did your child receive a digital device (e.g., laptop, tablet) from his/her school to use for at-home learning during the COVID-19 pandemic?",ASBH20,,HQ-20,,Home,GEN\COVID\DIGITAL DEVICE (2023),✓,,,1: Yes; 2: No,9: Omitted or invalid; Sysmis: Not administered,1: Yes; 2: No; 9: Omitted or invalid; Sysmis: Not administered,Background Questionnaire Variables,Nominal,,
GEN\COVID\NEGATIVE_IMPACTS_ON_LEARNING,Do you think your child's learning progress has been negatively impacted by the COVID-19 pandemic?,ASBH19,,HQ-19,,Home,GEN\COVID\NEGATIVE IMPACTS ON LEARNING (2023),✓,,,1: A lot; 2: Somewhat; 3: Not at all,9: Omitted or invalid; Sysmis: Not administered,1: A lot; 2: Somewhat; 3: Not at all; 9: Omitted or invalid; Sysmis: Not administered,Background Questionnaire Variables,Ordinal,,
GEN\DEGREE_PROBS\ABSENTEEISM,"To what degree is each of the following a problem among <fourth grade> students in your school? Absenteeism (i.e., unjustified absences)",ACBG14B,,ScQ-14b,,School,GEN\DEGREE PROBS\ABSENTEEISM (2023),✓,,,1: Not a problem; 2: Minor problem; 3: Moderate problem; 4: Serious problem,9: Omitted or invalid; Sysmis: Not administered,1: Not a problem; 2: Minor problem; 3: Moderate problem; 4: Serious problem; 9: Omitted or invalid; Sysmis: Not administered,Background Questionnaire Variables,Ordinal,,
GEN\DEGREE_PROBS\ARRIVING_LATE_AT_SCHOOL,To what degree is each of the following a problem among <fourth grade> students in your school? Arriving late at school,ACBG14A,,ScQ-14a,,School,GEN\DEGREE PROBS\ARRIVING LATE AT SCHOOL (2023),✓,,,1: Not a problem; 2: Minor problem; 3: Moderate problem; 4: Serious problem,9: Omitted or invalid; Sysmis: Not administered,1: Not a problem; 2: Minor problem; 3: Moderate problem; 4: Serious problem; 9: Omitted or invalid; Sysmis: Not administered,Background Questionnaire Variables,Ordinal,,
GEN\DEGREE_PROBS\CHEATING,To what degree is each of the following a problem among <fourth grade> students in your school? Cheating,ACBG14D,,ScQ-14d,,School,GEN\DEGREE PROBS\CHEATING (2023),✓,,,1: Not a problem; 2: Minor problem; 3: Moderate problem; 4: Serious problem,9: Omitted or invalid; Sysmis: Not administered,1: Not a problem; 2: Minor problem; 3: Moderate problem; 4: Serious problem; 9: Omitted or invalid; Sysmis: Not administered,Background Questionnaire Variables,Ordinal,,
GEN\DEGREE_PROBS\CLASSROOM_DISTURBANCE,To what degree is each of the following a problem among <fourth grade> students in your school? Classroom disturbance,ACBG14C,,ScQ-14c,,School,GEN\DEGREE PROBS\CLASSROOM DISTURBANCE (2023),✓,,,1: Not a problem; 2: Minor problem; 3: Moderate problem; 4: Serious problem,9: Omitted or invalid; Sysmis: Not administered,1: Not a problem; 2: Minor problem; 3: Moderate problem; 4: Serious problem; 9: Omitted or invalid; Sysmis: Not administered,Background Questionnaire Variables,Ordinal,,
GEN\DEGREE_PROBS\INTIMIDATION_AMONG_STUD,"To what degree is each of the following a problem among <fourth grade> students in your school? Intimidation or verbal abuse among students (including texting, emailing, etc.)",ACBG14H,,ScQ-14h,,School,GEN\DEGREE PROBS\INTIMIDATION AMONG STUD (2023),✓,,,1: Not a problem; 2: Minor problem; 3: Moderate problem; 4: Serious problem,9: Omitted or invalid; Sysmis: Not administered,1: Not a problem; 2: Minor problem; 3: Moderate problem; 4: Serious problem; 9: Omitted or invalid; Sysmis: Not administered,Background Questionnaire Variables,Ordinal,,
GEN\DEGREE_PROBS\INTIMIDATION_OF_TEACHER,"To what degree is each of the following a problem among <fourth grade> students in your school? Intimidation or verbal abuse of teachers or staff (including texting, emailing, etc.)",ACBG14J,,ScQ-14j,,School,GEN\DEGREE PROBS\INTIMIDATION OF TEACHER (2023),✓,,,1: Not a problem; 2: Minor problem; 3: Moderate problem; 4: Serious problem,9: Omitted or invalid; Sysmis: Not administered,1: Not a problem; 2: Minor problem; 3: Moderate problem; 4: Serious problem; 9: Omitted or invalid; Sysmis: Not administered,Background Questionnaire Variables,Ordinal,,
GEN\DEGREE_PROBS\PHYSICAL_FIGHT,To what degree is each of the following a problem among <fourth grade> students in your school? Physical fights among students,ACBG14I,,ScQ-14i,,School,GEN\DEGREE PROBS\PHYSICAL FIGHT (2023),✓,,,1: Not a problem; 2: Minor problem; 3: Moderate problem; 4: Serious problem,9: Omitted or invalid; Sysmis: Not administered,1: Not a problem; 2: Minor problem; 3: Moderate problem; 4: Serious problem; 9: Omitted or invalid; Sysmis: Not administered,Background Questionnaire Variables,Ordinal,,
GEN\DEGREE_PROBS\PROFANITY,To what degree is each of the following a problem among <fourth grade> students in your school? Profanity,ACBG14E,,ScQ-14e,,School,GEN\DEGREE PROBS\PROFANITY (2023),✓,,,1: Not a problem; 2: Minor problem; 3: Moderate problem; 4: Serious problem,9: Omitted or invalid; Sysmis: Not administered,1: Not a problem; 2: Minor problem; 3: Moderate problem; 4: Serious problem; 9: Omitted or invalid; Sysmis: Not administered,Background Questionnaire Variables,Ordinal,,
GEN\DEGREE_PROBS\THEFT,To what degree is each of the following a problem among <fourth grade> students in your school? Theft,ACBG14G,,ScQ-14g,,School,GEN\DEGREE PROBS\THEFT (2023),✓,,,1: Not a problem; 2: Minor problem; 3: Moderate problem; 4: Serious problem,9: Omitted or invalid; Sysmis: Not administered,1: Not a problem; 2: Minor problem; 3: Moderate problem; 4: Serious problem; 9: Omitted or invalid; Sysmis: Not administered,Background Questionnaire Variables,Ordinal,,
GEN\DEGREE_PROBS\VANDALISM,To what degree is each of the following a problem among <fourth grade> students in your school? Vandalism,ACBG14F,,ScQ-14f,,School,GEN\DEGREE PROBS\VANDALISM (2023),✓,,,1: Not a problem; 2: Minor problem; 3: Moderate problem; 4: Serious problem,9: Omitted or invalid; Sysmis: Not administered,1: Not a problem; 2: Minor problem; 3: Moderate problem; 4: Serious problem; 9: Omitted or invalid; Sysmis: Not administered,Background Questionnaire Variables,Ordinal,,
GEN\DEGREE_PROBS_TEACH\ABSENTEEISM,To what degree is each of the following a problem among teachers in your school? Absenteeism,ACBG15B,,ScQ-15b,,School,GEN\DEGREE PROBS TEACH\ABSENTEEISM (2023),✓,,,1: Not a problem; 2: Minor problem; 3: Moderate problem; 4: Serious problem,9: Omitted or invalid; Sysmis: Not administered,1: Not a problem; 2: Minor problem; 3: Moderate problem; 4: Serious problem; 9: Omitted or invalid; Sysmis: Not administered,Background Questionnaire Variables,Ordinal,,
GEN\DEGREE_PROBS_TEACH\ARRIVING_LATE_AT_SCHOOL,To what degree is each of the following a problem among teachers in your school? Arriving late or leaving early,ACBG15A,,ScQ-15a,,School,GEN\DEGREE PROBS TEACH\ARRIVING LATE AT SCHOOL (2023),✓,,,1: Not a problem; 2: Minor problem; 3: Moderate problem; 4: Serious problem,9: Omitted or invalid; Sysmis: Not administered,1: Not a problem; 2: Minor problem; 3: Moderate problem; 4: Serious problem; 9: Omitted or invalid; Sysmis: Not administered,Background Questionnaire Variables,Ordinal,,
GEN\DIGITAL_RESOURCES\COMPUTER_OR_LAPTOP,Do you have any of these digital resources in your home? A computer or laptop,ASBH12A,ASBLH10A,,HQ-12a,Home,GEN\DIGITAL RESOURCES\COMPUTER OR LAPTOP (2023),✓,✓,✓,1: Yes; 2: No,9: Omitted or invalid; Sysmis: Not administered,1: Yes; 2: No; 9: Omitted or invalid; Sysmis: Not administered,Background Questionnaire Variables,Nominal,GEN\DIGITAL RESOURCES\COMPUTER OR LAPTOP,Background Questionnaire Variables
GEN\DIGITAL_RESOURCES\INTERNET_ACCESS,Do you have any of these digital resources in your home? Reliable internet access,ASBH12C,ASBLH10C,HQ-12c,HQ-10c,Home,GEN\DIGITAL RESOURCES\INTERNET ACCESS (2023),✓,✓,✓,1: Yes; 2: No,9: Omitted or invalid; Sysmis: Not administered,1: Yes; 2: No; 9: Omitted or invalid; Sysmis: Not administered,Background Questionnaire Variables,Nominal,GEN\DIGITAL RESOURCES\INTERNET ACCESS,Background Questionnaire Variables
GEN\DIGITAL_RESOURCES\TABLET_OR_EREADER,Do you have any of these digital resources in your home? A tablet or e-reader,ASBH12B,ASBLH10B,HQ-12b,HQ-10b,Home,GEN\DIGITAL RESOURCES\TABLET OR EREADER (2023),✓,✓,✓,1: Yes; 2: No,9: Omitted or invalid; Sysmis: Not administered,1: Yes; 2: No; 9: Omitted or invalid; Sysmis: Not administered,Background Questionnaire Variables,Nominal,GEN\DIGITAL RESOURCES\TABLET OR EREADER,Background Questionnaire Variables
GEN\EXISTING_SCIENCE_LABORATORY,Does your school have a science laboratory that can be used by <fifth grade> students?,ACBG08,ACBLG07,ScQ-08,ScQ-07,School,GEN\EXISTING SCIENCE LABORATORY (2023),✓,✓,✓,1: Yes; 2: No,9: Omitted or invalid; Sysmis: Not administered,1: Yes; 2: No; 9: Omitted or invalid; Sysmis: Not administered,Background Questionnaire Variables,Nominal,GEN\EXISTING SCIENCE LABORATORY,Background Questionnaire Variables
GEN\HELP_ENVIRONMENT\LEARN_ABOUT_ENVIRONMENT,"How often do you do these things to help the natural environment? I try to learn about environmental problems (e.g., <climate change, endangered animals>)",ASBG12D,ASBLG10D,SQG-12d,SQG-10d,Student,GEN\HELP ENVIRONMENT\LEARN ABOUT ENVIRONMENT (2023),✓,✓,✓,1: Every day; 2: Almost every day; 3: Sometimes; 4: Never,9: Omitted or invalid; Sysmis: Not administered,1: Every day; 2: Almost every day; 3: Sometimes; 4: Never; 9: Omitted or invalid; Sysmis: Not administered,Background Questionnaire Variables,Ordinal,,
GEN\HELP_ENVIRONMENT\PARTICIPATE_IN_ACTIVITIES,How often do you do these things to help the natural environment? I try to participate in group activities to help the environment,ASBG12E,ASBLG10E,SQG-12e,SQG-10e,Student,GEN\HELP ENVIRONMENT\PARTICIPATE IN ACTIVITIES (2023),✓,✓,✓,1: Every day; 2: Almost every day; 3: Sometimes; 4: Never,9: Omitted or invalid; Sysmis: Not administered,1: Every day; 2: Almost every day; 3: Sometimes; 4: Never; 9: Omitted or invalid; Sysmis: Not administered,Background Questionnaire Variables,Ordinal,,
GEN\HELP_ENVIRONMENT\REUSE_THINGS,"How often do you do these things to help the natural environment? I try to reuse things (e.g., <bags, bottles>)",ASBG12A,ASBLG10A,SQG-12a,SQG-10a,Student,GEN\HELP ENVIRONMENT\REUSE THINGS (2023),✓,✓,✓,1: Every day; 2: Almost every day; 3: Sometimes; 4: Never,9: Omitted or invalid; Sysmis: Not administered,1: Every day; 2: Almost every day; 3: Sometimes; 4: Never; 9: Omitted or invalid; Sysmis: Not administered,Background Questionnaire Variables,Ordinal,,
GEN\HELP_ENVIRONMENT\SAVE_RESOURCES,"How often do you do these things to help the natural environment? I try to use less resources (e.g., <water, food>)",ASBG12B,ASBLG10B,SQG-12b,SQG-10b,Student,GEN\HELP ENVIRONMENT\SAVE RESOURCES (2023),✓,✓,✓,1: Every day; 2: Almost every day; 3: Sometimes; 4: Never,9: Omitted or invalid; Sysmis: Not administered,1: Every day; 2: Almost every day; 3: Sometimes; 4: Never; 9: Omitted or invalid; Sysmis: Not administered,Background Questionnaire Variables,Ordinal,,
GEN\HELP_ENVIRONMENT\TALK_ABOUT_ENVIRONMENT,"How often do you do these things to help the natural environment? I talk about how to help the environment (e.g., <saving water, picking up trash>)",ASBG12C,ASBLG10C,SQG-12c,SQG-10c,Student,GEN\HELP ENVIRONMENT\TALK ABOUT ENVIRONMENT (2023),✓,✓,✓,1: Every day; 2: Almost every day; 3: Sometimes; 4: Never,9: Omitted or invalid; Sysmis: Not administered,1: Every day; 2: Almost every day; 3: Sometimes; 4: Never; 9: Omitted or invalid; Sysmis: Not administered,Background Questionnaire Variables,Ordinal,,
GEN\HELP_ENVIRONMENT\TELL_FRIENDS,How often do you do these things to help the natural environment? I tell my friends when they are doing things that harm the environment,ASBG12F,ASBLG10F,SQG-12f,SQG-10f,Student,GEN\HELP ENVIRONMENT\TELL FRIENDS (2023),✓,✓,✓,1: Every day; 2: Almost every day; 3: Sometimes; 4: Never,9: Omitted or invalid; Sysmis: Not administered,1: Every day; 2: Almost every day; 3: Sometimes; 4: Never; 9: Omitted or invalid; Sysmis: Not administered,Background Questionnaire Variables,Ordinal,,
GEN\HIGH_SPEED_INTERNET,Do students in your school have access to these resources? High speed internet,ACBG10B,,ScQ-10B,,School,GEN\HIGH SPEED INTERNET (2023),✓,,,1: Yes; 2: No,9: Omitted or invalid; Sysmis: Not administered,1: Yes; 2: No; 9: Omitted or invalid; Sysmis: Not administered,Background Questionnaire Variables,Nominal,GEN\HIGH SPEED INTERNET,Background Questionnaire Variables
GEN\HIGHEST_LEVEL_OF_FORMAL_EDUCATION,What is the highest level of formal education you have completed?,ACBG19,ACBLG18,ScQ-19,ScQ-18,School,GEN\HIGHEST LEVEL OF FORMAL EDUCATION (2023),✓,✓,✓,1: Did not complete <Bachelor’s or equivalent level—ISCED Level 6>; 2: <Bachelor’s or equivalent level—ISCED Level 6>; 3: <Master’s or equivalent level—ISCED Level 7>; 4: <Doctor or equivalent level—ISCED Level 8>,9: Omitted or invalid; Sysmis: Not administered,1: Did not complete <Bachelor’s or equivalent level—ISCED Level 6>; 2: <Bachelor’s or equivalent level—ISCED Level 6>; 3: <Master’s or equivalent level—ISCED Level 7>; 4: <Doctor or equivalent level—ISCED Level 8>; 9: Omitted or invalid; Sysmis: Not administered,Background Questionnaire Variables,Ordinal,,
GEN\HOME\BORN_IN_COUNTRY\<PARENT/GUARDIAN_A>,Were the child’s <parents/guardians> born in <country>? <Parent/Guardian A>,ASBH13A,,HQ-13A,,Home,GEN\HOME\BORN IN COUNTRY\<PARENT/GUARDIAN A> (2023),✓,,,1: Yes; 2: No; 3: Not applicable,9: Omitted or invalid; Sysmis: Not administered,1: Yes; 2: No; 3: Not applicable; 9: Omitted or invalid; Sysmis: Not administered,Background Questionnaire Variables,Nominal,,
GEN\HOME\BORN_IN_COUNTRY\<PARENT/GUARDIAN_B>,Were the child’s <parents/guardians> born in <country>? <Parent/Guardian B>,ASBH13B,,HQ-13B,,Home,GEN\HOME\BORN IN COUNTRY\<PARENT/GUARDIAN B> (2023),✓,,,1: Yes; 2: No; 3: Not applicable,9: Omitted or invalid; Sysmis: Not administered,1: Yes; 2: No; 3: Not applicable; 9: Omitted or invalid; Sysmis: Not administered,Background Questionnaire Variables,Nominal,,
GEN\HOME_POSSESS\<COUNTRY_SPECIFIC>,Do you have any of these things at your home? <country-specific indicator of wealth>,ASBG05I,,SQG-05i,,Student,GEN\HOME POSSESS\<COUNTRY SPECIFIC> (2023),✓,,,1: Yes; 2: No,9: Omitted or invalid; Sysmis: Not administered,1: Yes; 2: No; 9: Omitted or invalid; Sysmis: Not administered,Background Questionnaire Variables,Nominal,GEN\HOME POSSESS\<COUNTRY SPECIFIC>,Background Questionnaire Variables
GEN\HOME_POSSESS\INTERNET_ACCESS,Do you have any of these things at your home? Access to the internet,ASBG05D,ASBLG05D,SQG-05d,SQG-05d,Student,GEN\HOME POSSESS\INTERNET ACCESS (2023),✓,✓,✓,1: Yes; 2: No,9: Omitted or invalid; Sysmis: Not administered,1: Yes; 2: No; 9: Omitted or invalid; Sysmis: Not administered,Background Questionnaire Variables,Nominal,GEN\HOME POSSESS\INTERNET ACCESS,Background Questionnaire Variables
GEN\HOME_POSSESS\OWN_COMPUTER,Do you have any of these things at your home? Your own computer or tablet,ASBG05A,ASBLG05A,SQG-05a,SQG-05a,Student,GEN\HOME POSSESS\OWN COMPUTER (2023),✓,✓,✓,1: Yes; 2: No,9: Omitted or invalid; Sysmis: Not administered,1: Yes; 2: No; 9: Omitted or invalid; Sysmis: Not administered,Background Questionnaire Variables,Nominal,GEN\HOME POSSESS\OWN COMPUTER,Background Questionnaire Variables
GEN\HOME_POSSESS\OWN_ROOM,Do you have any of these things at your home? Your own room,ASBG05F,ASBLG05F,SQG-05f,SQG-05f,Student,GEN\HOME POSSESS\OWN ROOM (2023),✓,✓,✓,1: Yes; 2: No,9: Omitted or invalid; Sysmis: Not administered,1: Yes; 2: No; 9: Omitted or invalid; Sysmis: Not administered,Background Questionnaire Variables,Nominal,GEN\HOME POSSESS\OWN ROOM,Background Questionnaire Variables
GEN\HOME_POSSESS\SHARED_COMPUTER,Do you have any of these things at your home? A shared computer or tablet you can use,ASBG05B,ASBLG05B,SQG-05b,SQG-05b,Student,GEN\HOME POSSESS\SHARED COMPUTER (2023),✓,✓,✓,1: Yes; 2: No,9: Omitted or invalid; Sysmis: Not administered,1: Yes; 2: No; 9: Omitted or invalid; Sysmis: Not administered,Background Questionnaire Variables,Nominal,GEN\HOME POSSESS\SHARED COMPUTER,Background Questionnaire Variables
GEN\HOME_POSSESS\SMARTPHONE,Do you have any of these things at your home? A smartphone,ASBG05C,ASBLG05C,SQG-05c,SQG-05c,Student,GEN\HOME POSSESS\SMARTPHONE (2023),✓,✓,✓,1: Yes; 2: No,9: Omitted or invalid; Sysmis: Not administered,1: Yes; 2: No; 9: Omitted or invalid; Sysmis: Not administered,Background Questionnaire Variables,Nominal,GEN\HOME POSSESS\SMARTPHONE,Background Questionnaire Variables
GEN\HOME_POSSESS\STUDY_DESK,Do you have any of these things at your home? Study desk/table for your use,ASBG05E,ASBLG05E,SQG-05e,SQG-05e,Student,GEN\HOME POSSESS\STUDY DESK (2023),✓,✓,✓,1: Yes; 2: No,9: Omitted or invalid; Sysmis: Not administered,1: Yes; 2: No; 9: Omitted or invalid; Sysmis: Not administered,Background Questionnaire Variables,Nominal,GEN\HOME POSSESS\STUDY DESK,Background Questionnaire Variables
GEN\HOMEWORK\CHECK_COMPLETED,How often have you or someone else in your home done the following when your child is assigned homework? Made sure the homework was completed,,ASBLH06A,,,Home,GEN\HOMEWORK\CHECK COMPLETED (2024),,✓,,1: Often; 2: Sometimes; 3: Never or almost never,9: Omitted or invalid; Sysmis: Not administered,1: Often; 2: Sometimes; 3: Never or almost never; 9: Omitted or invalid; Sysmis: Not administered,Background Questionnaire Variables,Nominal,GEN\HOMEWORK\CHECK COMPLETED,Background Questionnaire Variables
GEN\HOMEWORK\HELPED,How often have you or someone else in your home done the following when your child is assigned homework? Helped your child with his/her homework when needed,,ASBLH06B,,,Home,GEN\HOMEWORK\HELPED (2024),,✓,,1: Often; 2: Sometimes; 3: Never or almost never,9: Omitted or invalid; Sysmis: Not administered,1: Often; 2: Sometimes; 3: Never or almost never; 9: Omitted or invalid; Sysmis: Not administered,Background Questionnaire Variables,Nominal,GEN\HOMEWORK\HELPED,Background Questionnaire Variables
GEN\HOW_LONG_ATTENDED_PROGRAMS,"Approximately, how long was your child in these programs altogether?
",ASBH04B,,HQ-04B,,Home,GEN\HOW LONG ATTENDED PROGRAMS (2023),✓,,,1: Did not attend; 2: Less than 1 year; 3: 1 year; 4: 2 years; 5: 3 years; 6: 4 years or more,9: Omitted or invalid; Sysmis: Not administered,1: Did not attend; 2: Less than 1 year; 3: 1 year; 4: 2 years; 5: 3 years; 6: 4 years or more; 9: Omitted or invalid; Sysmis: Not administered,Background Questionnaire Variables,Ordinal,GEN\HOW LONG ATTENDED PROGRAMS,Background Questionnaire Variables
GEN\HOW_MANY_PEOPLE_LIVE_IN_AREA,"How many people live in the city, town, or area where your school is located?",ACBG05A,,ScQ-05A,,School,GEN\HOW MANY PEOPLE LIVE IN AREA (2023),✓,,,"1: More than 500,000 people; 2: 100,001 to 500,000 people; 3: 50,001 to 100,000 people; 4: 30,001 to 50,000 people; 5: 15,001 to 30,000 people; 6: 3,001 to 15,000 people; 7: 3,000 people or fewer",99: Omitted or invalid; Sysmis: Not administered,"1: More than 500,000 people; 2: 100,001 to 500,000 people; 3: 50,001 to 100,000 people; 4: 30,001 to 50,000 people; 5: 15,001 to 30,000 people; 6: 3,001 to 15,000 people; 7: 3,000 people or fewer; 99: Omitted or invalid; Sysmis: Not administered",Background Questionnaire Variables,Ordinal,,
GEN\HOW_OFTEN\BEYOND_INSTRUCTION,How often do you do the following in teaching this class? Ask students to complete challenging exercises that require them to go beyond the instruction,ATBG12D,ATBLG10D,TQG-12d,TQG-10d,Teacher,GEN\HOW OFTEN\BEYOND INSTRUCTION (2023),✓,✓,✓,1: Every or almost every lesson; 2: About half the lessons; 3: Some lessons; 4: Never,9: Omitted or invalid; Sysmis: Not administered,1: Every or almost every lesson; 2: About half the lessons; 3: Some lessons; 4: Never; 9: Omitted or invalid; Sysmis: Not administered,Background Questionnaire Variables,Ordinal,,
GEN\HOW_OFTEN\BOARD_OR_CARD_GAME,"Before your child began primary/elementary school, how often did you or someone else in your home do the following activities with him or her? Play board or card games",ASBH01O,,HQ-01o,,Home,GEN\HOW OFTEN\BOARD OR CARD GAME (2023),✓,,,1: Often; 2: Sometimes; 3: Never or almost never,9: Omitted or invalid; Sysmis: Not administered,1: Often; 2: Sometimes; 3: Never or almost never; 9: Omitted or invalid; Sysmis: Not administered,Background Questionnaire Variables,Ordinal,GEN\HOW OFTEN\BOARD OR CARD GAME,Background Questionnaire Variables
GEN\HOW_OFTEN\BOOK_DISCUSSION,"Before your child began primary/elementary school, how often did you or someone else in your home do the following activities with him or her? Talk about what you had read",ASBH01F,,HQ-01f,,Home,GEN\HOW OFTEN\BOOK DISCUSSION (2023),✓,,,1: Often; 2: Sometimes; 3: Never or almost never,9: Omitted or invalid; Sysmis: Not administered,1: Often; 2: Sometimes; 3: Never or almost never; 9: Omitted or invalid; Sysmis: Not administered,Background Questionnaire Variables,Ordinal,GEN\HOW OFTEN\BOOK DISCUSSION,Background Questionnaire Variables
GEN\HOW_OFTEN\BUILDING_BLOCKS,"Before your child began primary/elementary school, how often did you or someone else in your home do the following activities with him or her? Play with building blocks or construction toys",ASBH01N,,HQ-01n,,Home,GEN\HOW OFTEN\BUILDING BLOCKS (2023),✓,,,1: Often; 2: Sometimes; 3: Never or almost never,9: Omitted or invalid; Sysmis: Not administered,1: Often; 2: Sometimes; 3: Never or almost never; 9: Omitted or invalid; Sysmis: Not administered,Background Questionnaire Variables,Ordinal,GEN\HOW OFTEN\BUILDING BLOCKS,Background Questionnaire Variables
GEN\HOW_OFTEN\CLASSROOM_DISCUSSION,How often do you do the following in teaching this class? Encourage classroom discussions among students,ATBG12E,ATBLG10E,TQG-12e,TQG-10e,Teacher,GEN\HOW OFTEN\CLASSROOM DISCUSSION (2023),✓,✓,✓,1: Every or almost every lesson; 2: About half the lessons; 3: Some lessons; 4: Never,9: Omitted or invalid; Sysmis: Not administered,1: Every or almost every lesson; 2: About half the lessons; 3: Some lessons; 4: Never; 9: Omitted or invalid; Sysmis: Not administered,Background Questionnaire Variables,Ordinal,,
GEN\HOW_OFTEN\COMMUNICATE_GOALS,How often do you do the following in teaching this class? Communicate goals or objectives for the lesson to the students,ATBG12C,ATBLG10C,TQG-12c,TQG-10c,Teacher,GEN\HOW OFTEN\COMMUNICATE GOALS (2023),✓,✓,✓,1: Every or almost every lesson; 2: About half the lessons; 3: Some lessons; 4: Never,9: Omitted or invalid; Sysmis: Not administered,1: Every or almost every lesson; 2: About half the lessons; 3: Some lessons; 4: Never; 9: Omitted or invalid; Sysmis: Not administered,Background Questionnaire Variables,Ordinal,,
GEN\HOW_OFTEN\COUNT_THINGS,"Before your child began primary/elementary school, how often did you or someone else in your home do the following activities with him or her? Count different things",ASBH01L,,HQ-01l,,Home,GEN\HOW OFTEN\COUNT THINGS (2023),✓,,,1: Often; 2: Sometimes; 3: Never or almost never,9: Omitted or invalid; Sysmis: Not administered,1: Often; 2: Sometimes; 3: Never or almost never; 9: Omitted or invalid; Sysmis: Not administered,Background Questionnaire Variables,Ordinal,GEN\HOW OFTEN\COUNT THINGS,Background Questionnaire Variables
GEN\HOW_OFTEN\COUNTING_SONGS,"Before your child began primary/elementary school, how often did you or someone else in your home do the following activities with him or her? Say counting rhymes or sing counting songs",ASBH01J,,HQ-01j,,Home,GEN\HOW OFTEN\COUNTING SONGS (2023),✓,,,1: Often; 2: Sometimes; 3: Never or almost never,9: Omitted or invalid; Sysmis: Not administered,1: Often; 2: Sometimes; 3: Never or almost never; 9: Omitted or invalid; Sysmis: Not administered,Background Questionnaire Variables,Ordinal,GEN\HOW OFTEN\COUNTING SONGS,Background Questionnaire Variables
GEN\HOW_OFTEN\DAMAGING_STH_OF_MINE,"During this school year, how often have other students from your school done any of the following things to you in person, through messaging, or through social media? Damaged something of mine on purpose",ASBG14E,ASBLG12E,SQG-14e,SQG-12e,Student,GEN\HOW OFTEN\DAMAGING STH OF MINE (2023),✓,✓,✓,1: At least once a week; 2: Once or twice a month; 3: A few times a year; 4: Never,9: Omitted or invalid; Sysmis: Not administered,1: At least once a week; 2: Once or twice a month; 3: A few times a year; 4: Never; 9: Omitted or invalid; Sysmis: Not administered,Background Questionnaire Variables,Ordinal,,
GEN\HOW_OFTEN\DISCUSS_ENVIRONMENT,"How often do you or someone else in your home do these things with your child? Discuss environmental problems (e.g., <climate change, endangered animals>)",ASBH09A,ASBLH07A,HQ-09a,HQ-07a,Home,GEN\HOW OFTEN\DISCUSS ENVIRONMENT (2023),✓,✓,✓,1: Every day; 2: Almost every day; 3: Sometimes; 4: Never,9: Omitted or invalid; Sysmis: Not administered,1: Every day; 2: Almost every day; 3: Sometimes; 4: Never; 9: Omitted or invalid; Sysmis: Not administered,Background Questionnaire Variables,Ordinal,GEN\HOW OFTEN\DISCUSS ENVIRONMENT,Background Questionnaire Variables
GEN\HOW_OFTEN\DRAW_SHAPES,"Before your child began primary/elementary school, how often did you or someone else in your home do the following activities with him or her? Draw shapes",ASBH01Q,,HQ-01q,,Home,GEN\HOW OFTEN\DRAW SHAPES (2023),✓,,,1: Often; 2: Sometimes; 3: Never or almost never,9: Omitted or invalid; Sysmis: Not administered,1: Often; 2: Sometimes; 3: Never or almost never; 9: Omitted or invalid; Sysmis: Not administered,Background Questionnaire Variables,Ordinal,GEN\HOW OFTEN\DRAW SHAPES,Background Questionnaire Variables
GEN\HOW_OFTEN\ENCOURAGE_ACTION,How often do you or someone else in your home do these things with your child? Encourage him/her to take action to protect the natural environment,ASBH09E,ASBLH07E,,HQ-09e,Home,GEN\HOW OFTEN\ENCOURAGE ACTION (2023),✓,✓,✓,1: Every day; 2: Almost every day; 3: Sometimes; 4: Never,9: Omitted or invalid; Sysmis: Not administered,1: Every day; 2: Almost every day; 3: Sometimes; 4: Never; 9: Omitted or invalid; Sysmis: Not administered,Background Questionnaire Variables,Ordinal,GEN\HOW OFTEN\ENCOURAGE ACTION,Background Questionnaire Variables
GEN\HOW_OFTEN\EXPLAIN_ANSWERS,How often do you do the following in teaching this class? Ask students to explain their answers,ATBG12B,ATBLG10B,TQG-12b,TQG-10b,Teacher,GEN\HOW OFTEN\EXPLAIN ANSWERS (2023),✓,✓,✓,1: Every or almost every lesson; 2: About half the lessons; 3: Some lessons; 4: Never,9: Omitted or invalid; Sysmis: Not administered,1: Every or almost every lesson; 2: About half the lessons; 3: Some lessons; 4: Never; 9: Omitted or invalid; Sysmis: Not administered,Background Questionnaire Variables,Ordinal,,
GEN\HOW_OFTEN\FORCE_TO_DO_STH,"During this school year, how often have other students from your school done any of the following things to you in person, through messaging, or through social media? Made me do things I didn’t want to do",ASBG14G,ASBLG12G,SQG-14g,SQG-12g,Student,GEN\HOW OFTEN\FORCE TO DO STH (2023),✓,✓,✓,1: At least once a week; 2: Once or twice a month; 3: A few times a year; 4: Never,9: Omitted or invalid; Sysmis: Not administered,1: At least once a week; 2: Once or twice a month; 3: A few times a year; 4: Never; 9: Omitted or invalid; Sysmis: Not administered,Background Questionnaire Variables,Ordinal,,
GEN\HOW_OFTEN\GAME_WITH_SHAPES,"Before your child began primary/elementary school, how often did you or someone else in your home do the following activities with him or her? Play games involving shapes (e.g., shape sorting toys, puzzles)",ASBH01M,,HQ-01m,,Home,GEN\HOW OFTEN\GAME WITH SHAPES (2023),✓,,,1: Often; 2: Sometimes; 3: Never or almost never,9: Omitted or invalid; Sysmis: Not administered,1: Often; 2: Sometimes; 3: Never or almost never; 9: Omitted or invalid; Sysmis: Not administered,Background Questionnaire Variables,Ordinal,GEN\HOW OFTEN\GAME WITH SHAPES,Background Questionnaire Variables
GEN\HOW_OFTEN\HAPPY,How often do you feel this way when you arrive at school? I feel happy,,ASBLG07D,,SQG-07d,Student,GEN\HOW OFTEN\HAPPY (2024),,✓,,1: Every day; 2: Almost every day; 3: Sometimes; 4: Never,9: Omitted or invalid; Sysmis: Not administered,1: Every day; 2: Almost every day; 3: Sometimes; 4: Never; 9: Omitted or invalid; Sysmis: Not administered,Background Questionnaire Variables,Nominal,,
GEN\HOW_OFTEN\HUNGRY,How often do you feel this way when you arrive at school? I feel hungry,ASBG09B,ASBLG07B,SQG-09b,SQG-07b,Student,GEN\HOW OFTEN\HUNGRY (2023),✓,✓,✓,1: Every day; 2: Almost every day; 3: Sometimes; 4: Never,9: Omitted or invalid; Sysmis: Not administered,1: Every day; 2: Almost every day; 3: Sometimes; 4: Never; 9: Omitted or invalid; Sysmis: Not administered,Background Questionnaire Variables,Ordinal,,
GEN\HOW_OFTEN\HURT_BY_OTHERS,"During this school year, how often have other students from your school done any of the following things to you in person, through messaging, or through social media? Hit or hurt me (e.g., shoving, hitting, kicking)",ASBG14F,ASBLG12F,SQG-14f,SQG-12f,Student,GEN\HOW OFTEN\HURT BY OTHERS (2023),✓,✓,✓,1: At least once a week; 2: Once or twice a month; 3: A few times a year; 4: Never,9: Omitted or invalid; Sysmis: Not administered,1: At least once a week; 2: Once or twice a month; 3: A few times a year; 4: Never; 9: Omitted or invalid; Sysmis: Not administered,Background Questionnaire Variables,Ordinal,,
GEN\HOW_OFTEN\LEFT_OUT_OF_GAMES,"During this school year, how often have other students from your school done any of the following things to you in person, through messaging, or through social media? Left me out of their games or activities",ASBG14B,ASBLG12B,SQG-14b,SQG-12b,Student,GEN\HOW OFTEN\LEFT OUT OF GAMES (2023),✓,✓,✓,1: At least once a week; 2: Once or twice a month; 3: A few times a year; 4: Never,9: Omitted or invalid; Sysmis: Not administered,1: At least once a week; 2: Once or twice a month; 3: A few times a year; 4: Never; 9: Omitted or invalid; Sysmis: Not administered,Background Questionnaire Variables,Ordinal,,
GEN\HOW_OFTEN\LINK_KNOWLEDGE,How often do you do the following in teaching this class? Link new content to students' prior knowledge,ATBG12F,ATBLG10F,TQG-12f,TQG-10f,Teacher,GEN\HOW OFTEN\LINK KNOWLEDGE (2023),✓,✓,✓,1: Every or almost every lesson; 2: About half the lessons; 3: Some lessons; 4: Never,9: Omitted or invalid; Sysmis: Not administered,1: Every or almost every lesson; 2: About half the lessons; 3: Some lessons; 4: Never; 9: Omitted or invalid; Sysmis: Not administered,Background Questionnaire Variables,Ordinal,,
GEN\HOW_OFTEN\MADE_FUN_OF,"During this school year, how often have other students from your school done any of the following things to you in person, through messaging, or through social media? Made fun of me or called me names",ASBG14A,ASBLG12A,SQG-14a,SQG-12a,Student,GEN\HOW OFTEN\MADE FUN OF (2023),✓,✓,✓,1: At least once a week; 2: Once or twice a month; 3: A few times a year; 4: Never,9: Omitted or invalid; Sysmis: Not administered,1: At least once a week; 2: Once or twice a month; 3: A few times a year; 4: Never; 9: Omitted or invalid; Sysmis: Not administered,Background Questionnaire Variables,Ordinal,,
GEN\HOW_OFTEN\MEASURE_OR_WEIGH,"Before your child began primary/elementary school, how often did you or someone else in your home do the following activities with him or her? Measure or weigh things (e.g., when cooking)",ASBH01R,,HQ-01r,,Home,GEN\HOW OFTEN\MEASURE OR WEIGH (2023),✓,,,1: Often; 2: Sometimes; 3: Never or almost never,9: Omitted or invalid; Sysmis: Not administered,1: Often; 2: Sometimes; 3: Never or almost never; 9: Omitted or invalid; Sysmis: Not administered,Background Questionnaire Variables,Ordinal,GEN\HOW OFTEN\MEASURE OR WEIGH,Background Questionnaire Variables
GEN\HOW_OFTEN\NUMBER_TOYS,"Before your child began primary/elementary school, how often did you or someone else in your home do the following activities with him or her? Play with number toys (e.g., blocks with numbers)",ASBH01K,,HQ-01k,,Home,GEN\HOW OFTEN\NUMBER TOYS (2023),✓,,,1: Often; 2: Sometimes; 3: Never or almost never,9: Omitted or invalid; Sysmis: Not administered,1: Often; 2: Sometimes; 3: Never or almost never; 9: Omitted or invalid; Sysmis: Not administered,Background Questionnaire Variables,Ordinal,GEN\HOW OFTEN\NUMBER TOYS,Background Questionnaire Variables
GEN\HOW_OFTEN\OWN_PROBLEM_SOLVING,How often do you do the following in teaching this class? Ask students to decide their own problem solving procedures,ATBG12G,ATBLG10G,TQG-12g,TQG-10g,Teacher,GEN\HOW OFTEN\OWN PROBLEM SOLVING (2023),✓,✓,✓,1: Every or almost every lesson; 2: About half the lessons; 3: Some lessons; 4: Never,9: Omitted or invalid; Sysmis: Not administered,1: Every or almost every lesson; 2: About half the lessons; 3: Some lessons; 4: Never; 9: Omitted or invalid; Sysmis: Not administered,Background Questionnaire Variables,Ordinal,,
GEN\HOW_OFTEN\PLAY_ALPHABET,"Before your child began primary/elementary school, how often did you or someone else in your home do the following activities with him or her? Play with alphabet toys (e.g., blocks with letters of the alphabet)",ASBH01D,,HQ-01d,,Home,GEN\HOW OFTEN\PLAY ALPHABET (2023),✓,,,1: Often; 2: Sometimes; 3: Never or almost never,9: Omitted or invalid; Sysmis: Not administered,1: Often; 2: Sometimes; 3: Never or almost never; 9: Omitted or invalid; Sysmis: Not administered,Background Questionnaire Variables,Ordinal,GEN\HOW OFTEN\PLAY ALPHABET,Background Questionnaire Variables
GEN\HOW_OFTEN\PLAY_WORD_GAMES,"Before your child began primary/elementary school, how often did you or someone else in your home do the following activities with him or her? Play word games",ASBH01G,,HQ-01g,,Home,GEN\HOW OFTEN\PLAY WORD GAMES (2023),✓,,,1: Often; 2: Sometimes; 3: Never or almost never,9: Omitted or invalid; Sysmis: Not administered,1: Often; 2: Sometimes; 3: Never or almost never; 9: Omitted or invalid; Sysmis: Not administered,Background Questionnaire Variables,Ordinal,GEN\HOW OFTEN\PLAY WORD GAMES,Background Questionnaire Variables
GEN\HOW_OFTEN\READ_ALOUD_SIGNS,"Before your child began primary/elementary school, how often did you or someone else in your home do the following activities with him or her? Read aloud signs and labels",ASBH01I,,HQ-01i,,Home,GEN\HOW OFTEN\READ ALOUD SIGNS (2023),✓,,,1: Often; 2: Sometimes; 3: Never or almost never,9: Omitted or invalid; Sysmis: Not administered,1: Often; 2: Sometimes; 3: Never or almost never; 9: Omitted or invalid; Sysmis: Not administered,Background Questionnaire Variables,Ordinal,GEN\HOW OFTEN\READ ALOUD SIGNS,Background Questionnaire Variables
GEN\HOW_OFTEN\READ_BOOKS,"Before your child began primary/elementary school, how often did you or someone else in your home do the following activities with him or her? Read books",ASBH01A,,HQ-01a,,Home,GEN\HOW OFTEN\READ BOOKS (2023),✓,,,1: Often; 2: Sometimes; 3: Never or almost never,9: Omitted or invalid; Sysmis: Not administered,1: Often; 2: Sometimes; 3: Never or almost never; 9: Omitted or invalid; Sysmis: Not administered,Background Questionnaire Variables,Ordinal,GEN\HOW OFTEN\READ BOOKS,Background Questionnaire Variables
GEN\HOW_OFTEN\READ_INFORMATION,"How often do you or someone else in your home do these things with your child? Read or watch information about environmental problems (e.g., <climate change, endangered animals>)",ASBH09B,ASBLH07B,,HQ-09b,Home,GEN\HOW OFTEN\READ INFORMATION (2023),✓,✓,✓,1: Every day; 2: Almost every day; 3: Sometimes; 4: Never,9: Omitted or invalid; Sysmis: Not administered,1: Every day; 2: Almost every day; 3: Sometimes; 4: Never; 9: Omitted or invalid; Sysmis: Not administered,Background Questionnaire Variables,Ordinal,GEN\HOW OFTEN\READ INFORMATION,Background Questionnaire Variables
GEN\HOW_OFTEN\RELATE_TO_STUDENTS_LIVES,How often do you do the following in teaching this class? Relate the lesson to students' daily lives,ATBG12A,ATBLG10A,TQG-12a,TQG-10a,Teacher,GEN\HOW OFTEN\RELATE TO STUDENTS LIVES (2023),✓,✓,✓,1: Every or almost every lesson; 2: About half the lessons; 3: Some lessons; 4: Never,9: Omitted or invalid; Sysmis: Not administered,1: Every or almost every lesson; 2: About half the lessons; 3: Some lessons; 4: Never; 9: Omitted or invalid; Sysmis: Not administered,Background Questionnaire Variables,Ordinal,,
GEN\HOW_OFTEN\SAVE_RESOURCES,"How often do you or someone else in your home do these things with your child? Show him/her how to use less resources (e.g., <water, energy>) to help the natural environment",ASBH09C,ASBLH07C,,HQ-09c,Home,GEN\HOW OFTEN\SAVE RESOURCES (2023),✓,✓,✓,1: Every day; 2: Almost every day; 3: Sometimes; 4: Never,9: Omitted or invalid; Sysmis: Not administered,1: Every day; 2: Almost every day; 3: Sometimes; 4: Never; 9: Omitted or invalid; Sysmis: Not administered,Background Questionnaire Variables,Ordinal,GEN\HOW OFTEN\SAVE RESOURCES,Background Questionnaire Variables
GEN\HOW_OFTEN\SENT_HURTFUL_MESSAGES,"During this school year, how often have other students from your school done any of the following things to you in person, through messaging, or through social media? Sent me nasty or hurtful messages online",ASBG14H,ASBLG12H,SQG-14h,SQG-12h,Student,GEN\HOW OFTEN\SENT HURTFUL MESSAGES (2023),✓,✓,✓,1: At least once a week; 2: Once or twice a month; 3: A few times a year; 4: Never,9: Omitted or invalid; Sysmis: Not administered,1: At least once a week; 2: Once or twice a month; 3: A few times a year; 4: Never; 9: Omitted or invalid; Sysmis: Not administered,Background Questionnaire Variables,Ordinal,,
GEN\HOW_OFTEN\SHARED_PHOTOS_ONLINE,"During this school year, how often have other students from your school done any of the following things to you in person, through messaging, or through social media? Shared embarrassing photos of me online",ASBG14J,ASBLG12J,SQG-14j,SQG-12j,Student,GEN\HOW OFTEN\SHARED PHOTOS ONLINE (2023),✓,✓,✓,1: At least once a week; 2: Once or twice a month; 3: A few times a year; 4: Never,9: Omitted or invalid; Sysmis: Not administered,1: At least once a week; 2: Once or twice a month; 3: A few times a year; 4: Never; 9: Omitted or invalid; Sysmis: Not administered,Background Questionnaire Variables,Ordinal,,
GEN\HOW_OFTEN\SHARED_THINGS_ONLINE,"During this school year, how often have other students from your school done any of the following things to you in person, through messaging, or through social media? Shared nasty or hurtful things about me online",ASBG14I,ASBLG12I,SQG-14i,SQG-12i,Student,GEN\HOW OFTEN\SHARED THINGS ONLINE (2023),✓,✓,✓,1: At least once a week; 2: Once or twice a month; 3: A few times a year; 4: Never,9: Omitted or invalid; Sysmis: Not administered,1: At least once a week; 2: Once or twice a month; 3: A few times a year; 4: Never; 9: Omitted or invalid; Sysmis: Not administered,Background Questionnaire Variables,Ordinal,,
GEN\HOW_OFTEN\SING_SONGS,"Before your child began primary/elementary school, how often did you or someone else in your home do the following activities with him or her? Sing songs",ASBH01C,,HQ-01c,,Home,GEN\HOW OFTEN\SING SONGS (2023),✓,,,1: Often; 2: Sometimes; 3: Never or almost never,9: Omitted or invalid; Sysmis: Not administered,1: Often; 2: Sometimes; 3: Never or almost never; 9: Omitted or invalid; Sysmis: Not administered,Background Questionnaire Variables,Ordinal,GEN\HOW OFTEN\SING SONGS,Background Questionnaire Variables
GEN\HOW_OFTEN\SPREADING_LIES_ABOUT_ME,"During this school year, how often have other students from your school done any of the following things to you in person, through messaging, or through social media? Spread lies about me",ASBG14C,ASBLG12C,SQG-14c,SQG-12c,Student,GEN\HOW OFTEN\SPREADING LIES ABOUT ME (2023),✓,✓,✓,1: At least once a week; 2: Once or twice a month; 3: A few times a year; 4: Never,9: Omitted or invalid; Sysmis: Not administered,1: At least once a week; 2: Once or twice a month; 3: A few times a year; 4: Never; 9: Omitted or invalid; Sysmis: Not administered,Background Questionnaire Variables,Ordinal,,
GEN\HOW_OFTEN\STEALING_STH_FROM_ME,"During this school year, how often have other students from your school done any of the following things to you in person, through messaging, or through social media? Stole something from me",ASBG14D,ASBLG12D,SQG-14d,SQG-12d,Student,GEN\HOW OFTEN\STEALING STH FROM ME (2023),✓,✓,✓,1: At least once a week; 2: Once or twice a month; 3: A few times a year; 4: Never,9: Omitted or invalid; Sysmis: Not administered,1: At least once a week; 2: Once or twice a month; 3: A few times a year; 4: Never; 9: Omitted or invalid; Sysmis: Not administered,Background Questionnaire Variables,Ordinal,,
GEN\HOW_OFTEN\TALK_WHAT_HAD_DONE,"Before your child began primary/elementary school, how often did you or someone else in your home do the following activities with him or her? Talk about things you had done",ASBH01E,,HQ-01e,,Home,GEN\HOW OFTEN\TALK WHAT HAD DONE (2023),✓,,,1: Often; 2: Sometimes; 3: Never or almost never,9: Omitted or invalid; Sysmis: Not administered,1: Often; 2: Sometimes; 3: Never or almost never; 9: Omitted or invalid; Sysmis: Not administered,Background Questionnaire Variables,Ordinal,GEN\HOW OFTEN\TALK WHAT HAD DONE,Background Questionnaire Variables
GEN\HOW_OFTEN\TELL_STORIES,"Before your child began primary/elementary school, how often did you or someone else in your home do the following activities with him or her? Tell stories",ASBH01B,,HQ-01b,,Home,GEN\HOW OFTEN\TELL STORIES (2023),✓,,,1: Often; 2: Sometimes; 3: Never or almost never,9: Omitted or invalid; Sysmis: Not administered,1: Often; 2: Sometimes; 3: Never or almost never; 9: Omitted or invalid; Sysmis: Not administered,Background Questionnaire Variables,Ordinal,GEN\HOW OFTEN\TELL STORIES,Background Questionnaire Variables
GEN\HOW_OFTEN\THREATENED,"During this school year, how often have other students from your school done any of the following things to you in person, through messaging, or through social media? Threatened me",ASBG14K,ASBLG12K,SQG-14k,SQG-12k,Student,GEN\HOW OFTEN\THREATENED (2023),✓,✓,✓,1: At least once a week; 2: Once or twice a month; 3: A few times a year; 4: Never,9: Omitted or invalid; Sysmis: Not administered,1: At least once a week; 2: Once or twice a month; 3: A few times a year; 4: Never; 9: Omitted or invalid; Sysmis: Not administered,Background Questionnaire Variables,Ordinal,,
GEN\HOW_OFTEN\TIME_IN_NATURE,"How often do you or someone else in your home do these things with your child? Spend time in nature (e.g., <forests, parks, deserts>)",ASBH09D,ASBLH07D,,HQ-09d,Home,GEN\HOW OFTEN\TIME IN NATURE (2023),✓,✓,✓,1: Every day; 2: Almost every day; 3: Sometimes; 4: Never,9: Omitted or invalid; Sysmis: Not administered,1: Every day; 2: Almost every day; 3: Sometimes; 4: Never; 9: Omitted or invalid; Sysmis: Not administered,Background Questionnaire Variables,Ordinal,GEN\HOW OFTEN\TIME IN NATURE,Background Questionnaire Variables
GEN\HOW_OFTEN\TIRED,How often do you feel this way when you arrive at school? I feel tired,ASBG09A,ASBLG07A,SQG-09a,SQG-07a,Student,GEN\HOW OFTEN\TIRED (2023),✓,✓,✓,1: Every day; 2: Almost every day; 3: Sometimes; 4: Never,9: Omitted or invalid; Sysmis: Not administered,1: Every day; 2: Almost every day; 3: Sometimes; 4: Never; 9: Omitted or invalid; Sysmis: Not administered,Background Questionnaire Variables,Ordinal,,
GEN\HOW_OFTEN\UNWELL,"How often do you feel this way when you arrive at school? I feel <unwell> (e.g., headache, stomachache)",,ASBLG07C,,SQG-07c,Student,GEN\HOW OFTEN\UNWELL (2024),,✓,,1: Every day; 2: Almost every day; 3: Sometimes; 4: Never,9: Omitted or invalid; Sysmis: Not administered,1: Every day; 2: Almost every day; 3: Sometimes; 4: Never; 9: Omitted or invalid; Sysmis: Not administered,Background Questionnaire Variables,Nominal,,
GEN\HOW_OFTEN\WORRIED_ABOUT_SCHOOL,How often do you feel this way when you arrive at school? I feel worried about the school day,,ASBLG07E,,SQG-07e,Student,GEN\HOW OFTEN\WORRIED ABOUT SCHOOL (2024),,✓,,1: Every day; 2: Almost every day; 3: Sometimes; 4: Never,9: Omitted or invalid; Sysmis: Not administered,1: Every day; 2: Almost every day; 3: Sometimes; 4: Never; 9: Omitted or invalid; Sysmis: Not administered,Background Questionnaire Variables,Nominal,,
GEN\HOW_OFTEN\WRITE_LETTERS_WORDS,"Before your child began primary/elementary school, how often did you or someone else in your home do the following activities with him or her? Write letters or words",ASBH01H,,HQ-01h,,Home,GEN\HOW OFTEN\WRITE LETTERS WORDS (2023),✓,,,1: Often; 2: Sometimes; 3: Never or almost never,9: Omitted or invalid; Sysmis: Not administered,1: Often; 2: Sometimes; 3: Never or almost never; 9: Omitted or invalid; Sysmis: Not administered,Background Questionnaire Variables,Ordinal,GEN\HOW OFTEN\WRITE LETTERS WORDS,Background Questionnaire Variables
GEN\HOW_OFTEN\WRITE_NUMBERS,"Before your child began primary/elementary school, how often did you or someone else in your home do the following activities with him or her? Write numbers",ASBH01P,,HQ-01p,,Home,GEN\HOW OFTEN\WRITE NUMBERS (2023),✓,,,1: Often; 2: Sometimes; 3: Never or almost never,9: Omitted or invalid; Sysmis: Not administered,1: Often; 2: Sometimes; 3: Never or almost never; 9: Omitted or invalid; Sysmis: Not administered,Background Questionnaire Variables,Ordinal,GEN\HOW OFTEN\WRITE NUMBERS,Background Questionnaire Variables
GEN\HOW_OFTEN_DOES_CHILD_SPEAK_LANGUAGE_AT_HOME,How often does your child speak <language of test> at home?,ASBH15,ASBLH12,,HQ-15,Home,GEN\HOW OFTEN DOES CHILD SPEAK LANGUAGE AT HOME (2023),✓,✓,✓,1: Always; 2: Almost always; 3: Sometimes; 4: Never,9: Omitted or invalid; Sysmis: Not administered,1: Always; 2: Almost always; 3: Sometimes; 4: Never; 9: Omitted or invalid; Sysmis: Not administered,Background Questionnaire Variables,Ordinal,,
GEN\IMMEDIATE_AREA_OF_SCH_LOCATION,Which best describes the immediate area in which your school is located?,ACBG05B,,ScQ-05B,,School,GEN\IMMEDIATE AREA OF SCH LOCATION (2023),✓,,,1: Urban–Densely populated; 2: Suburban–On fringe or outskirts of urban area; 3: Medium size city or large town; 4: Small town or village; 5: Remote rural,9: Omitted or invalid; Sysmis: Not administered,1: Urban–Densely populated; 2: Suburban–On fringe or outskirts of urban area; 3: Medium size city or large town; 4: Small town or village; 5: Remote rural; 9: Omitted or invalid; Sysmis: Not administered,Background Questionnaire Variables,Ordinal,,
GEN\INSTRUCTIONAL_DAYS_IN_1_CALENDER_WEEK,"For the <fourth grade> students in your school: In one calendar week, how many days is the school open for instruction?",ACBG06C,ACBLG04C,ScQ-06C,ScQ-04C,School,GEN\INSTRUCTIONAL DAYS IN 1 CALENDER WEEK (2023),✓,✓,✓,1: 6 days; 2: 5 1/2 days; 3: 5 days; 4: 4 1/2 days; 5: 4 days; 6: Other,9: Omitted or invalid; Sysmis: Not administered,1: 6 days; 2: 5 1/2 days; 3: 5 days; 4: 4 1/2 days; 5: 4 days; 6: Other; 9: Omitted or invalid; Sysmis: Not administered,Background Questionnaire Variables,Ordinal,GEN\INSTRUCTIONAL DAYS IN 1 CALENDER WEEK,Background Questionnaire Variables
GEN\INSTRUCTIONAL_DAYS_PER_YEAR,For the <fourth grade> students in your school: How many days per year is your school open for instruction?,ACBG06A,ACBLG04A,ScQ-06A,ScQ-04A,School,GEN\INSTRUCTIONAL DAYS PER YEAR (2023),✓,✓,✓,,999: Omitted or invalid; Sysmis: Not administered,999: Omitted or invalid; Sysmis: Not administered,Background Questionnaire Variables,Ratio,GEN\INSTRUCTIONAL DAYS PER YEAR,Background Questionnaire Variables
GEN\LANGUAGE\<COUNTRY-SPECIFIC>,What language did your child speak before he/she began school? <country-specific>,ASBH03B,,HQ-03b,,Home,GEN\LANGUAGE\<COUNTRY-SPECIFIC> (2023),✓,,,1: Yes; 2: No,9: Omitted or invalid; Sysmis: Not administered,1: Yes; 2: No; 9: Omitted or invalid; Sysmis: Not administered,Background Questionnaire Variables,Nominal,,
GEN\LANGUAGE\<LANGUAGE_OF_TEST>,What language did your child speak before he/she began school? <language of test>,ASBH03A,,HQ-03a,,Home,GEN\LANGUAGE\<LANGUAGE OF TEST> (2023),✓,,,1: Yes; 2: No,9: Omitted or invalid; Sysmis: Not administered,1: Yes; 2: No; 9: Omitted or invalid; Sysmis: Not administered,Background Questionnaire Variables,Nominal,,
GEN\LANGUAGE\OTHER,What language did your child speak before he/she began school? Other,ASBH03F,,HQ-03f,,Home,GEN\LANGUAGE\OTHER (2023),✓,,,1: Yes; 2: No,9: Omitted or invalid; Sysmis: Not administered,1: Yes; 2: No; 9: Omitted or invalid; Sysmis: Not administered,Background Questionnaire Variables,Nominal,,
GEN\LANGUAGE_DIFFICULTIES,"How many <fourth grade> students experience difficulties understanding spoken <language of test>? 
",ATBG11,ATBLG09,TQG-11,TQG-09,Teacher,GEN\LANGUAGE DIFFICULTIES (2023),✓,✓,✓,,999: Omitted or invalid; Sysmis: Not administered,999: Omitted or invalid; Sysmis: Not administered,Background Questionnaire Variables,Ratio,,
GEN\LANGUAGE_SPOKEN\<COUNTRY-SPECIFIC>\<PARENT/GUARDIAN_A>,Do the child's <parents/guardians> talk with the child in the following languages? <Parent/Guardian A> <country-specific>,ASBH14EA,ASBLH11EA,,HQ-14Ea,Home,GEN\LANGUAGE SPOKEN\<COUNTRY-SPECIFIC>\<PARENT/GUARDIAN A> (2023),✓,✓,✓,1: Checked; 2: Not Checked,9: Omitted or invalid; 6: Logically not applicable; Sysmis: Not administered,1: Checked; 2: Not Checked; 9: Omitted or invalid; 6: Logically not applicable; Sysmis: Not administered,Background Questionnaire Variables,Nominal,,
GEN\LANGUAGE_SPOKEN\<COUNTRY-SPECIFIC>\<PARENT/GUARDIAN_B>,Do the child's <parents/guardians> talk with the child in the following languages? <Parent/Guardian B> <country-specific>,ASBH14DB,ASBLH11DB,,HQ-14Db,Home,GEN\LANGUAGE SPOKEN\<COUNTRY-SPECIFIC>\<PARENT/GUARDIAN B> (2023),✓,✓,✓,1: Checked; 2: Not Checked,9: Omitted or invalid; 6: Logically not applicable; Sysmis: Not administered,1: Checked; 2: Not Checked; 9: Omitted or invalid; 6: Logically not applicable; Sysmis: Not administered,Background Questionnaire Variables,Nominal,,
GEN\LANGUAGE_SPOKEN\<LANGUAGE_OF_TEST>\<PARENT/GUARDIAN_A>,Do the child’s <parents/guardians> talk with the child in the following languages? <Parent/Guardian A> <language of test>,ASBH14AA,ASBLH11AA,HQ-14Aa,HQ-11Aa,Home,GEN\LANGUAGE SPOKEN\<LANGUAGE OF TEST>\<PARENT/GUARDIAN A> (2023),✓,✓,✓,1: Checked; 2: Not Checked,9: Omitted or invalid; 6: Logically not applicable; Sysmis: Not administered,1: Checked; 2: Not Checked; 9: Omitted or invalid; 6: Logically not applicable; Sysmis: Not administered,Background Questionnaire Variables,Nominal,,
GEN\LANGUAGE_SPOKEN\<LANGUAGE_OF_TEST>\<PARENT/GUARDIAN_B>,Do the child’s <parents/guardians> talk with the child in the following languages? <Parent/Guardian B> <language of test>,ASBH14AB,ASBLH11AB,HQ-14Ab,HQ-11Ab,Home,GEN\LANGUAGE SPOKEN\<LANGUAGE OF TEST>\<PARENT/GUARDIAN B> (2023),✓,✓,✓,1: Checked; 2: Not Checked,9: Omitted or invalid; 6: Logically not applicable; Sysmis: Not administered,1: Checked; 2: Not Checked; 9: Omitted or invalid; 6: Logically not applicable; Sysmis: Not administered,Background Questionnaire Variables,Nominal,,
GEN\LANGUAGE_SPOKEN\NOT_APPLICABLE\<PARENT/GUARDIAN_A>,Do the child's <parents/guardians> talk with the child in the following languages? <Parent/Guardian A> Not applicable,ASBH14GA,ASBLH11GA,,HQ-14Ga,Home,GEN\LANGUAGE SPOKEN\NOT APPLICABLE\<PARENT/GUARDIAN A> (2023),✓,✓,✓,1: Checked,9: Omitted or invalid; 6: Logically not applicable; Sysmis: Not administered,1: Checked; 9: Omitted or invalid; 6: Logically not applicable; Sysmis: Not administered,Background Questionnaire Variables,Nominal,,
GEN\LANGUAGE_SPOKEN\NOT_APPLICABLE\<PARENT/GUARDIAN_B>,Do the child's <parents/guardians> talk with the child in the following languages? <Parent/Guardian B> Not applicable,ASBH14GB,ASBLH11GB,,HQ-14Gb,Home,GEN\LANGUAGE SPOKEN\NOT APPLICABLE\<PARENT/GUARDIAN B> (2023),✓,✓,✓,1: Checked,9: Omitted or invalid; 6: Logically not applicable; Sysmis: Not administered,1: Checked; 9: Omitted or invalid; 6: Logically not applicable; Sysmis: Not administered,Background Questionnaire Variables,Nominal,,
GEN\LANGUAGE_SPOKEN\OTHER\<PARENT/GUARDIAN_A>,Do the child's <parents/guardians> talk with the child in the following languages? <Parent/Guardian A> Other,ASBH14FA,ASBLH11FA,,HQ-14Fa,Home,GEN\LANGUAGE SPOKEN\OTHER\<PARENT/GUARDIAN A> (2023),✓,✓,✓,1: Checked; 2: Not Checked,9: Omitted or invalid; 6: Logically not applicable; Sysmis: Not administered,1: Checked; 2: Not Checked; 9: Omitted or invalid; 6: Logically not applicable; Sysmis: Not administered,Background Questionnaire Variables,Nominal,,
GEN\LANGUAGE_SPOKEN\OTHER\<PARENT/GUARDIAN_B>,Do the child's <parents/guardians> talk with the child in the following languages? <Parent/Guardian B> Other,ASBH14FB,ASBLH11FB,,HQ-14Fb,Home,GEN\LANGUAGE SPOKEN\OTHER\<PARENT/GUARDIAN B> (2023),✓,✓,✓,1: Checked; 2: Not Checked,9: Omitted or invalid; 6: Logically not applicable; Sysmis: Not administered,1: Checked; 2: Not Checked; 9: Omitted or invalid; 6: Logically not applicable; Sysmis: Not administered,Background Questionnaire Variables,Nominal,,
GEN\LEVEL_OF_FORMAL_EDUCATION_COMPLETED,What is the highest level of formal education you have completed?,ATBG04,ATBLG04,TQG-04,TQG-04,Teacher,GEN\LEVEL OF FORMAL EDUCATION COMPLETED (2023),✓,✓,✓,"1: Did not complete <Upper secondary education—ISCED Level 3>; 2: <Upper secondary education—ISCED Level 3>; 3: <Post-secondary, non-tertiary education—ISCED Level 4>; 4: <Short-cycle tertiary education—ISCED Level 5>; 5: <Bachelor’s or equivalent level—ISCED Level 6>; 6: <Master’s or equivalent level—ISCED Level 7>; 7: <Doctor or equivalent level—ISCED Level 8>",99: Omitted or invalid; Sysmis: Not administered,"1: Did not complete <Upper secondary education—ISCED Level 3>; 2: <Upper secondary education—ISCED Level 3> (If you have not completed <postsecondary or tertiary education>, you will b; 3: <Post-secondary, non-tertiary education—ISCED Level 4>; 4: <Short-cycle tertiary education—ISCED Level 5>; 5: <Bachelor’s or equivalent level—ISCED Level 6>; 6: <Master’s or equivalent level—ISCED Level 7>; 7: <Doctor or equivalent level—ISCED Level 8>; 99: Omitted or invalid; Sysmis: Not administered",Filter,Ordinal,,
GEN\LIBRARY_OR_MEDIA_CENTER,Do students in your school have access to these resources? A library or media center,ACBG10A,,ScQ-10A,,School,GEN\LIBRARY OR MEDIA CENTER (2023),✓,,,1: Yes; 2: No,9: Omitted or invalid; Sysmis: Not administered,1: Yes; 2: No; 9: Omitted or invalid; Sysmis: Not administered,Background Questionnaire Variables,Nominal,GEN\LIBRARY OR MEDIA CENTER,Background Questionnaire Variables
GEN\LIMIT_TEACHING\ABSENT_FROM_CLASS,"In your view, to what extent do the following limit how you teach this class? Students absent from class",ATBG13D,ATBLG11D,TQG-13d,TQG-11d,Teacher,GEN\LIMIT TEACHING\ABSENT FROM CLASS (2023),✓,✓,✓,1: Not at all; 2: Some; 3: A lot,9: Omitted or invalid; Sysmis: Not administered,1: Not at all; 2: Some; 3: A lot; 9: Omitted or invalid; Sysmis: Not administered,Background Questionnaire Variables,Ordinal,,
GEN\LIMIT_TEACHING\DIFF_UNDERSTANDING_LNG,"In your view, to what extent do the following limit how you teach this class? Students with difficulties understanding the language of instruction",ATBG13I,ATBLG11I,TQG-13i,TQG-11i,Teacher,GEN\LIMIT TEACHING\DIFF UNDERSTANDING LNG (2023),✓,✓,✓,1: Not at all; 2: Some; 3: A lot,9: Omitted or invalid; Sysmis: Not administered,1: Not at all; 2: Some; 3: A lot; 9: Omitted or invalid; Sysmis: Not administered,Background Questionnaire Variables,Ordinal,,
GEN\LIMIT_TEACHING\DISRUPTIVE_STUDENTS,"In your view, to what extent do the following limit how you teach this class? Disruptive students",ATBG13E,ATBLG11E,TQG-13e,TQG-11e,Teacher,GEN\LIMIT TEACHING\DISRUPTIVE STUDENTS (2023),✓,✓,✓,1: Not at all; 2: Some; 3: A lot,9: Omitted or invalid; Sysmis: Not administered,1: Not at all; 2: Some; 3: A lot; 9: Omitted or invalid; Sysmis: Not administered,Background Questionnaire Variables,Ordinal,,
GEN\LIMIT_TEACHING\DISTRACTED_STUDENTS,"In your view, to what extent do the following limit how you teach this class? Distracted students",ATBG13G,ATBLG11G,TQG-13g,TQG-11g,Teacher,GEN\LIMIT TEACHING\DISTRACTED STUDENTS (2023),✓,✓,✓,1: Not at all; 2: Some; 3: A lot,9: Omitted or invalid; Sysmis: Not administered,1: Not at all; 2: Some; 3: A lot; 9: Omitted or invalid; Sysmis: Not administered,Background Questionnaire Variables,Ordinal,,
GEN\LIMIT_TEACHING\LACK_OF_NUTRITION,"In your view, to what extent do the following limit how you teach this class? Students suffering from lack of basic nutrition",ATBG13B,ATBLG11B,TQG-13b,TQG-11b,Teacher,GEN\LIMIT TEACHING\LACK OF NUTRITION (2023),✓,✓,✓,1: Not at all; 2: Some; 3: A lot,9: Omitted or invalid; Sysmis: Not administered,1: Not at all; 2: Some; 3: A lot; 9: Omitted or invalid; Sysmis: Not administered,Background Questionnaire Variables,Ordinal,,
GEN\LIMIT_TEACHING\LACK_OF_SLEEP,"In your view, to what extent do the following limit how you teach this class? Students suffering from not enough sleep",ATBG13C,ATBLG11C,TQG-13c,TQG-11c,Teacher,GEN\LIMIT TEACHING\LACK OF SLEEP (2023),✓,✓,✓,1: Not at all; 2: Some; 3: A lot,9: Omitted or invalid; Sysmis: Not administered,1: Not at all; 2: Some; 3: A lot; 9: Omitted or invalid; Sysmis: Not administered,Background Questionnaire Variables,Ordinal,,
GEN\LIMIT_TEACHING\LACKING_KNOWLEDGE,"In your view, to what extent do the following limit how you teach this class? Students lacking prerequisite knowledge or skills",ATBG13A,ATBLG11A,TQG-13a,TQG-11a,Teacher,GEN\LIMIT TEACHING\LACKING KNOWLEDGE (2023),✓,✓,✓,1: Not at all; 2: Some; 3: A lot,9: Omitted or invalid; Sysmis: Not administered,1: Not at all; 2: Some; 3: A lot; 9: Omitted or invalid; Sysmis: Not administered,Background Questionnaire Variables,Ordinal,,
GEN\LIMIT_TEACHING\MENTAL_IMPAIRMENT,"In your view, to what extent do the following limit how you teach this class? Students with mental, emotional, or psychological impairment",ATBG13H,ATBLG11H,TQG-13h,TQG-11h,Teacher,GEN\LIMIT TEACHING\MENTAL IMPAIRMENT (2023),✓,✓,✓,1: Not at all; 2: Some; 3: A lot,9: Omitted or invalid; Sysmis: Not administered,1: Not at all; 2: Some; 3: A lot; 9: Omitted or invalid; Sysmis: Not administered,Background Questionnaire Variables,Ordinal,,
GEN\LIMIT_TEACHING\UNINTERESTED_STUDENTS,"In your view, to what extent do the following limit how you teach this class? Uninterested students",ATBG13F,ATBLG11F,TQG-13f,TQG-11f,Teacher,GEN\LIMIT TEACHING\UNINTERESTED STUDENTS (2023),✓,✓,✓,1: Not at all; 2: Some; 3: A lot,9: Omitted or invalid; Sysmis: Not administered,1: Not at all; 2: Some; 3: A lot; 9: Omitted or invalid; Sysmis: Not administered,Background Questionnaire Variables,Ordinal,,
GEN\LVL_OF_EDUCATION\<PARENT/GUARDIAN_A>,"What is the highest level of education completed by the child’s <parents/guardians>?
<Parent/Guardian A>",ASBH16A,ASBLH13A,HQ-16a,HQ-13a,Home,GEN\LVL OF EDUCATION\<PARENT/GUARDIAN A> (2023),✓,✓,✓,"1: Did not go to school; 2: Some <Primary education—ISCED Level 1 or Lower secondary education—ISCED Level 2>; 3: <Lower secondary education—ISCED Level 2>; 4: <Upper secondary education—ISCED Level 3>; 5: <Post-secondary, non-tertiary education—ISCED Level 4>; 6: <Short-cycle tertiary education—ISCED Level 5>; 7: <Bachelor’s or equivalent level—ISCED Level 6>; 8: <Postgraduate degree: Master’s—ISCED Level 7 or Doctor—ISCED Level 8>; 9: Not applicable",99: Omitted or invalid; Sysmis: Not administered,"1: Did not go to school; 2: Some <Primary education—ISCED Level 1 or Lower secondary education—ISCED Level 2>; 3: <Lower secondary education—ISCED Level 2>; 4: <Upper secondary education—ISCED Level 3>; 5: <Post-secondary, non-tertiary education—ISCED Level 4>; 6: <Short-cycle tertiary education—ISCED Level 5>; 7: <Bachelor’s or equivalent level—ISCED Level 6>; 8: <Postgraduate degree: Master’s—ISCED Level 7 or Doctor—ISCED Level 8>; 9: Not applicable; 99: Omitted or invalid; Sysmis: Not administered",Background Questionnaire Variables,Ordinal,GEN\LVL OF EDUCATION\<PARENT/GUARDIAN A>,Background Questionnaire Variables
GEN\LVL_OF_EDUCATION\<PARENT/GUARDIAN_B>,"What is the highest level of education completed by the child’s <parents/guardians>?
<Parent/Guardian B>",ASBH16B,ASBLH13B,HQ-16b,HQ-13b,Home,GEN\LVL OF EDUCATION\<PARENT/GUARDIAN B> (2023),✓,✓,✓,"1: Did not go to school; 2: Some <Primary education—ISCED Level 1 or Lower secondary education—ISCED Level 2>; 3: <Lower secondary education—ISCED Level 2>; 4: <Upper secondary education—ISCED Level 3>; 5: <Post-secondary, non-tertiary education—ISCED Level 4>; 6: <Short-cycle tertiary education—ISCED Level 5>; 7: <Bachelor’s or equivalent level—ISCED Level 6>; 8: <Postgraduate degree: Master’s—ISCED Level 7 or Doctor—ISCED Level 8>; 9: Not applicable",99: Omitted or invalid; Sysmis: Not administered,"1: Did not go to school; 2: Some <Primary education—ISCED Level 1 or Lower secondary education—ISCED Level 2>; 3: <Lower secondary education—ISCED Level 2>; 4: <Upper secondary education—ISCED Level 3>; 5: <Post-secondary, non-tertiary education—ISCED Level 4>; 6: <Short-cycle tertiary education—ISCED Level 5>; 7: <Bachelor’s or equivalent level—ISCED Level 6>; 8: <Postgraduate degree: Master’s—ISCED Level 7 or Doctor—ISCED Level 8>; 9: Not applicable; 99: Omitted or invalid; Sysmis: Not administered",Background Questionnaire Variables,Ordinal,GEN\LVL OF EDUCATION\<PARENT/GUARDIAN B>,Background Questionnaire Variables
GEN\LVL_OF_EDUCATION\CHILD,How far in his/her education do you expect your child to go?,ASBH17,ASBLH14,,HQ-17,Home,GEN\LVL OF EDUCATION\CHILD (2023),✓,✓,✓,"1: Finish <Lower secondary education—ISCED Level 2>; 2: Finish <Upper secondary education—ISCED Level 3>; 3: Finish <Post-secondary, non-tertiary education—ISCED Level 4>; 4: Finish <Short-cycle tertiary education —ISCED Level 5>; 5: Finish <Bachelor’s or equivalent level—ISCED Level 6>; 6: Finish <Postgraduate degree: Master’s—ISCED Level 7 or Doctor—ISCED Level 8>",9: Omitted or invalid; Sysmis: Not administered,"1: Finish <Lower secondary education—ISCED Level 2>; 2: Finish <Upper secondary education—ISCED Level 3>; 3: Finish <Post-secondary, non-tertiary education—ISCED Level 4>; 4: Finish <Short-cycle tertiary education —ISCED Level 5>; 5: Finish <Bachelor’s or equivalent level—ISCED Level 6>; 6: Finish <Postgraduate degree: Master’s—ISCED Level 7 or Doctor—ISCED Level 8>; 9: Omitted or invalid; Sysmis: Not administered",Background Questionnaire Variables,Ordinal,GEN\LVL OF EDUCATION\CHILD,Background Questionnaire Variables
GEN\MAJOR_AREA_OF_STUDY\<LANGUAGE_TEST>,"During your <post-secondary> education, what was your major or main area(s) of study? <language of test>",ATBG05AE,ATBLG05AE,TQG-05Ae,TQG-05Ae,Teacher,GEN\MAJOR AREA OF STUDY\<LANGUAGE TEST> (2023),✓,✓,✓,1: Yes; 2: No,9: Omitted or invalid; 6: Logically not applicable; Sysmis: Not administered,1: Yes; 2: No; 9: Omitted or invalid; 6: Logically not applicable; Sysmis: Not administered,Filter Dependent,Nominal,,
GEN\MAJOR_AREA_OF_STUDY\EDUCATION_PRIM,"During your <post-secondary> education, what was your major or main area(s) of study?
Education—Primary/Elementary",ATBG05AA,ATBLG05AA,TQG-05Aa,TQG-05Aa,Teacher,GEN\MAJOR AREA OF STUDY\EDUCATION PRIM (2023),✓,✓,✓,1: Yes; 2: No,9: Omitted or invalid; 6: Logically not applicable; Sysmis: Not administered,1: Yes; 2: No; 9: Omitted or invalid; 6: Logically not applicable; Sysmis: Not administered,Filter Dependent,Nominal,,
GEN\MAJOR_AREA_OF_STUDY\EDUCATION_SECOND,"During your <post-secondary> education, what was your major or main area(s) of study? Education—Secondary",ATBG05AB,ATBLG05AB,TQG-05Ab,TQG-05Ab,Teacher,GEN\MAJOR AREA OF STUDY\EDUCATION SECOND (2023),✓,✓,✓,1: Yes; 2: No,9: Omitted or invalid; 6: Logically not applicable; Sysmis: Not administered,1: Yes; 2: No; 9: Omitted or invalid; 6: Logically not applicable; Sysmis: Not administered,Filter Dependent,Nominal,,
GEN\MAJOR_AREA_OF_STUDY\MATHEMATICS,"During your <post-secondary> education, what was your major or main area(s) of study? Mathematics",ATBG05AC,ATBLG05AC,TQG-05Ac,TQG-05Ac,Teacher,GEN\MAJOR AREA OF STUDY\MATHEMATICS (2023),✓,✓,✓,1: Yes; 2: No,9: Omitted or invalid; 6: Logically not applicable; Sysmis: Not administered,1: Yes; 2: No; 9: Omitted or invalid; 6: Logically not applicable; Sysmis: Not administered,Filter Dependent,Nominal,,
GEN\MAJOR_AREA_OF_STUDY\OTHER,"During your <post-secondary> education, what was your major or main area(s) of study? Other",ATBG05AF,ATBLG05AF,TQG-05Af,TQG-05Af,Teacher,GEN\MAJOR AREA OF STUDY\OTHER (2023),✓,✓,✓,1: Yes; 2: No,9: Omitted or invalid; 6: Logically not applicable; Sysmis: Not administered,1: Yes; 2: No; 9: Omitted or invalid; 6: Logically not applicable; Sysmis: Not administered,Filter Dependent,Nominal,,
GEN\MAJOR_AREA_OF_STUDY\SCIENCE,"During your <post-secondary> education, what was your major or main area(s) of study? Science",ATBG05AD,ATBLG05AD,TQG-05Ad,TQG-05Ad,Teacher,GEN\MAJOR AREA OF STUDY\SCIENCE (2023),✓,✓,✓,1: Yes; 2: No,9: Omitted or invalid; 6: Logically not applicable; Sysmis: Not administered,1: Yes; 2: No; 9: Omitted or invalid; 6: Logically not applicable; Sysmis: Not administered,Filter Dependent,Nominal,,
GEN\NUM_INITIATED_MEETINGS,How often have you or someone else in your home initiated a meeting with your child's teacher in the past year?,,ASBLH03,,,Home,GEN\NUM INITIATED MEETINGS (2024),,✓,,1: More than 5 times; 2: 3 to 5 times; 3: Once or twice; 4: Never,9: Omitted or invalid; Sysmis: Not administered,1: More than 5 times; 2: 3 to 5 times; 3: Once or twice; 4: Never; 9: Omitted or invalid; Sysmis: Not administered,Background Questionnaire Variables,Nominal,GEN\NUM INITIATED MEETINGS,Background Questionnaire Variables
GEN\NUM_PARENT_TCH_MEETINGS_ATTENDED,Please estimate how many of the parent-teacher meetings scheduled by your child's school that you or someone else in your home have attended over the past school year.,,ASBLH02,,,Home,GEN\NUM PARENT TCH MEETINGS ATTENDED (2024),,✓,,1: All meetings; 2: Most of the meetings; 3: About half of the meetings; 4: Fewer than half of the meetings; 5: No meetings,9: Omitted or invalid; Sysmis: Not administered,1: All meetings; 2: Most of the meetings; 3: About half of the meetings; 4: Fewer than half of the meetings; 5: No meetings; 9: Omitted or invalid; Sysmis: Not administered,Background Questionnaire Variables,Nominal,GEN\NUM PARENT TCH MEETINGS ATTENDED,Background Questionnaire Variables
GEN\NUMBER_OF_STUDENTS_IN_<4TH_GRADE>,How many of the students in #G10A are in <fourth grade>?,ATBG10B,ATBLG08B,TQG-10B,TQG-08B,Teacher,GEN\NUMBER OF STUDENTS IN <4TH GRADE> (2023),✓,✓,✓,,999: Omitted or invalid; Sysmis: Not administered,999: Omitted or invalid; Sysmis: Not administered,Background Questionnaire Variables,Ratio,,
GEN\NUMBER_OF_STUDENTS_IN_THE_CLASS,How many students are in this class?,ATBG10A,ATBLG08A,TQG-10A,TQG-08A,Teacher,GEN\NUMBER OF STUDENTS IN THE CLASS (2023),✓,✓,✓,,999: Omitted or invalid; Sysmis: Not administered,999: Omitted or invalid; Sysmis: Not administered,Background Questionnaire Variables,Ratio,,
GEN\OFTEN_SPEAK_<LANG_OF_TEST>_AT_HOME,How often do you speak <language of test> at home?,ASBG03,ASBLG03,SQG-03,SQG-03,Student,GEN\OFTEN SPEAK <LANG OF TEST> AT HOME (2023),✓,✓,✓,1: I always speak <language of test> at home; 2: I almost always speak <language of test> at home; 3: I sometimes speak <language of test> and sometimes speak another language at home; 4: I never speak <language of test> at home,9: Omitted or invalid; Sysmis: Not administered,1: I always speak <language of test> at home; 2: I almost always speak <language of test> at home; 3: I sometimes speak <language of test> and sometimes speak another language at home; 4: I never speak <language of test> at home; 9: Omitted or invalid; Sysmis: Not administered,Background Questionnaire Variables,Ordinal,,
GEN\ONLINE_LEARNING_MANAGEMENT_SYSTEM,"Does your school use an online learning management system to support learning (e.g., teacher-student communication, management of grades, student access to course materials)?",ACBG09,ACBLG08,ScQ-09,ScQ-08,School,GEN\ONLINE LEARNING MANAGEMENT SYSTEM (2023),✓,✓,✓,1: Yes; 2: No,9: Omitted or invalid; Sysmis: Not administered,1: Yes; 2: No; 9: Omitted or invalid; Sysmis: Not administered,Background Questionnaire Variables,Nominal,GEN\ONLINE LEARNING MANAGEMENT SYSTEM,Background Questionnaire Variables
GEN\PAST_ACTIVITY\CREATIVE_ACTIVITY,"How often have you or someone else in your home done the following with your child over the past school year? Done creative activities (e.g., <crafts, drawings>)",,ASBLH05C,,,Home,GEN\PAST ACTIVITY\CREATIVE ACTIVITY (2024),,✓,,1: Every day or almost every day; 2: Once or twice a week; 3: Once or twice a month; 4: Never or almost never,9: Omitted or invalid; Sysmis: Not administered,1: Every day or almost every day; 2: Once or twice a week; 3: Once or twice a month; 4: Never or almost never; 9: Omitted or invalid; Sysmis: Not administered,Background Questionnaire Variables,Nominal,GEN\PAST ACTIVITY\CREATIVE ACTIVITY,Background Questionnaire Variables
GEN\PAST_ACTIVITY\DISCUSS_CHILDS_DAY,How often have you or someone else in your home done the following with your child over the past school year? Talked about your child's school day,,ASBLH05A,,,Home,GEN\PAST ACTIVITY\DISCUSS CHILDS DAY (2024),,✓,,1: Every day or almost every day; 2: Once or twice a week; 3: Once or twice a month; 4: Never or almost never,9: Omitted or invalid; Sysmis: Not administered,1: Every day or almost every day; 2: Once or twice a week; 3: Once or twice a month; 4: Never or almost never; 9: Omitted or invalid; Sysmis: Not administered,Background Questionnaire Variables,Nominal,GEN\PAST ACTIVITY\DISCUSS CHILDS DAY,Background Questionnaire Variables
GEN\PAST_ACTIVITY\PRACTICED_SKILLS,"How often have you or someone else in your home done the following with your child over the past school year? Practiced reading, math, or other skills",,ASBLH05B,,,Home,GEN\PAST ACTIVITY\PRACTICED SKILLS (2024),,✓,,1: Every day or almost every day; 2: Once or twice a week; 3: Once or twice a month; 4: Never or almost never,9: Omitted or invalid; Sysmis: Not administered,1: Every day or almost every day; 2: Once or twice a week; 3: Once or twice a month; 4: Never or almost never; 9: Omitted or invalid; Sysmis: Not administered,Background Questionnaire Variables,Nominal,GEN\PAST ACTIVITY\PRACTICED SKILLS,Background Questionnaire Variables
GEN\PAST_ACTIVITY\VISIT_TO_MUSEUM_OR_LIBRARY,"How often have you or someone else in your home done the following with your child over the past school year? Taken your child to places where they have opportunities to learn (e.g., <museum, library>)",,ASBLH05D,,,Home,GEN\PAST ACTIVITY\VISIT TO MUSEUM OR LIBRARY (2024),,✓,,1: Every day or almost every day; 2: Once or twice a week; 3: Once or twice a month; 4: Never or almost never,9: Omitted or invalid; Sysmis: Not administered,1: Every day or almost every day; 2: Once or twice a week; 3: Once or twice a month; 4: Never or almost never; 9: Omitted or invalid; Sysmis: Not administered,Background Questionnaire Variables,Nominal,GEN\PAST ACTIVITY\VISIT TO MUSEUM OR LIBRARY,Background Questionnaire Variables
GEN\PAST_YR\ATTENDED_EVENT,"Have you or someone else in your home done the following over the past school year? Attended a school or class event (e.g., concert, play)",,ASBLH04B,,,Home,GEN\PAST YR\ATTENDED EVENT (2024),,✓,,1: Yes; 2: No,9: Omitted or invalid; Sysmis: Not administered,1: Yes; 2: No; 9: Omitted or invalid; Sysmis: Not administered,Background Questionnaire Variables,Nominal,GEN\PAST YR\ATTENDED EVENT,Background Questionnaire Variables
GEN\PAST_YR\CONTACTED_REP,"Have you or someone else in your home done the following over the past school year? Contacted a representative about decision-making at the school (e.g., <elected parent representative, school board>)",,ASBLH04C,,,Home,GEN\PAST YR\CONTACTED REP (2024),,✓,,1: Yes; 2: No,9: Omitted or invalid; Sysmis: Not administered,1: Yes; 2: No; 9: Omitted or invalid; Sysmis: Not administered,Background Questionnaire Variables,Nominal,GEN\PAST YR\CONTACTED REP,Background Questionnaire Variables
GEN\PAST_YR\ORGANIZED_EVENT,"Have you or someone else in your home done the following over the past school year? Helped with organizing school or class events (e.g., field trips, celebrations)",,ASBLH04A,,,Home,GEN\PAST YR\ORGANIZED EVENT (2024),,✓,,1: Yes; 2: No,9: Omitted or invalid; Sysmis: Not administered,1: Yes; 2: No; 9: Omitted or invalid; Sysmis: Not administered,Background Questionnaire Variables,Nominal,GEN\PAST YR\ORGANIZED EVENT,Background Questionnaire Variables
GEN\PAST_YR\SPOKEN_WITH_OTHER_PARENTS,Have you or someone else in your home done the following over the past school year? Spoken with other parents about the school,,ASBLH04D,,,Home,GEN\PAST YR\SPOKEN WITH OTHER PARENTS (2024),,✓,,1: Yes; 2: No,9: Omitted or invalid; Sysmis: Not administered,1: Yes; 2: No; 9: Omitted or invalid; Sysmis: Not administered,Background Questionnaire Variables,Nominal,GEN\PAST YR\SPOKEN WITH OTHER PARENTS,Background Questionnaire Variables
GEN\PERCENT_OF_STUDENTS_<LANG_OF_TEST>,Approximately what percentage of students in your school have <language of test> as their native language?,ACBG04,ACBLG03,ScQ-04,ScQ-03,School,GEN\PERCENT OF STUDENTS <LANG OF TEST> (2023),✓,✓,✓,1: More than 90%; 2: 76 to 90%; 3: 51 to 75%; 4: 26 to 50%; 5: 25% or less,9: Omitted or invalid; Sysmis: Not administered,1: More than 90%; 2: 76 to 90%; 3: 51 to 75%; 4: 26 to 50%; 5: 25% or less; 9: Omitted or invalid; Sysmis: Not administered,Background Questionnaire Variables,Ordinal,,
GEN\PRIMARY_SCHOOL\COUNT_UP_TO_100,About how many of the students in your school can do the following when they begin the <first grade> of primary/elementary school? Count up to 100 or higher,ACBG16G,,ScQ-16g,,School,GEN\PRIMARY SCHOOL\COUNT UP TO 100 (2023),✓,,,1: Less than 25%; 2: 25–50%; 3: 51–75%; 4: More than 75%,9: Omitted or invalid; Sysmis: Not administered,1: Less than 25%; 2: 25–50%; 3: 51–75%; 4: More than 75%; 9: Omitted or invalid; Sysmis: Not administered,Background Questionnaire Variables,Ordinal,GEN\PRIMARY SCHOOL\COUNT UP TO 100,Background Questionnaire Variables
GEN\PRIMARY_SCHOOL\DO_SIMPLE_ADDITION,About how many of the students in your school can do the following when they begin the <first grade> of primary/elementary school? Do simple addition,ACBG16K,,ScQ-16k,,School,GEN\PRIMARY SCHOOL\DO SIMPLE ADDITION (2023),✓,,,1: Less than 25%; 2: 25–50%; 3: 51–75%; 4: More than 75%,9: Omitted or invalid; Sysmis: Not administered,1: Less than 25%; 2: 25–50%; 3: 51–75%; 4: More than 75%; 9: Omitted or invalid; Sysmis: Not administered,Background Questionnaire Variables,Ordinal,GEN\PRIMARY SCHOOL\DO SIMPLE ADDITION,Background Questionnaire Variables
GEN\PRIMARY_SCHOOL\DO_SIMPLE_SUBTRACTION,About how many of the students in your school can do the following when they begin the <first grade> of primary/elementary school? Do simple subtraction,ACBG16L,,ScQ-16l,,School,GEN\PRIMARY SCHOOL\DO SIMPLE SUBTRACTION (2023),✓,,,1: Less than 25%; 2: 25–50%; 3: 51–75%; 4: More than 75%,9: Omitted or invalid; Sysmis: Not administered,1: Less than 25%; 2: 25–50%; 3: 51–75%; 4: More than 75%; 9: Omitted or invalid; Sysmis: Not administered,Background Questionnaire Variables,Ordinal,GEN\PRIMARY SCHOOL\DO SIMPLE SUBTRACTION,Background Questionnaire Variables
GEN\PRIMARY_SCHOOL\NUMBERS_HIGHER_THAN,About how many of the students in your school can do the following when they begin the <first grade> of primary/elementary school? Recognize written numbers higher than 10,ACBG16I,,ScQ-16i,,School,GEN\PRIMARY SCHOOL\NUMBERS HIGHER THAN (2023),✓,,,1: Less than 25%; 2: 25–50%; 3: 51–75%; 4: More than 75%,9: Omitted or invalid; Sysmis: Not administered,1: Less than 25%; 2: 25–50%; 3: 51–75%; 4: More than 75%; 9: Omitted or invalid; Sysmis: Not administered,Background Questionnaire Variables,Ordinal,GEN\PRIMARY SCHOOL\NUMBERS HIGHER THAN,Background Questionnaire Variables
GEN\PRIMARY_SCHOOL\READ_SENTENCES,About how many of the students in your school can do the following when they begin the <first grade> of primary/elementary school? Read sentences,ACBG16C,,ScQ-16c,,School,GEN\PRIMARY SCHOOL\READ SENTENCES (2023),✓,,,1: Less than 25%; 2: 25–50%; 3: 51–75%; 4: More than 75%,9: Omitted or invalid; Sysmis: Not administered,1: Less than 25%; 2: 25–50%; 3: 51–75%; 4: More than 75%; 9: Omitted or invalid; Sysmis: Not administered,Background Questionnaire Variables,Ordinal,GEN\PRIMARY SCHOOL\READ SENTENCES,Background Questionnaire Variables
GEN\PRIMARY_SCHOOL\READ_WORDS,About how many of the students in your school can do the following when they begin the <first grade> of primary/elementary school? Read some words,ACBG16B,,ScQ-16b,,School,GEN\PRIMARY SCHOOL\READ WORDS (2023),✓,,,1: Less than 25%; 2: 25–50%; 3: 51–75%; 4: More than 75%,9: Omitted or invalid; Sysmis: Not administered,1: Less than 25%; 2: 25–50%; 3: 51–75%; 4: More than 75%; 9: Omitted or invalid; Sysmis: Not administered,Background Questionnaire Variables,Ordinal,GEN\PRIMARY SCHOOL\READ WORDS,Background Questionnaire Variables
GEN\PRIMARY_SCHOOL\RECOGNIZE_LETTERS,About how many of the students in your school can do the following when they begin the <first grade> of primary/elementary school? Recognize most of the letters of the alphabet,ACBG16A,,ScQ-16a,,School,GEN\PRIMARY SCHOOL\RECOGNIZE LETTERS (2023),✓,,,1: Less than 25%; 2: 25–50%; 3: 51–75%; 4: More than 75%,9: Omitted or invalid; Sysmis: Not administered,1: Less than 25%; 2: 25–50%; 3: 51–75%; 4: More than 75%; 9: Omitted or invalid; Sysmis: Not administered,Background Questionnaire Variables,Ordinal,GEN\PRIMARY SCHOOL\RECOGNIZE LETTERS,Background Questionnaire Variables
GEN\PRIMARY_SCHOOL\RECOGNIZE_NUMBERS_FROM,About how many of the students in your school can do the following when they begin the <first grade> of primary/elementary school? Recognize written numbers from 1-10,ACBG16H,,ScQ-16h,,School,GEN\PRIMARY SCHOOL\RECOGNIZE NUMBERS FROM (2023),✓,,,1: Less than 25%; 2: 25–50%; 3: 51–75%; 4: More than 75%,9: Omitted or invalid; Sysmis: Not administered,1: Less than 25%; 2: 25–50%; 3: 51–75%; 4: More than 75%; 9: Omitted or invalid; Sysmis: Not administered,Background Questionnaire Variables,Ordinal,GEN\PRIMARY SCHOOL\RECOGNIZE NUMBERS FROM,Background Questionnaire Variables
GEN\PRIMARY_SCHOOL\WRITE_LETTERS,About how many of the students in your school can do the following when they begin the <first grade> of primary/elementary school? Write letters of the alphabet,ACBG16D,,ScQ-16d,,School,GEN\PRIMARY SCHOOL\WRITE LETTERS (2023),✓,,,1: Less than 25%; 2: 25–50%; 3: 51–75%; 4: More than 75%,9: Omitted or invalid; Sysmis: Not administered,1: Less than 25%; 2: 25–50%; 3: 51–75%; 4: More than 75%; 9: Omitted or invalid; Sysmis: Not administered,Background Questionnaire Variables,Ordinal,GEN\PRIMARY SCHOOL\WRITE LETTERS,Background Questionnaire Variables
GEN\PRIMARY_SCHOOL\WRITE_NAMES,About how many of the students in your school can do the following when they begin the <first grade> of primary/elementary school? Write their names,ACBG16E,,ScQ-16e,,School,GEN\PRIMARY SCHOOL\WRITE NAMES (2023),✓,,,1: Less than 25%; 2: 25–50%; 3: 51–75%; 4: More than 75%,9: Omitted or invalid; Sysmis: Not administered,1: Less than 25%; 2: 25–50%; 3: 51–75%; 4: More than 75%; 9: Omitted or invalid; Sysmis: Not administered,Background Questionnaire Variables,Ordinal,GEN\PRIMARY SCHOOL\WRITE NAMES,Background Questionnaire Variables
GEN\PRIMARY_SCHOOL\WRITE_NUMBERS,About how many of the students in your school can do the following when they begin the <first grade> of primary/elementary school? Write numbers from 1-10,ACBG16J,,ScQ-16j,,School,GEN\PRIMARY SCHOOL\WRITE NUMBERS (2023),✓,,,1: Less than 25%; 2: 25–50%; 3: 51–75%; 4: More than 75%,9: Omitted or invalid; Sysmis: Not administered,1: Less than 25%; 2: 25–50%; 3: 51–75%; 4: More than 75%; 9: Omitted or invalid; Sysmis: Not administered,Background Questionnaire Variables,Ordinal,GEN\PRIMARY SCHOOL\WRITE NUMBERS,Background Questionnaire Variables
GEN\PRIMARY_SCHOOL\WRITE_WORDS,About how many of the students in your school can do the following when they begin the <first grade> of primary/elementary school?  Write words other than their names,ACBG16F,,ScQ-16f,,School,GEN\PRIMARY SCHOOL\WRITE WORDS (2023),✓,,,1: Less than 25%; 2: 25–50%; 3: 51–75%; 4: More than 75%,9: Omitted or invalid; Sysmis: Not administered,1: Less than 25%; 2: 25–50%; 3: 51–75%; 4: More than 75%; 9: Omitted or invalid; Sysmis: Not administered,Background Questionnaire Variables,Ordinal,GEN\PRIMARY SCHOOL\WRITE WORDS,Background Questionnaire Variables
GEN\QUALIFICATIONS_IN_EDUCATIONAL_LEADERSHIP\<CERTIFICATE_OR_LICENSE>,"Do you hold the following qualifications or credentials in educational leadership? <Certificate or license>
",ACBG20A,ACBLG19A,ScQ-20a,ScQ-19a,School,GEN\QUALIFICATIONS IN EDUCATIONAL LEADERSHIP\<CERTIFICATE OR LICENSE> (2023),✓,✓,✓,1: Yes; 2: No,9: Omitted or invalid; Sysmis: Not administered,1: Yes; 2: No; 9: Omitted or invalid; Sysmis: Not administered,Background Questionnaire Variables,Nominal,,
GEN\QUALIFICATIONS_IN_EDUCATIONAL_LEADERSHIP\ISCED_7,Do you hold the following qualifications or credentials in educational leadership? <Master’s or equivalent level—ISCED Level 7>,ACBG20B,ACBLG19B,ScQ-20b,ScQ-19b,School,GEN\QUALIFICATIONS IN EDUCATIONAL LEADERSHIP\ISCED 7 (2023),✓,✓,✓,1: Yes; 2: No,9: Omitted or invalid; Sysmis: Not administered,1: Yes; 2: No; 9: Omitted or invalid; Sysmis: Not administered,Background Questionnaire Variables,Nominal,,
GEN\QUALIFICATIONS_IN_EDUCATIONAL_LEADERSHIP\ISCED_8,Do you hold the following qualifications or credentials in educational leadership?  <Doctor or equivalent level—ISCED Level 8>,ACBG20C,ACBLG19C,ScQ-20c,ScQ-19c,School,GEN\QUALIFICATIONS IN EDUCATIONAL LEADERSHIP\ISCED 8 (2023),✓,✓,✓,1: Yes; 2: No,9: Omitted or invalid; Sysmis: Not administered,1: Yes; 2: No; 9: Omitted or invalid; Sysmis: Not administered,Background Questionnaire Variables,Nominal,,
GEN\SCH_CHARACTER\PARENTAL_COMMITMENT,How would you characterize each of the following within your school? Parental commitment to ensure that students are ready to learn,ACBG12F,ACBLG11F,ScQ-12f,ScQ-11f,School,GEN\SCH CHARACTER\PARENTAL COMMITMENT (2023),✓,✓,✓,1: Very high; 2: High; 3: Medium; 4: Low; 5: Very low,9: Omitted or invalid; Sysmis: Not administered,1: Very high; 2: High; 3: Medium; 4: Low; 5: Very low; 9: Omitted or invalid; Sysmis: Not administered,Background Questionnaire Variables,Ordinal,GEN\SCH CHARACTER\PARENTAL COMMITMENT,Background Questionnaire Variables
GEN\SCH_CHARACTER\PARENTAL_EXPECTATIONS,How would you characterize each of the following within your school? Parental expectations for student achievement,ACBG12G,ACBLG11G,ScQ-12g,ScQ-11g,School,GEN\SCH CHARACTER\PARENTAL EXPECTATIONS (2023),✓,✓,✓,1: Very high; 2: High; 3: Medium; 4: Low; 5: Very low,9: Omitted or invalid; Sysmis: Not administered,1: Very high; 2: High; 3: Medium; 4: Low; 5: Very low; 9: Omitted or invalid; Sysmis: Not administered,Background Questionnaire Variables,Ordinal,GEN\SCH CHARACTER\PARENTAL EXPECTATIONS,Background Questionnaire Variables
GEN\SCH_CHARACTER\PARENTAL_INVOLVEMENT,How would you characterize each of the following within your school? Parental involvement in school activities,ACBG12E,ACBLG11E,ScQ-12e,ScQ-11e,School,GEN\SCH CHARACTER\PARENTAL INVOLVEMENT (2023),✓,✓,✓,1: Very high; 2: High; 3: Medium; 4: Low; 5: Very low,9: Omitted or invalid; Sysmis: Not administered,1: Very high; 2: High; 3: Medium; 4: Low; 5: Very low; 9: Omitted or invalid; Sysmis: Not administered,Background Questionnaire Variables,Ordinal,GEN\SCH CHARACTER\PARENTAL INVOLVEMENT,Background Questionnaire Variables
GEN\SCH_CHARACTER\PARENTAL_SUPPORT,How would you characterize each of the following within your school? Parental support for student achievement,ACBG12H,ACBLG11H,ScQ-12h,ScQ-11h,School,GEN\SCH CHARACTER\PARENTAL SUPPORT (2023),✓,✓,✓,1: Very high; 2: High; 3: Medium; 4: Low; 5: Very low,9: Omitted or invalid; Sysmis: Not administered,1: Very high; 2: High; 3: Medium; 4: Low; 5: Very low; 9: Omitted or invalid; Sysmis: Not administered,Background Questionnaire Variables,Ordinal,GEN\SCH CHARACTER\PARENTAL SUPPORT,Background Questionnaire Variables
GEN\SCH_CHARACTER\STD_DESIRE_TO_DO_WELL,How would you characterize each of the following within your school? Students' desire to do well in school,ACBG12I,ACBLG11I,ScQ-12i,ScQ-11i,School,GEN\SCH CHARACTER\STD DESIRE TO DO WELL (2023),✓,✓,✓,1: Very high; 2: High; 3: Medium; 4: Low; 5: Very low,9: Omitted or invalid; Sysmis: Not administered,1: Very high; 2: High; 3: Medium; 4: Low; 5: Very low; 9: Omitted or invalid; Sysmis: Not administered,Background Questionnaire Variables,Ordinal,,
GEN\SCH_CHARACTER\STD_REACH_GOALS,How would you characterize each of the following within your school? Students' ability to reach school's academic goals,ACBG12J,ACBLG11J,ScQ-12j,ScQ-11j,School,GEN\SCH CHARACTER\STD REACH GOALS (2023),✓,✓,✓,1: Very high; 2: High; 3: Medium; 4: Low; 5: Very low,9: Omitted or invalid; Sysmis: Not administered,1: Very high; 2: High; 3: Medium; 4: Low; 5: Very low; 9: Omitted or invalid; Sysmis: Not administered,Background Questionnaire Variables,Ordinal,,
GEN\SCH_CHARACTER\STD_RESPECT,How would you characterize each of the following within your school? Students’ respect for classmates who excel academically,ACBG12K,ACBLG11K,ScQ-12k,ScQ-11k,School,GEN\SCH CHARACTER\STD RESPECT (2023),✓,✓,✓,1: Very high; 2: High; 3: Medium; 4: Low; 5: Very low,9: Omitted or invalid; Sysmis: Not administered,1: Very high; 2: High; 3: Medium; 4: Low; 5: Very low; 9: Omitted or invalid; Sysmis: Not administered,Background Questionnaire Variables,Ordinal,,
GEN\SCH_CHARACTER\TCH_ABILITY_TO_INSPIRE,How would you characterize each of the following within your school? Teachers' ability to inspire students,ACBG12D,ACBLG11D,ScQ-12d,ScQ-11d,School,GEN\SCH CHARACTER\TCH ABILITY TO INSPIRE (2023),✓,✓,✓,1: Very high; 2: High; 3: Medium; 4: Low; 5: Very low,9: Omitted or invalid; Sysmis: Not administered,1: Very high; 2: High; 3: Medium; 4: Low; 5: Very low; 9: Omitted or invalid; Sysmis: Not administered,Background Questionnaire Variables,Ordinal,,
GEN\SCH_CHARACTER\TCH_EXPECTATIONS,How would you characterize each of the following within your school? Teachers' expectations for student achievement,ACBG12C,ACBLG11C,ScQ-12c,ScQ-11c,School,GEN\SCH CHARACTER\TCH EXPECTATIONS (2023),✓,✓,✓,1: Very high; 2: High; 3: Medium; 4: Low; 5: Very low,9: Omitted or invalid; Sysmis: Not administered,1: Very high; 2: High; 3: Medium; 4: Low; 5: Very low; 9: Omitted or invalid; Sysmis: Not administered,Background Questionnaire Variables,Ordinal,,
GEN\SCH_CHARACTER\TCH_SUCCESS,How would you characterize each of the following within your school? Teachers' degree of success in implementing the school's curriculum,ACBG12B,ACBLG11B,ScQ-12b,ScQ-11b,School,GEN\SCH CHARACTER\TCH SUCCESS (2023),✓,✓,✓,1: Very high; 2: High; 3: Medium; 4: Low; 5: Very low,9: Omitted or invalid; Sysmis: Not administered,1: Very high; 2: High; 3: Medium; 4: Low; 5: Very low; 9: Omitted or invalid; Sysmis: Not administered,Background Questionnaire Variables,Ordinal,,
GEN\SCH_CHARACTER\TCH_UNDERSTANDING,How would you characterize each of the following within your school? Teachers' understanding of the school's curricular goals,ACBG12A,ACBLG11A,ScQ-12a,ScQ-11a,School,GEN\SCH CHARACTER\TCH UNDERSTANDING (2023),✓,✓,✓,1: Very high; 2: High; 3: Medium; 4: Low; 5: Very low,9: Omitted or invalid; Sysmis: Not administered,1: Very high; 2: High; 3: Medium; 4: Low; 5: Very low; 9: Omitted or invalid; Sysmis: Not administered,Background Questionnaire Variables,Ordinal,,
GEN\SCH_ENVIRONMENT\ENCOURAGE_TEACHERS,How much do you agree with these statements? This school encourages teachers to learn about teaching environmental sustainability,ACBG13F,ACBLG15F,ScQ-13f,ScQ-15f,School,GEN\SCH ENVIRONMENT\ENCOURAGE TEACHERS (2023),✓,✓,✓,1: Agree a lot; 2: Agree a little; 3: Disagree a little; 4: Disagree a lot,9: Omitted or invalid; Sysmis: Not administered,1: Agree a lot; 2: Agree a little; 3: Disagree a little; 4: Disagree a lot; 9: Omitted or invalid; Sysmis: Not administered,Background Questionnaire Variables,Ordinal,,
GEN\SCH_ENVIRONMENT\PROMOTES_COMMUNITY,How much do you agree with these statements? This school promotes environmental sustainability within the community,ACBG13G,ACBLG15G,ScQ-13g,ScQ-15g,School,GEN\SCH ENVIRONMENT\PROMOTES COMMUNITY (2023),✓,✓,✓,1: Agree a lot; 2: Agree a little; 3: Disagree a little; 4: Disagree a lot,9: Omitted or invalid; Sysmis: Not administered,1: Agree a lot; 2: Agree a little; 3: Disagree a little; 4: Disagree a lot; 9: Omitted or invalid; Sysmis: Not administered,Background Questionnaire Variables,Ordinal,,
GEN\SCH_ENVIRONMENT\REVIEWS_PRACTICES,How much do you agree with these statements? This school regularly reviews its practices to make them more environmentally sustainable,ACBG13B,ACBLG15B,ScQ-13b,ScQ-15b,School,GEN\SCH ENVIRONMENT\REVIEWS PRACTICES (2023),✓,✓,✓,1: Agree a lot; 2: Agree a little; 3: Disagree a little; 4: Disagree a lot,9: Omitted or invalid; Sysmis: Not administered,1: Agree a lot; 2: Agree a little; 3: Disagree a little; 4: Disagree a lot; 9: Omitted or invalid; Sysmis: Not administered,Background Questionnaire Variables,Ordinal,,
GEN\SCH_ENVIRONMENT\SCH_PROMOTES_PARTICIPATION,How much do you agree with these statements? This school promotes participation in networks or projects related to environmental sustainability,ACBG13H,ACBLG15H,ScQ-13h,ScQ-15h,School,GEN\SCH ENVIRONMENT\SCH PROMOTES PARTICIPATION (2023),✓,✓,✓,1: Agree a lot; 2: Agree a little; 3: Disagree a little; 4: Disagree a lot,9: Omitted or invalid; Sysmis: Not administered,1: Agree a lot; 2: Agree a little; 3: Disagree a little; 4: Disagree a lot; 9: Omitted or invalid; Sysmis: Not administered,Background Questionnaire Variables,Ordinal,,
GEN\SCH_ENVIRONMENT\SCHOOLWIDE_APPROACH,How much do you agree with these statements? There is a schoolwide approach to teaching environmental sustainability to students,ACBG13C,ACBLG15C,ScQ-13c,ScQ-15c,School,GEN\SCH ENVIRONMENT\SCHOOLWIDE APPROACH (2023),✓,✓,✓,1: Agree a lot; 2: Agree a little; 3: Disagree a little; 4: Disagree a lot,9: Omitted or invalid; Sysmis: Not administered,1: Agree a lot; 2: Agree a little; 3: Disagree a little; 4: Disagree a lot; 9: Omitted or invalid; Sysmis: Not administered,Background Questionnaire Variables,Ordinal,,
GEN\SCH_ENVIRONMENT\SHARED_VISION,How much do you agree with these statements? This school has a shared vision about its role in supporting environmental sustainability,ACBG13A,ACBLG15A,ScQ-13a,ScQ-15a,School,GEN\SCH ENVIRONMENT\SHARED VISION (2023),✓,✓,✓,1: Agree a lot; 2: Agree a little; 3: Disagree a little; 4: Disagree a lot,9: Omitted or invalid; Sysmis: Not administered,1: Agree a lot; 2: Agree a little; 3: Disagree a little; 4: Disagree a lot; 9: Omitted or invalid; Sysmis: Not administered,Background Questionnaire Variables,Ordinal,,
GEN\SCH_ENVIRONMENT\TEACH_HOW_TO_TAKE_ACTION,How much do you agree with these statements? This school teaches students how to take action to protect the natural environment,ACBG13E,ACBLG15E,ScQ-13e,ScQ-15e,School,GEN\SCH ENVIRONMENT\TEACH HOW TO TAKE ACTION (2023),✓,✓,✓,1: Agree a lot; 2: Agree a little; 3: Disagree a little; 4: Disagree a lot,9: Omitted or invalid; Sysmis: Not administered,1: Agree a lot; 2: Agree a little; 3: Disagree a little; 4: Disagree a lot; 9: Omitted or invalid; Sysmis: Not administered,Background Questionnaire Variables,Ordinal,,
GEN\SCH_ENVIRONMENT\TEACH_TO_APPRECIATE,How much do you agree with these statements? This school teaches students to appreciate the natural environment,ACBG13D,ACBLG15D,ScQ-13d,ScQ-15d,School,GEN\SCH ENVIRONMENT\TEACH TO APPRECIATE (2023),✓,✓,✓,1: Agree a lot; 2: Agree a little; 3: Disagree a little; 4: Disagree a lot,9: Omitted or invalid; Sysmis: Not administered,1: Agree a lot; 2: Agree a little; 3: Disagree a little; 4: Disagree a lot; 9: Omitted or invalid; Sysmis: Not administered,Background Questionnaire Variables,Ordinal,,
GEN\SEX_OF_STUDENT,Which of these describes you?,ASBG01,ASBLG01,SQG-01,SQG-01,Student,GEN\SEX OF STUDENT (2023),✓,✓,✓,1: Girl; 2: Boy; 3: <Other>,9: Omitted or invalid; Sysmis: Not administered,1: Girl; 2: Boy; 3: <Other>; 9: Omitted or invalid; Sysmis: Not administered,Background Questionnaire Variables,Nominal,GEN\SEX OF STUDENT,Background Questionnaire Variables
GEN\SEX_OF_TEACHER,Which of these describes you?,ATBG02,ATBLG02,TQG-02,TQG-02,Teacher,GEN\SEX OF TEACHER (2023),✓,✓,✓,1: Female; 2: Male; 3: <Other>,9: Omitted or invalid; Sysmis: Not administered,1: Female; 2: Male; 3: <Other>; 9: Omitted or invalid; Sysmis: Not administered,Background Questionnaire Variables,Nominal,,
GEN\SHORTAGE\GEN\AUDIO_VISUAL_RESOURCES,"How much is your school's capacity to provide instruction affected by a shortage or inadequacy of the following? General School Resources: Audio-visual resources for delivery of instruction (e.g., interactive white boards, digital projectors)",ACBG11AG,ACBLG10AG,ScQ-11Ag,ScQ-10Ag,School,GEN\SHORTAGE\GEN\AUDIO VISUAL RESOURCES (2023),✓,✓,✓,1: Not at all; 2: A little; 3: Some; 4: A lot,9: Omitted or invalid; Sysmis: Not administered,1: Not at all; 2: A little; 3: Some; 4: A lot; 9: Omitted or invalid; Sysmis: Not administered,Background Questionnaire Variables,Ordinal,GEN\SHORTAGE\GEN\AUDIO VISUAL RESOURCES,Background Questionnaire Variables
GEN\SHORTAGE\GEN\DIGITAL_DEVICES,How much is your school's capacity to provide instruction affected by a shortage or inadequacy of the following? General School Resources: Digital devices for student use,ACBG11AH,ACBLG10AH,ScQ-11Ah,ScQ-10Ah,School,GEN\SHORTAGE\GEN\DIGITAL DEVICES (2023),✓,✓,✓,1: Not at all; 2: A little; 3: Some; 4: A lot,9: Omitted or invalid; Sysmis: Not administered,1: Not at all; 2: A little; 3: Some; 4: A lot; 9: Omitted or invalid; Sysmis: Not administered,Background Questionnaire Variables,Ordinal,GEN\SHORTAGE\GEN\DIGITAL DEVICES,Background Questionnaire Variables
GEN\SHORTAGE\GEN\HEATING_SYSTEMS,How much is your school's capacity to provide instruction affected by a shortage or inadequacy of the following? General School Resources: Heating/cooling and lighting systems,ACBG11AD,ACBLG10AD,ScQ-11Ad,ScQ-10Ad,School,GEN\SHORTAGE\GEN\HEATING SYSTEMS (2023),✓,✓,✓,1: Not at all; 2: A little; 3: Some; 4: A lot,9: Omitted or invalid; Sysmis: Not administered,1: Not at all; 2: A little; 3: Some; 4: A lot; 9: Omitted or invalid; Sysmis: Not administered,Background Questionnaire Variables,Ordinal,GEN\SHORTAGE\GEN\HEATING SYSTEMS,Background Questionnaire Variables
GEN\SHORTAGE\GEN\INSTRUCTIONAL_MATERIAL,"How much is your school's capacity to provide instruction affected by a shortage or inadequacy of the following? General School Resources: Instructional materials (e.g., textbooks)",ACBG11AA,ACBLG10AA,ScQ-11Aa,ScQ-10Aa,School,GEN\SHORTAGE\GEN\INSTRUCTIONAL MATERIAL (2023),✓,✓,✓,1: Not at all; 2: A little; 3: Some; 4: A lot,9: Omitted or invalid; Sysmis: Not administered,1: Not at all; 2: A little; 3: Some; 4: A lot; 9: Omitted or invalid; Sysmis: Not administered,Background Questionnaire Variables,Ordinal,GEN\SHORTAGE\GEN\INSTRUCTIONAL MATERIAL,Background Questionnaire Variables
GEN\SHORTAGE\GEN\INSTRUCTIONAL_SPACE,"How much is your school's capacity to provide instruction affected by a shortage or inadequacy of the following? General School Resources: Instructional space (e.g., classrooms)",ACBG11AE,ACBLG10AE,ScQ-11Ae,ScQ-10Ae,School,GEN\SHORTAGE\GEN\INSTRUCTIONAL SPACE (2023),✓,✓,✓,1: Not at all; 2: A little; 3: Some; 4: A lot,9: Omitted or invalid; Sysmis: Not administered,1: Not at all; 2: A little; 3: Some; 4: A lot; 9: Omitted or invalid; Sysmis: Not administered,Background Questionnaire Variables,Ordinal,GEN\SHORTAGE\GEN\INSTRUCTIONAL SPACE,Background Questionnaire Variables
GEN\SHORTAGE\GEN\RESOURCES_STD_WITH_DISAB,How much is your school's capacity to provide instruction affected by a shortage or inadequacy of the following? General School Resources: Resources for students with disabilities,ACBG11AI,ACBLG10AI,ScQ-11Ai,ScQ-10Ai,School,GEN\SHORTAGE\GEN\RESOURCES STD WITH DISAB (2023),✓,✓,✓,1: Not at all; 2: A little; 3: Some; 4: A lot,9: Omitted or invalid; Sysmis: Not administered,1: Not at all; 2: A little; 3: Some; 4: A lot; 9: Omitted or invalid; Sysmis: Not administered,Background Questionnaire Variables,Ordinal,GEN\SHORTAGE\GEN\RESOURCES STD WITH DISAB,Background Questionnaire Variables
GEN\SHORTAGE\GEN\SCHOOL_BUILDINGS,How much is your school's capacity to provide instruction affected by a shortage or inadequacy of the following? General School Resources: School buildings and grounds,ACBG11AC,ACBLG10AC,ScQ-11Ac,ScQ-10Ac,School,GEN\SHORTAGE\GEN\SCHOOL BUILDINGS (2023),✓,✓,✓,1: Not at all; 2: A little; 3: Some; 4: A lot,9: Omitted or invalid; Sysmis: Not administered,1: Not at all; 2: A little; 3: Some; 4: A lot; 9: Omitted or invalid; Sysmis: Not administered,Background Questionnaire Variables,Ordinal,GEN\SHORTAGE\GEN\SCHOOL BUILDINGS,Background Questionnaire Variables
GEN\SHORTAGE\GEN\SUPPLIES,"How much is your school's capacity to provide instruction affected by a shortage or inadequacy of the following? General School Resources: Supplies (e.g., papers, pencils, materials)",ACBG11AB,ACBLG10AB,ScQ-11Ab,ScQ-10Ab,School,GEN\SHORTAGE\GEN\SUPPLIES (2023),✓,✓,✓,1: Not at all; 2: A little; 3: Some; 4: A lot,9: Omitted or invalid; Sysmis: Not administered,1: Not at all; 2: A little; 3: Some; 4: A lot; 9: Omitted or invalid; Sysmis: Not administered,Background Questionnaire Variables,Ordinal,GEN\SHORTAGE\GEN\SUPPLIES,Background Questionnaire Variables
GEN\SHORTAGE\GEN\TECHNOLOGICAL_STAFF,How much is your school's capacity to provide instruction affected by a shortage or inadequacy of the following? General School Resources: Technologically competent staff,ACBG11AF,ACBLG10AF,ScQ-11Af,ScQ-10Af,School,GEN\SHORTAGE\GEN\TECHNOLOGICAL STAFF (2023),✓,✓,✓,1: Not at all; 2: A little; 3: Some; 4: A lot,9: Omitted or invalid; Sysmis: Not administered,1: Not at all; 2: A little; 3: Some; 4: A lot; 9: Omitted or invalid; Sysmis: Not administered,Background Questionnaire Variables,Ordinal,GEN\SHORTAGE\GEN\TECHNOLOGICAL STAFF,Background Questionnaire Variables
GEN\SHORTAGE\MAT\CALCULATORS,How much is your school's capacity to provide instruction affected by a shortage or inadequacy of the following? Resources for Mathematics Instruction: Calculators for mathematics instruction,ACBG11BD,ACBLG10BD,ScQ-11Bd,ScQ-10Bd,School,GEN\SHORTAGE\MAT\CALCULATORS (2023),✓,✓,✓,1: Not at all; 2: A little; 3: Some; 4: A lot,9: Omitted or invalid; Sysmis: Not administered,1: Not at all; 2: A little; 3: Some; 4: A lot; 9: Omitted or invalid; Sysmis: Not administered,Background Questionnaire Variables,Ordinal,GEN\SHORTAGE\MAT\CALCULATORS,Background Questionnaire Variables
GEN\SHORTAGE\MAT\COMPUTER_SOFTWARE,How much is your school's capacity to provide instruction affected by a shortage or inadequacy of the following? Resources for Mathematics Instruction: Computer software/applications for mathematics instruction,ACBG11BB,ACBLG10BB,ScQ-11Bb,ScQ-10Bb,School,GEN\SHORTAGE\MAT\COMPUTER SOFTWARE (2023),✓,✓,✓,1: Not at all; 2: A little; 3: Some; 4: A lot,9: Omitted or invalid; Sysmis: Not administered,1: Not at all; 2: A little; 3: Some; 4: A lot; 9: Omitted or invalid; Sysmis: Not administered,Background Questionnaire Variables,Ordinal,GEN\SHORTAGE\MAT\COMPUTER SOFTWARE,Background Questionnaire Variables
GEN\SHORTAGE\MAT\CONCRETE_OBJECTS,How much is your school's capacity to provide instruction affected by a shortage or inadequacy of the following? Resources for Mathematics Instruction: Concrete objects or materials to help students understand quantities or procedures,ACBG11BE,ACBLG10BE,ScQ-11Be,ScQ-10Be,School,GEN\SHORTAGE\MAT\CONCRETE OBJECTS (2023),✓,✓,✓,1: Not at all; 2: A little; 3: Some; 4: A lot,9: Omitted or invalid; Sysmis: Not administered,1: Not at all; 2: A little; 3: Some; 4: A lot; 9: Omitted or invalid; Sysmis: Not administered,Background Questionnaire Variables,Ordinal,GEN\SHORTAGE\MAT\CONCRETE OBJECTS,Background Questionnaire Variables
GEN\SHORTAGE\MAT\LIBRARY_RESOURCES,How much is your school's capacity to provide instruction affected by a shortage or inadequacy of the following? Resources for Mathematics Instruction: Library resources relevant to mathematics instruction,ACBG11BC,ACBLG10BC,ScQ-11Bc,ScQ-10Bc,School,GEN\SHORTAGE\MAT\LIBRARY RESOURCES (2023),✓,✓,✓,1: Not at all; 2: A little; 3: Some; 4: A lot,9: Omitted or invalid; Sysmis: Not administered,1: Not at all; 2: A little; 3: Some; 4: A lot; 9: Omitted or invalid; Sysmis: Not administered,Background Questionnaire Variables,Ordinal,GEN\SHORTAGE\MAT\LIBRARY RESOURCES,Background Questionnaire Variables
GEN\SHORTAGE\MAT\TEACH_SPEC_MATH,How much is your school's capacity to provide instruction affected by a shortage or inadequacy of the following? Resources for Mathematics Instruction: Teachers with a specialization in mathematics,ACBG11BA,ACBLG10BA,ScQ-11Ba,ScQ-10Ba,School,GEN\SHORTAGE\MAT\TEACH SPEC MATH (2023),✓,✓,✓,1: Not at all; 2: A little; 3: Some; 4: A lot,9: Omitted or invalid; Sysmis: Not administered,1: Not at all; 2: A little; 3: Some; 4: A lot; 9: Omitted or invalid; Sysmis: Not administered,Background Questionnaire Variables,Ordinal,GEN\SHORTAGE\MAT\TEACH SPEC MATH,Background Questionnaire Variables
GEN\SHORTAGE\SCI\COMPUTER_SOFTWARE,How much is your school's capacity to provide instruction affected by a shortage or inadequacy of the following? Resources for Science Instruction: Computer software/applications for science instruction,ACBG11CB,ACBLG10CB,ScQ-11Cb,ScQ-11Cb,School,GEN\SHORTAGE\SCI\COMPUTER SOFTWARE (2023),✓,✓,✓,1: Not at all; 2: A little; 3: Some; 4: A lot,9: Omitted or invalid; Sysmis: Not administered,1: Not at all; 2: A little; 3: Some; 4: A lot; 9: Omitted or invalid; Sysmis: Not administered,Background Questionnaire Variables,Ordinal,GEN\SHORTAGE\SCI\COMPUTER SOFTWARE,Background Questionnaire Variables
GEN\SHORTAGE\SCI\LIBRARY_RESOURCES,How much is your school's capacity to provide instruction affected by a shortage or inadequacy of the following? Resources for Science Instruction: Library resources relevant to science instruction,ACBG11CC,ACBLG10CC,ScQ-11Cc,ScQ-11Cc,School,GEN\SHORTAGE\SCI\LIBRARY RESOURCES (2023),✓,✓,✓,1: Not at all; 2: A little; 3: Some; 4: A lot,9: Omitted or invalid; Sysmis: Not administered,1: Not at all; 2: A little; 3: Some; 4: A lot; 9: Omitted or invalid; Sysmis: Not administered,Background Questionnaire Variables,Ordinal,GEN\SHORTAGE\SCI\LIBRARY RESOURCES,Background Questionnaire Variables
GEN\SHORTAGE\SCI\SCIENCE_EQUIPMENT,How much is your school's capacity to provide instruction affected by a shortage or inadequacy of the following? Resources for Science Instruction: Science equipment and materials for experiments,ACBG11CD,ACBLG10CD,ScQ-11Cd,ScQ-11Cd,School,GEN\SHORTAGE\SCI\SCIENCE EQUIPMENT (2023),✓,✓,✓,1: Not at all; 2: A little; 3: Some; 4: A lot,9: Omitted or invalid; Sysmis: Not administered,1: Not at all; 2: A little; 3: Some; 4: A lot; 9: Omitted or invalid; Sysmis: Not administered,Background Questionnaire Variables,Ordinal,GEN\SHORTAGE\SCI\SCIENCE EQUIPMENT,Background Questionnaire Variables
GEN\SHORTAGE\SCI\TEACH_SPEC_SCIENCE,How much is your school's capacity to provide instruction affected by a shortage or inadequacy of the following? Resources for Science Instruction: Teachers with a specialization in science,ACBG11CA,ACBLG10CA,ScQ-11Ca,ScQ-10Ca,School,GEN\SHORTAGE\SCI\TEACH SPEC SCIENCE (2023),✓,✓,✓,1: Not at all; 2: A little; 3: Some; 4: A lot,9: Omitted or invalid; Sysmis: Not administered,1: Not at all; 2: A little; 3: Some; 4: A lot; 9: Omitted or invalid; Sysmis: Not administered,Background Questionnaire Variables,Ordinal,GEN\SHORTAGE\SCI\TEACH SPEC SCIENCE,Background Questionnaire Variables
GEN\SKILLS\COUNT_BY_HIM-/HERSELF,Could your child do the following when he/she began the <first grade> of primary/elementary school? Count by himself/herself,ASBH07A,,HQ-07a,,Home,GEN\SKILLS\COUNT BY HIM-/HERSELF (2023),✓,,,1: Not at all; 2: Up to 10; 3: Up to 20; 4: Up to 100 or higher,9: Omitted or invalid; Sysmis: Not administered,1: Not at all; 2: Up to 10; 3: Up to 20; 4: Up to 100 or higher; 9: Omitted or invalid; Sysmis: Not administered,Background Questionnaire Variables,Ordinal,GEN\SKILLS\COUNT BY HIM-/HERSELF,Background Questionnaire Variables
GEN\SKILLS\READ_A_STORY,How well could your child do the following when he/she began the <first grade> of primary/elementary school? Read a story,ASBH06D,,HQ-06d,,Home,GEN\SKILLS\READ A STORY (2023),✓,,,1: Very well; 2: Moderately well; 3: Not very well; 4: Not at all,9: Omitted or invalid; Sysmis: Not administered,1: Very well; 2: Moderately well; 3: Not very well; 4: Not at all; 9: Omitted or invalid; Sysmis: Not administered,Background Questionnaire Variables,Ordinal,GEN\SKILLS\READ A STORY,Background Questionnaire Variables
GEN\SKILLS\READ_SENTENCES,How well could your child do the following when he/she began the <first grade> of primary/elementary school? Read sentences,ASBH06C,,HQ-06c,,Home,GEN\SKILLS\READ SENTENCES (2023),✓,,,1: Very well; 2: Moderately well; 3: Not very well; 4: Not at all,9: Omitted or invalid; Sysmis: Not administered,1: Very well; 2: Moderately well; 3: Not very well; 4: Not at all; 9: Omitted or invalid; Sysmis: Not administered,Background Questionnaire Variables,Ordinal,GEN\SKILLS\READ SENTENCES,Background Questionnaire Variables
GEN\SKILLS\READ_SOME_WORDS,How well could your child do the following when he/she began the <first grade> of primary/elementary school? Read some words,ASBH06B,,HQ-06b,,Home,GEN\SKILLS\READ SOME WORDS (2023),✓,,,1: Very well; 2: Moderately well; 3: Not very well; 4: Not at all,9: Omitted or invalid; Sysmis: Not administered,1: Very well; 2: Moderately well; 3: Not very well; 4: Not at all; 9: Omitted or invalid; Sysmis: Not administered,Background Questionnaire Variables,Ordinal,GEN\SKILLS\READ SOME WORDS,Background Questionnaire Variables
GEN\SKILLS\RECOG_WRITTEN_NUMERAL,Could your child do the following when he/she began the <first grade> of primary/elementary school? Recognize written numbers,ASBH07B,,HQ-07b,,Home,GEN\SKILLS\RECOG WRITTEN NUMERAL (2023),✓,,,1: Not at all; 2: Up to 10; 3: Up to 20; 4: Up to 100 or higher,9: Omitted or invalid; Sysmis: Not administered,1: Not at all; 2: Up to 10; 3: Up to 20; 4: Up to 100 or higher; 9: Omitted or invalid; Sysmis: Not administered,Background Questionnaire Variables,Ordinal,GEN\SKILLS\RECOG WRITTEN NUMERAL,Background Questionnaire Variables
GEN\SKILLS\RECOGNIZE_LETTERS,How well could your child do the following when he/she began the <first grade> of primary/elementary school? Recognize the letters of the alphabet,ASBH06A,,HQ-06a,,Home,GEN\SKILLS\RECOGNIZE LETTERS (2023),✓,,,1: Very well; 2: Moderately well; 3: Not very well; 4: Not at all,9: Omitted or invalid; Sysmis: Not administered,1: Very well; 2: Moderately well; 3: Not very well; 4: Not at all; 9: Omitted or invalid; Sysmis: Not administered,Background Questionnaire Variables,Ordinal,GEN\SKILLS\RECOGNIZE LETTERS,Background Questionnaire Variables
GEN\SKILLS\SIMPLE_ADDITION,Could your child do the following when he/she began the <first grade> of primary/elementary school? Do simple addition,ASBH07D,,HQ-07d,,Home,GEN\SKILLS\SIMPLE ADDITION (2023),✓,,,1: Yes; 2: No,9: Omitted or invalid; Sysmis: Not administered,1: Yes; 2: No; 9: Omitted or invalid; Sysmis: Not administered,Background Questionnaire Variables,Nominal,GEN\SKILLS\SIMPLE ADDITION,Background Questionnaire Variables
GEN\SKILLS\SIMPLE_SUBTRACTION,Could your child do the following when he/she began the <first grade> of primary/elementary school? Do simple subtraction,ASBH07E,,HQ-07e,,Home,GEN\SKILLS\SIMPLE SUBTRACTION (2023),✓,,,1: Yes; 2: No,9: Omitted or invalid; Sysmis: Not administered,1: Yes; 2: No; 9: Omitted or invalid; Sysmis: Not administered,Background Questionnaire Variables,Nominal,GEN\SKILLS\SIMPLE SUBTRACTION,Background Questionnaire Variables
GEN\SKILLS\WRITE_LETTERS,How well could your child do the following when he/she began the <first grade> of primary/elementary school? Write letters of the alphabet,ASBH06E,,HQ-06e,,Home,GEN\SKILLS\WRITE LETTERS (2023),✓,,,1: Very well; 2: Moderately well; 3: Not very well; 4: Not at all,9: Omitted or invalid; Sysmis: Not administered,1: Very well; 2: Moderately well; 3: Not very well; 4: Not at all; 9: Omitted or invalid; Sysmis: Not administered,Background Questionnaire Variables,Ordinal,GEN\SKILLS\WRITE LETTERS,Background Questionnaire Variables
GEN\SKILLS\WRITE_NAME,How well could your child do the following when he/she began the <first grade> of primary/elementary school? Write his/her name,ASBH06F,,HQ-06f,,Home,GEN\SKILLS\WRITE NAME (2023),✓,,,1: Very well; 2: Moderately well; 3: Not very well; 4: Not at all,9: Omitted or invalid; Sysmis: Not administered,1: Very well; 2: Moderately well; 3: Not very well; 4: Not at all; 9: Omitted or invalid; Sysmis: Not administered,Background Questionnaire Variables,Ordinal,GEN\SKILLS\WRITE NAME,Background Questionnaire Variables
GEN\SKILLS\WRITE_NUMBERS,Could your child do the following when he/she began the <first grade> of primary/elementary school? Write numbers,ASBH07C,,HQ-07c,,Home,GEN\SKILLS\WRITE NUMBERS (2023),✓,,,1: Not at all; 2: Up to 10; 3: Up to 20; 4: Up to 100 or higher,9: Omitted or invalid; Sysmis: Not administered,1: Not at all; 2: Up to 10; 3: Up to 20; 4: Up to 100 or higher; 9: Omitted or invalid; Sysmis: Not administered,Background Questionnaire Variables,Ordinal,GEN\SKILLS\WRITE NUMBERS,Background Questionnaire Variables
GEN\SKILLS\WRITE_WORDS,How well could your child do the following when he/she began the <first grade> of primary/elementary school? Write words other than his/her name,ASBH06G,,HQ-06g,,Home,GEN\SKILLS\WRITE WORDS (2023),✓,,,1: Very well; 2: Moderately well; 3: Not very well; 4: Not at all,9: Omitted or invalid; Sysmis: Not administered,1: Very well; 2: Moderately well; 3: Not very well; 4: Not at all; 9: Omitted or invalid; Sysmis: Not administered,Background Questionnaire Variables,Ordinal,GEN\SKILLS\WRITE WORDS,Background Questionnaire Variables
GEN\STUDENTS_BACKGROUND\ECONOMIC_AFFLUEN,Approximately what percentage of students in your school have the following backgrounds? Come from economically affluent homes,ACBG03B,ACBLG02B,ScQ-03b,ScQ-02b,School,GEN\STUDENTS BACKGROUND\ECONOMIC AFFLUEN (2023),✓,✓,✓,1: 0 to 10%; 2: 11 to 25%; 3: 26 to 50%; 4: More than 50%,9: Omitted or invalid; Sysmis: Not administered,1: 0 to 10%; 2: 11 to 25%; 3: 26 to 50%; 4: More than 50%; 9: Omitted or invalid; Sysmis: Not administered,Background Questionnaire Variables,Ordinal,GEN\STUDENTS BACKGROUND\ECONOMIC AFFLUEN,Background Questionnaire Variables
GEN\STUDENTS_BACKGROUND\ECONOMIC_DISADVA,Approximately what percentage of students in your school have the following backgrounds? Come from economically disadvantaged homes,ACBG03A,ACBLG02A,ScQ-03a,ScQ-02a,School,GEN\STUDENTS BACKGROUND\ECONOMIC DISADVA (2023),✓,✓,✓,1: 0 to 10%; 2: 11 to 25%; 3: 26 to 50%; 4: More than 50%,9: Omitted or invalid; Sysmis: Not administered,1: 0 to 10%; 2: 11 to 25%; 3: 26 to 50%; 4: More than 50%; 9: Omitted or invalid; Sysmis: Not administered,Background Questionnaire Variables,Ordinal,GEN\STUDENTS BACKGROUND\ECONOMIC DISADVA,Background Questionnaire Variables
GEN\THINKING_ABT_CURR_SCH\FEEL_SAFE,How much do you agree or disagree with the following statements about your current school? I feel safe at this school,ATBG07A,,TQG-07a,,Teacher,GEN\THINKING ABT CURR SCH\FEEL SAFE (2023),✓,,,1: Agree a lot; 2: Agree a little; 3: Disagree a little; 4: Disagree a lot,9: Omitted or invalid; Sysmis: Not administered,1: Agree a lot; 2: Agree a little; 3: Disagree a little; 4: Disagree a lot; 9: Omitted or invalid; Sysmis: Not administered,Background Questionnaire Variables,Ordinal,,
GEN\THINKING_ABT_CURR_SCH\RESPECT_PROPERTY,How much do you agree or disagree with the following statements about your current school? The students respect school property,ATBG07E,,TQG-07e,,Teacher,GEN\THINKING ABT CURR SCH\RESPECT PROPERTY (2023),✓,,,1: Agree a lot; 2: Agree a little; 3: Disagree a little; 4: Disagree a lot,9: Omitted or invalid; Sysmis: Not administered,1: Agree a lot; 2: Agree a little; 3: Disagree a little; 4: Disagree a lot; 9: Omitted or invalid; Sysmis: Not administered,Background Questionnaire Variables,Ordinal,,
GEN\THINKING_ABT_CURR_SCH\RULES_ENFORCED,How much do you agree or disagree with the following statements about your current school? This school's rules are enforced in a fair and consistent manner,ATBG07G,,TQG-07g,,Teacher,GEN\THINKING ABT CURR SCH\RULES ENFORCED (2023),✓,,,1: Agree a lot; 2: Agree a little; 3: Disagree a little; 4: Disagree a lot,9: Omitted or invalid; Sysmis: Not administered,1: Agree a lot; 2: Agree a little; 3: Disagree a little; 4: Disagree a lot; 9: Omitted or invalid; Sysmis: Not administered,Background Questionnaire Variables,Ordinal,,
GEN\THINKING_ABT_CURR_SCH\SCH_CLEAR_RULES,How much do you agree or disagree with the following statements about your current school?  This school has clear rules about student conduct,ATBG07F,,TQG-07f,,Teacher,GEN\THINKING ABT CURR SCH\SCH CLEAR RULES (2023),✓,,,1: Agree a lot; 2: Agree a little; 3: Disagree a little; 4: Disagree a lot,9: Omitted or invalid; Sysmis: Not administered,1: Agree a lot; 2: Agree a little; 3: Disagree a little; 4: Disagree a lot; 9: Omitted or invalid; Sysmis: Not administered,Background Questionnaire Variables,Ordinal,,
GEN\THINKING_ABT_CURR_SCH\SECURITY_POLIC,How much do you agree or disagree with the following statements about your current school? This school's security policies and practices are sufficient,ATBG07B,,TQG-07b,,Teacher,GEN\THINKING ABT CURR SCH\SECURITY POLIC (2023),✓,,,1: Agree a lot; 2: Agree a little; 3: Disagree a little; 4: Disagree a lot,9: Omitted or invalid; Sysmis: Not administered,1: Agree a lot; 2: Agree a little; 3: Disagree a little; 4: Disagree a lot; 9: Omitted or invalid; Sysmis: Not administered,Background Questionnaire Variables,Ordinal,,
GEN\THINKING_ABT_CURR_SCH\STUD_BEHAVE,How much do you agree or disagree with the following statements about your current school?  The students behave in an orderly manner,ATBG07C,,TQG-07c,,Teacher,GEN\THINKING ABT CURR SCH\STUD BEHAVE (2023),✓,,,1: Agree a lot; 2: Agree a little; 3: Disagree a little; 4: Disagree a lot,9: Omitted or invalid; Sysmis: Not administered,1: Agree a lot; 2: Agree a little; 3: Disagree a little; 4: Disagree a lot; 9: Omitted or invalid; Sysmis: Not administered,Background Questionnaire Variables,Ordinal,,
GEN\THINKING_ABT_CURR_SCH\STUD_RESPECT,How much do you agree or disagree with the following statements about your current school? The students are respectful of the teachers,ATBG07D,,TQG-07d,,Teacher,GEN\THINKING ABT CURR SCH\STUD RESPECT (2023),✓,,,1: Agree a lot; 2: Agree a little; 3: Disagree a little; 4: Disagree a lot,9: Omitted or invalid; Sysmis: Not administered,1: Agree a lot; 2: Agree a little; 3: Disagree a little; 4: Disagree a lot; 9: Omitted or invalid; Sysmis: Not administered,Background Questionnaire Variables,Ordinal,,
GEN\TOTAL_INSTRUCTIONAL_TIME,"For the <fifth grade> students in your school: What is the total instructional time, excluding breaks, in a typical day? (minutes)",ACBG06B,ACBLG04B,ScQ-06B,ScQ-04B,School,GEN\TOTAL INSTRUCTIONAL TIME (2023),✓,✓,✓,,999: Omitted or invalid; Sysmis: Not administered,999: Omitted or invalid; Sysmis: Not administered,Background Questionnaire Variables,Ratio,GEN\TOTAL INSTRUCTIONAL TIME,Background Questionnaire Variables
GEN\TOTAL_NUMBER_COMPUTERS,How many computers (including tablets) does your school have for use by <fourth grade> students?,ACBG07,ACBLG05,ScQ-07,ScQ-05,School,GEN\TOTAL NUMBER COMPUTERS (2023),✓,✓,✓,,9999: Omitted or invalid; Sysmis: Not administered,9999: Omitted or invalid; Sysmis: Not administered,Background Questionnaire Variables,Ratio,GEN\TOTAL NUMBER COMPUTERS,Background Questionnaire Variables
GEN\WERE_YOU_BORN_IN_<COUNTRY>,Were you born in <country>?,ASBG07,,SQG-07,,Student,GEN\WERE YOU BORN IN <COUNTRY> (2023),✓,,,1: Yes; 2: No,9: Omitted or invalid; Sysmis: Not administered,1: Yes; 2: No; 9: Omitted or invalid; Sysmis: Not administered,Background Questionnaire Variables,Nominal,,
GEN\WERE_YOUR_<PARENTS/GUARDIAN_A>_BORN_IN_<COUNTRY>,Were your <parents/guardians> born in <country>? <Parent/Guardian A>,ASBG06A,,SQG-06A,,Student,GEN\WERE YOUR <PARENTS/GUARDIAN A> BORN IN <COUNTRY> (2023),✓,,,1: Yes; 2: No; 3: I don’t know; 4: Not applicable,9: Omitted or invalid; Sysmis: Not administered,1: Yes; 2: No; 3: I don’t know; 4: Not applicable; 9: Omitted or invalid; Sysmis: Not administered,Background Questionnaire Variables,Nominal,,
GEN\WERE_YOUR_<PARENTS/GUARDIAN_B>_BORN_IN_<COUNTRY>,Were your <parents/guardians> born in <country>? <Parent/Guardian B>,ASBG06B,,SQG-06B,,Student,GEN\WERE YOUR <PARENTS/GUARDIAN B> BORN IN <COUNTRY> (2023),✓,,,1: Yes; 2: No; 3: I don’t know; 4: Not applicable,9: Omitted or invalid; Sysmis: Not administered,1: Yes; 2: No; 3: I don’t know; 4: Not applicable; 9: Omitted or invalid; Sysmis: Not administered,Background Questionnaire Variables,Nominal,,
GEN\WHAT_KIND_OF_MAIN_JOB\<PARENT/GUARDIAN_A>,"What kind of work do the child’s <parents/guardians> do for their main jobs? <Parent/Guardian A>
",ASBH18A,ASBLH15A,HQ-18a,HQ-15a,Home,GEN\WHAT KIND OF MAIN JOB\<PARENT/GUARDIAN A> (2023),✓,✓,✓,1: Has never worked for pay; 2: Small Business Owner; 3: Clerical Worker; 4: Service or Sales Worker; 5: Skilled Agricultural or Fishery Worker; 6: Craft or Trade Worker; 7: Plant or Machine Operator; 8: General Laborers; 9: Corporate Manager or Senior Official; 10: Professional; 11: Technician or Associate Professional; 12: Not applicable,99: Omitted or invalid; Sysmis: Not administered,1: Has never worked for pay; 2: Small Business Owner; 3: Clerical Worker; 4: Service or Sales Worker; 5: Skilled Agricultural or Fishery Worker; 6: Craft or Trade Worker; 7: Plant or Machine Operator; 8: General Laborers; 9: Corporate Manager or Senior Official; 10: Professional; 11: Technician or Associate Professional; 12: Not applicable; 99: Omitted or invalid; Sysmis: Not administered,Background Questionnaire Variables,Nominal,GEN\WHAT KIND OF MAIN JOB\<PARENT/GUARDIAN A>,Background Questionnaire Variables
GEN\WHAT_KIND_OF_MAIN_JOB\<PARENT/GUARDIAN_B>,What kind of work do the child's <parents/guardians> do for their main jobs? <Parent/Guardian B>,ASBH18B,ASBLH15B,,HQ-18b,Home,GEN\WHAT KIND OF MAIN JOB\<PARENT/GUARDIAN B> (2023),✓,✓,✓,1: Has never worked for pay; 2: Small Business Owner; 3: Clerical Worker; 4: Service or Sales Worker; 5: Skilled Agricultural or Fishery Worker; 6: Craft or Trade Worker; 7: Plant or Machine Operator; 8: General Laborers; 9: Corporate Manager or Senior Official; 10: Professional; 11: Technician or Associate Professional; 12: Not applicable,99: Omitted or invalid; Sysmis: Not administered,1: Has never worked for pay; 2: Small Business Owner; 3: Clerical Worker; 4: Service or Sales Worker; 5: Skilled Agricultural or Fishery Worker; 6: Craft or Trade Worker; 7: Plant or Machine Operator; 8: General Laborers; 9: Corporate Manager or Senior Official; 10: Professional; 11: Technician or Associate Professional; 12: Not applicable; 99: Omitted or invalid; Sysmis: Not administered,Background Questionnaire Variables,Nominal,GEN\WHAT KIND OF MAIN JOB\<PARENT/GUARDIAN B>,Background Questionnaire Variables
GEN\YEARS_BEEN_TEACHING,"By the end of this school year, how many years will you have been teaching altogether?",ATBG01,ATBLG01,TQG-01,TQG-01,Teacher,GEN\YEARS BEEN TEACHING (2023),✓,✓,✓,,99: Omitted or invalid; Sysmis: Not administered,99: Omitted or invalid; Sysmis: Not administered,Background Questionnaire Variables,Ratio,,
GEN\YEARS_PRINCIPAL_ALTOGETHER,"By the end of this school year, how many years will you have been a principal altogether?",ACBG17,ACBLG16,ScQ-17,ScQ-16,School,GEN\YEARS PRINCIPAL ALTOGETHER (2023),✓,✓,✓,,99: Omitted or invalid; Sysmis: Not administered,99: Omitted or invalid; Sysmis: Not administered,Background Questionnaire Variables,Ratio,,
GEN\YEARS_PRINCIPAL_AT_THIS_SCHOOL,"By the end of this school year, how many years will you have been a principal at this school?",ACBG18,ACBLG17,ScQ-18,ScQ-17,School,GEN\YEARS PRINCIPAL AT THIS SCHOOL (2023),✓,✓,✓,,99: Omitted or invalid; Sysmis: Not administered,99: Omitted or invalid; Sysmis: Not administered,Background Questionnaire Variables,Ratio,,
MAT\ACCESS_TO_DEVICES\CLASS_HAS_DEVICES_TO_SHARE,What access do the students have to digital devices? The class has digital devices that students can share,ATBM04BB,ATBLM04BB,TQM-04Bb,TQM-04Bb,Teacher,MAT\ACCESS TO DEVICES\CLASS HAS DEVICES TO SHARE (2023),✓,✓,✓,1: Yes; 2: No,9: Omitted or invalid; 6: Logically not applicable; Sysmis: Not administered,1: Yes; 2: No; 9: Omitted or invalid; 6: Logically not applicable; Sysmis: Not administered,Filter Dependent,Nominal,,
MAT\ACCESS_TO_DEVICES\EACH_STD_HAS_A_DEVICE,What access do the students have to digital devices? The class has digital devices for each student to use,ATBM04BA,ATBLM04BA,TQM-04Ba,TQM-04Ba,Teacher,MAT\ACCESS TO DEVICES\EACH STD HAS A DEVICE (2023),✓,✓,✓,1: Yes; 2: No,9: Omitted or invalid; 6: Logically not applicable; Sysmis: Not administered,1: Yes; 2: No; 9: Omitted or invalid; 6: Logically not applicable; Sysmis: Not administered,Filter Dependent,Nominal,,
MAT\ACCESS_TO_DEVICES\HOW_OFTEN,How often do you have students use digital devices during mathematics instruction?,ATBM04C,ATBLM04C,TQM-04C,TQM-04C,Teacher,MAT\ACCESS TO DEVICES\HOW OFTEN (2023),✓,✓,✓,1: At least once a week; 2: Once or twice a month; 3: A few times a year; 4: Never or almost never,9: Omitted or invalid; 6: Logically not applicable; Sysmis: Not administered,1: At least once a week; 2: Once or twice a month; 3: A few times a year; 4: Never or almost never; 9: Omitted or invalid; 6: Logically not applicable; Sysmis: Not administered,Filter Dependent,Ordinal,,
MAT\ACCESS_TO_DEVICES\HOW_OFTEN\CREATE_DATA_DISPLAYS,"How often do you ask the students in your class to use digital devices to do these mathematics activities? Create graphs, tables, or other data displays",ATBM04DC,ATBLM04DC,TQM-04Dc,TQM-04Dc,Teacher,MAT\ACCESS TO DEVICES\HOW OFTEN\CREATE DATA DISPLAYS (2023),✓,✓,✓,1: At least once a week; 2: Once or twice a month; 3: A few times a year; 4: Never or almost never,9: Omitted or invalid; 6: Logically not applicable; Sysmis: Not administered,1: At least once a week; 2: Once or twice a month; 3: A few times a year; 4: Never or almost never; 9: Omitted or invalid; 6: Logically not applicable; Sysmis: Not administered,Filter Dependent,Ordinal,,
MAT\ACCESS_TO_DEVICES\HOW_OFTEN\EXTENDED_PROBLEMS,How often do you ask the students in your class to use digital devices to do these mathematics activities? Solve extended for contextualized problems,ATBM04DB,ATBLM04DB,TQM-04Db,TQM-04Db,Teacher,MAT\ACCESS TO DEVICES\HOW OFTEN\EXTENDED PROBLEMS (2023),✓,✓,✓,1: At least once a week; 2: Once or twice a month; 3: A few times a year; 4: Never or almost never,9: Omitted or invalid; 6: Logically not applicable; Sysmis: Not administered,1: At least once a week; 2: Once or twice a month; 3: A few times a year; 4: Never or almost never; 9: Omitted or invalid; 6: Logically not applicable; Sysmis: Not administered,Filter Dependent,Ordinal,,
MAT\ACCESS_TO_DEVICES\HOW_OFTEN\PLAY_GAMES,How often do you ask the students in your class to use digital devices to do these mathematics activities? Play games involving mathematics calculations or concepts,ATBM04DD,ATBLM04DD,TQM-04Dd,TQM-04Dd,Teacher,MAT\ACCESS TO DEVICES\HOW OFTEN\PLAY GAMES (2023),✓,✓,✓,1: At least once a week; 2: Once or twice a month; 3: A few times a year; 4: Never or almost never,9: Omitted or invalid; 6: Logically not applicable; Sysmis: Not administered,1: At least once a week; 2: Once or twice a month; 3: A few times a year; 4: Never or almost never; 9: Omitted or invalid; 6: Logically not applicable; Sysmis: Not administered,Filter Dependent,Ordinal,,
MAT\ACCESS_TO_DEVICES\HOW_OFTEN\PRACTICE_PROBLEMS,How often do you ask the students in your class to use digital devices to do these mathematics activities? Practice problems and procedures,ATBM04DA,ATBLM04DA,TQM-04Da,TQM-04Da,Teacher,MAT\ACCESS TO DEVICES\HOW OFTEN\PRACTICE PROBLEMS (2023),✓,✓,✓,1: At least once a week; 2: Once or twice a month; 3: A few times a year; 4: Never or almost never,9: Omitted or invalid; 6: Logically not applicable; Sysmis: Not administered,1: At least once a week; 2: Once or twice a month; 3: A few times a year; 4: Never or almost never; 9: Omitted or invalid; 6: Logically not applicable; Sysmis: Not administered,Filter Dependent,Ordinal,,
MAT\ACCESS_TO_DEVICES\HOW_OFTEN\READ_TEXTBOOK,How often do you ask the students in your class to use digital devices to do these mathematics activities? Read the textbook or watch instructional videos,ATBM04DE,ATBLM04DE,TQM-04De,TQM-04De,Teacher,MAT\ACCESS TO DEVICES\HOW OFTEN\READ TEXTBOOK (2023),✓,✓,✓,1: At least once a week; 2: Once or twice a month; 3: A few times a year; 4: Never or almost never,9: Omitted or invalid; 6: Logically not applicable; Sysmis: Not administered,1: At least once a week; 2: Once or twice a month; 3: A few times a year; 4: Never or almost never; 9: Omitted or invalid; 6: Logically not applicable; Sysmis: Not administered,Filter Dependent,Ordinal,,
MAT\ACCESS_TO_DEVICES\HOW_OFTEN\TAKE_A_TEST,How often do you ask the students in your class to use digital devices to do these mathematics activities? Take a test,ATBM04DF,ATBLM04DF,TQM-04Df,TQM-04Df,Teacher,MAT\ACCESS TO DEVICES\HOW OFTEN\TAKE A TEST (2023),✓,✓,✓,1: At least once a week; 2: Once or twice a month; 3: A few times a year; 4: Never or almost never,9: Omitted or invalid; 6: Logically not applicable; Sysmis: Not administered,1: At least once a week; 2: Once or twice a month; 3: A few times a year; 4: Never or almost never; 9: Omitted or invalid; 6: Logically not applicable; Sysmis: Not administered,Filter Dependent,Ordinal,,
MAT\ACCESS_TO_DEVICES\SCHOOL_HAS_DEVICES,What access do the students have to digital devices? The school has digital devices that the class can use sometimes,ATBM04BC,ATBLM04BC,TQM-04Bc,TQM-04Bc,Teacher,MAT\ACCESS TO DEVICES\SCHOOL HAS DEVICES (2023),✓,✓,✓,1: Yes; 2: No,9: Omitted or invalid; 6: Logically not applicable; Sysmis: Not administered,1: Yes; 2: No; 9: Omitted or invalid; 6: Logically not applicable; Sysmis: Not administered,Filter Dependent,Nominal,,
MAT\ACCESS_TO_DEVICES\STUDENTS_BRING_OWN_DEVICES,What access do the students have to digital devices? Students bring their own digital devices,ATBM04BD,ATBLM04BD,TQM-04Bd,TQM-04Bd,Teacher,MAT\ACCESS TO DEVICES\STUDENTS BRING OWN DEVICES (2023),✓,✓,✓,1: Yes; 2: No,9: Omitted or invalid; 6: Logically not applicable; Sysmis: Not administered,1: Yes; 2: No; 9: Omitted or invalid; 6: Logically not applicable; Sysmis: Not administered,Filter Dependent,Nominal,,
MAT\AGREE\CLEAR_ANSWERS,How much do you agree with these statements about your mathematics lessons? My teacher has clear answers to my questions,ASBM03C,ASBLM03C,SQMS-03c,SQMS-03c,Student,MAT\AGREE\CLEAR ANSWERS (2023),✓,✓,✓,1: Agree a lot; 2: Agree a little; 3: Disagree a little; 4: Disagree a lot,9: Omitted or invalid; Sysmis: Not administered,1: Agree a lot; 2: Agree a little; 3: Disagree a little; 4: Disagree a lot; 9: Omitted or invalid; Sysmis: Not administered,Background Questionnaire Variables,Ordinal,,
MAT\AGREE\ENJOY_LEARNING_MATHEMATICS,How much do you agree with these statements about learning mathematics? I enjoy learning mathematics,ASBM02A,ASBLM02A,SQMS-02a,SQMS-02a,Student,MAT\AGREE\ENJOY LEARNING MATHEMATICS (2023),✓,✓,✓,1: Agree a lot; 2: Agree a little; 3: Disagree a little; 4: Disagree a lot,9: Omitted or invalid; Sysmis: Not administered,1: Agree a lot; 2: Agree a little; 3: Disagree a little; 4: Disagree a lot; 9: Omitted or invalid; Sysmis: Not administered,Background Questionnaire Variables,Ordinal,MAT\AGREE\ENJOY LEARNING MATHEMATICS,Background Questionnaire Variables
MAT\AGREE\GOOD_AT_WORKING_OUT_PROBLEMS,How much do you agree with these statements about mathematics? I am good at working out difficult mathematics problems,ASBM05E,ASBLM05E,SQMS-05e,SQMS-05e,Student,MAT\AGREE\GOOD AT WORKING OUT PROBLEMS (2023),✓,✓,✓,1: Agree a lot; 2: Agree a little; 3: Disagree a little; 4: Disagree a lot,9: Omitted or invalid; Sysmis: Not administered,1: Agree a lot; 2: Agree a little; 3: Disagree a little; 4: Disagree a lot; 9: Omitted or invalid; Sysmis: Not administered,Background Questionnaire Variables,Ordinal,MAT\AGREE\GOOD AT WORKING OUT PROBLEMS,Background Questionnaire Variables
MAT\AGREE\HARDER_FOR_ME_THAN_FOR_OTHERS,How much do you agree with these statements about mathematics? Mathematics is harder for me than for many of my classmates,ASBM05B,ASBLM05B,SQMS-05b,SQMS-05b,Student,MAT\AGREE\HARDER FOR ME THAN FOR OTHERS (2023),✓,✓,✓,1: Agree a lot; 2: Agree a little; 3: Disagree a little; 4: Disagree a lot,9: Omitted or invalid; Sysmis: Not administered,1: Agree a lot; 2: Agree a little; 3: Disagree a little; 4: Disagree a lot; 9: Omitted or invalid; Sysmis: Not administered,Background Questionnaire Variables,Ordinal,MAT\AGREE\HARDER FOR ME THAN FOR OTHERS,Background Questionnaire Variables
MAT\AGREE\JUST_NOT_GOOD_IN_MATH,How much do you agree with these statements about mathematics? I am just not good at mathematics,ASBM05C,ASBLM05C,SQMS-05c,SQMS-05c,Student,MAT\AGREE\JUST NOT GOOD IN MATH (2023),✓,✓,✓,1: Agree a lot; 2: Agree a little; 3: Disagree a little; 4: Disagree a lot,9: Omitted or invalid; Sysmis: Not administered,1: Agree a lot; 2: Agree a little; 3: Disagree a little; 4: Disagree a lot; 9: Omitted or invalid; Sysmis: Not administered,Background Questionnaire Variables,Ordinal,MAT\AGREE\JUST NOT GOOD IN MATH,Background Questionnaire Variables
MAT\AGREE\LEARN_INTERESTING_THINGS,How much do you agree with these statements about learning mathematics? I learn many interesting things in mathematics,ASBM02D,ASBLM02B,SQMS-02d,SQMS-02b,Student,MAT\AGREE\LEARN INTERESTING THINGS (2023),✓,✓,✓,1: Agree a lot; 2: Agree a little; 3: Disagree a little; 4: Disagree a lot,9: Omitted or invalid; Sysmis: Not administered,1: Agree a lot; 2: Agree a little; 3: Disagree a little; 4: Disagree a lot; 9: Omitted or invalid; Sysmis: Not administered,Background Questionnaire Variables,Ordinal,MAT\AGREE\LEARN INTERESTING THINGS,Background Questionnaire Variables
MAT\AGREE\LIKE_MATH_PROBLEMS,How much do you agree with these statements about learning mathematics? I like to solve mathematics problems,ASBM02G,ASBLM02E,SQMS-02g,SQMS-02e,Student,MAT\AGREE\LIKE MATH PROBLEMS (2023),✓,✓,✓,1: Agree a lot; 2: Agree a little; 3: Disagree a little; 4: Disagree a lot,9: Omitted or invalid; Sysmis: Not administered,1: Agree a lot; 2: Agree a little; 3: Disagree a little; 4: Disagree a lot; 9: Omitted or invalid; Sysmis: Not administered,Background Questionnaire Variables,Ordinal,MAT\AGREE\LIKE MATH PROBLEMS,Background Questionnaire Variables
MAT\AGREE\LIKE_MATHEMATICS,How much do you agree with these statements about learning mathematics? I like mathematics,ASBM02E,ASBLM02C,SQMS-02e,SQMS-02c,Student,MAT\AGREE\LIKE MATHEMATICS (2023),✓,✓,✓,1: Agree a lot; 2: Agree a little; 3: Disagree a little; 4: Disagree a lot,9: Omitted or invalid; Sysmis: Not administered,1: Agree a lot; 2: Agree a little; 3: Disagree a little; 4: Disagree a lot; 9: Omitted or invalid; Sysmis: Not administered,Background Questionnaire Variables,Ordinal,MAT\AGREE\LIKE MATHEMATICS,Background Questionnaire Variables
MAT\AGREE\LOOK_FORWARD_TO_MATH_LESSONS,How much do you agree with these statements about learning mathematics? I look forward to mathematics lessons,ASBM02H,ASBLM02F,SQMS-02h,SQMS-02f,Student,MAT\AGREE\LOOK FORWARD TO MATH LESSONS (2023),✓,✓,✓,1: Agree a lot; 2: Agree a little; 3: Disagree a little; 4: Disagree a lot,9: Omitted or invalid; Sysmis: Not administered,1: Agree a lot; 2: Agree a little; 3: Disagree a little; 4: Disagree a lot; 9: Omitted or invalid; Sysmis: Not administered,Background Questionnaire Variables,Ordinal,MAT\AGREE\LOOK FORWARD TO MATH LESSONS,Background Questionnaire Variables
MAT\AGREE\MATH_FAVORITE_SUBJECT,How much do you agree with these statements about learning mathematics? Mathematics is one of my favorite subjects,ASBM02I,ASBLM02G,SQMS-02i,SQMS-02g,Student,MAT\AGREE\MATH FAVORITE SUBJECT (2023),✓,✓,✓,1: Agree a lot; 2: Agree a little; 3: Disagree a little; 4: Disagree a lot,9: Omitted or invalid; Sysmis: Not administered,1: Agree a lot; 2: Agree a little; 3: Disagree a little; 4: Disagree a lot; 9: Omitted or invalid; Sysmis: Not administered,Background Questionnaire Variables,Ordinal,MAT\AGREE\MATH FAVORITE SUBJECT,Background Questionnaire Variables
MAT\AGREE\MATH_IS_BORING,How much do you agree with these statements about learning mathematics? Mathematics is boring,ASBM02C,,SQMS-02c,,Student,MAT\AGREE\MATH IS BORING (2023),✓,,,1: Agree a lot; 2: Agree a little; 3: Disagree a little; 4: Disagree a lot,9: Omitted or invalid; Sysmis: Not administered,1: Agree a lot; 2: Agree a little; 3: Disagree a little; 4: Disagree a lot; 9: Omitted or invalid; Sysmis: Not administered,Background Questionnaire Variables,Ordinal,MAT\AGREE\MATH IS BORING,Background Questionnaire Variables
MAT\AGREE\MATH_MAKES_ME_CONFUSED,How much do you agree with these statements about mathematics? Mathematics makes me confused,ASBM05G,ASBLM05G,SQMS-05g,SQMS-05g,Student,MAT\AGREE\MATH MAKES ME CONFUSED (2023),✓,✓,✓,1: Agree a lot; 2: Agree a little; 3: Disagree a little; 4: Disagree a lot,9: Omitted or invalid; Sysmis: Not administered,1: Agree a lot; 2: Agree a little; 3: Disagree a little; 4: Disagree a lot; 9: Omitted or invalid; Sysmis: Not administered,Background Questionnaire Variables,Ordinal,MAT\AGREE\MATH MAKES ME CONFUSED,Background Questionnaire Variables
MAT\AGREE\MATHEMATICS_HARDER_FOR_ME,How much do you agree with these statements about mathematics? Mathematics is harder for me than any other subject,ASBM05F,ASBLM05F,SQMS-05f,SQMS-05f,Student,MAT\AGREE\MATHEMATICS HARDER FOR ME (2023),✓,✓,✓,1: Agree a lot; 2: Agree a little; 3: Disagree a little; 4: Disagree a lot,9: Omitted or invalid; Sysmis: Not administered,1: Agree a lot; 2: Agree a little; 3: Disagree a little; 4: Disagree a lot; 9: Omitted or invalid; Sysmis: Not administered,Background Questionnaire Variables,Ordinal,MAT\AGREE\MATHEMATICS HARDER FOR ME,Background Questionnaire Variables
MAT\AGREE\MATHEMATICS_IS_EASY_FOR_ME,How much do you agree with these statements about mathematics? Mathematics is easy for me,ASBM05D,ASBLM05D,SQMS-05d,SQMS-05d,Student,MAT\AGREE\MATHEMATICS IS EASY FOR ME (2023),✓,✓,✓,1: Agree a lot; 2: Agree a little; 3: Disagree a little; 4: Disagree a lot,9: Omitted or invalid; Sysmis: Not administered,1: Agree a lot; 2: Agree a little; 3: Disagree a little; 4: Disagree a lot; 9: Omitted or invalid; Sysmis: Not administered,Background Questionnaire Variables,Ordinal,MAT\AGREE\MATHEMATICS IS EASY FOR ME,Background Questionnaire Variables
MAT\AGREE\SCHOOLWORK_INVOLVES_NUMBERS,How much do you agree with these statements about learning mathematics? I like any schoolwork that involves numbers,ASBM02F,ASBLM02D,SQMS-02f,SQMS-02d,Student,MAT\AGREE\SCHOOLWORK INVOLVES NUMBERS (2023),✓,✓,✓,1: Agree a lot; 2: Agree a little; 3: Disagree a little; 4: Disagree a lot,9: Omitted or invalid; Sysmis: Not administered,1: Agree a lot; 2: Agree a little; 3: Disagree a little; 4: Disagree a lot; 9: Omitted or invalid; Sysmis: Not administered,Background Questionnaire Variables,Ordinal,MAT\AGREE\SCHOOLWORK INVOLVES NUMBERS,Background Questionnaire Variables
MAT\AGREE\TEACHER_ASKS_TO_EXPLAIN,How much do you agree with these statements about your mathematics lessons? My teacher asks me to explain my answers,ASBM03I,ASBLM03I,SQMS-03i,SQMS-03i,Student,MAT\AGREE\TEACHER ASKS TO EXPLAIN (2023),✓,✓,✓,1: Agree a lot; 2: Agree a little; 3: Disagree a little; 4: Disagree a lot,9: Omitted or invalid; Sysmis: Not administered,1: Agree a lot; 2: Agree a little; 3: Disagree a little; 4: Disagree a lot; 9: Omitted or invalid; Sysmis: Not administered,Background Questionnaire Variables,Ordinal,,
MAT\AGREE\TEACHER_ASKS_TO_SHOW,How much do you agree with these statements about your mathematics lessons? My teacher asks me to show what I have learned,ASBM03H,ASBLM03H,SQMS-03h,SQMS-03h,Student,MAT\AGREE\TEACHER ASKS TO SHOW (2023),✓,✓,✓,1: Agree a lot; 2: Agree a little; 3: Disagree a little; 4: Disagree a lot,9: Omitted or invalid; Sysmis: Not administered,1: Agree a lot; 2: Agree a little; 3: Disagree a little; 4: Disagree a lot; 9: Omitted or invalid; Sysmis: Not administered,Background Questionnaire Variables,Ordinal,,
MAT\AGREE\TEACHER_DOES_A_VARIETY,How much do you agree with these statements about your mathematics lessons? My teacher does a variety of things to help us learn,ASBM03E,ASBLM03E,SQMS-03e,SQMS-03e,Student,MAT\AGREE\TEACHER DOES A VARIETY (2023),✓,✓,✓,1: Agree a lot; 2: Agree a little; 3: Disagree a little; 4: Disagree a lot,9: Omitted or invalid; Sysmis: Not administered,1: Agree a lot; 2: Agree a little; 3: Disagree a little; 4: Disagree a lot; 9: Omitted or invalid; Sysmis: Not administered,Background Questionnaire Variables,Ordinal,,
MAT\AGREE\TEACHER_EXPLAINS_AGAIN,How much do you agree with these statements about your mathematics lessons? My teacher explains a topic again when we don’t understand,ASBM03F,ASBLM03F,SQMS-03f,SQMS-03f,Student,MAT\AGREE\TEACHER EXPLAINS AGAIN (2023),✓,✓,✓,1: Agree a lot; 2: Agree a little; 3: Disagree a little; 4: Disagree a lot,9: Omitted or invalid; Sysmis: Not administered,1: Agree a lot; 2: Agree a little; 3: Disagree a little; 4: Disagree a lot; 9: Omitted or invalid; Sysmis: Not administered,Background Questionnaire Variables,Ordinal,,
MAT\AGREE\TEACHER_GIVES_FEEDBACK,How much do you agree with these statements about your mathematics lessons? My teacher gives me helpful feedback on my work,ASBM03G,ASBLM03G,SQMS-03g,SQMS-03g,Student,MAT\AGREE\TEACHER GIVES FEEDBACK (2023),✓,✓,✓,1: Agree a lot; 2: Agree a little; 3: Disagree a little; 4: Disagree a lot,9: Omitted or invalid; Sysmis: Not administered,1: Agree a lot; 2: Agree a little; 3: Disagree a little; 4: Disagree a lot; 9: Omitted or invalid; Sysmis: Not administered,Background Questionnaire Variables,Ordinal,,
MAT\AGREE\TEACHER_GOOD_AT_EXPLAINING,How much do you agree with these statements about your mathematics lessons? My teacher is good at explaining mathematics,ASBM03D,ASBLM03D,SQMS-03d,SQMS-03d,Student,MAT\AGREE\TEACHER GOOD AT EXPLAINING (2023),✓,✓,✓,1: Agree a lot; 2: Agree a little; 3: Disagree a little; 4: Disagree a lot,9: Omitted or invalid; Sysmis: Not administered,1: Agree a lot; 2: Agree a little; 3: Disagree a little; 4: Disagree a lot; 9: Omitted or invalid; Sysmis: Not administered,Background Questionnaire Variables,Ordinal,,
MAT\AGREE\TEACHER_IS_EASY_TO_UNDERSTAND,How much do you agree with these statements about your mathematics lessons? My teacher is easy to understand,ASBM03B,ASBLM03B,SQMS-03b,SQMS-03b,Student,MAT\AGREE\TEACHER IS EASY TO UNDERSTAND (2023),✓,✓,✓,1: Agree a lot; 2: Agree a little; 3: Disagree a little; 4: Disagree a lot,9: Omitted or invalid; Sysmis: Not administered,1: Agree a lot; 2: Agree a little; 3: Disagree a little; 4: Disagree a lot; 9: Omitted or invalid; Sysmis: Not administered,Background Questionnaire Variables,Ordinal,,
MAT\AGREE\TEACHER_MAKES_IT_CLEAR,How much do you agree with these statements about your mathematics lessons? My teacher makes it clear what we should learn in each lesson,ASBM03A,ASBLM03A,SQMS-03a,SQMS-03a,Student,MAT\AGREE\TEACHER MAKES IT CLEAR (2023),✓,✓,✓,1: Agree a lot; 2: Agree a little; 3: Disagree a little; 4: Disagree a lot,9: Omitted or invalid; Sysmis: Not administered,1: Agree a lot; 2: Agree a little; 3: Disagree a little; 4: Disagree a lot; 9: Omitted or invalid; Sysmis: Not administered,Background Questionnaire Variables,Ordinal,,
MAT\AGREE\USUALLY_DO_WELL_IN_MATH,How much do you agree with these statements about mathematics? I usually do well in mathematics,ASBM05A,ASBLM05A,SQMS-05a,SQMS-05a,Student,MAT\AGREE\USUALLY DO WELL IN MATH (2023),✓,✓,✓,1: Agree a lot; 2: Agree a little; 3: Disagree a little; 4: Disagree a lot,9: Omitted or invalid; Sysmis: Not administered,1: Agree a lot; 2: Agree a little; 3: Disagree a little; 4: Disagree a lot; 9: Omitted or invalid; Sysmis: Not administered,Background Questionnaire Variables,Ordinal,MAT\AGREE\USUALLY DO WELL IN MATH,Background Questionnaire Variables
MAT\AGREE\WISH_HAVE_NOT_TO_STUDY_MATH,How much do you agree with these statements about learning mathematics? I wish I did not have to study mathematics,ASBM02B,,SQMS-02b,,Student,MAT\AGREE\WISH HAVE NOT TO STUDY MATH (2023),✓,,,1: Agree a lot; 2: Agree a little; 3: Disagree a little; 4: Disagree a lot,9: Omitted or invalid; Sysmis: Not administered,1: Agree a lot; 2: Agree a little; 3: Disagree a little; 4: Disagree a lot; 9: Omitted or invalid; Sysmis: Not administered,Background Questionnaire Variables,Ordinal,MAT\AGREE\WISH HAVE NOT TO STUDY MATH,Background Questionnaire Variables
MAT\ASK_STUDENTS\APPLY_WHAT_LEARNED,"In teaching mathematics to this class, how often do you ask students to do the following? Apply what they have learned to new problem situations on their own",ATBM02E,ATBLM02E,TQM-02e,TQM-02e,Teacher,MAT\ASK STUDENTS\APPLY WHAT LEARNED (2023),✓,✓,✓,1: Every or almost every lesson; 2: About half the lessons; 3: Some lessons; 4: Never,9: Omitted or invalid; Sysmis: Not administered,1: Every or almost every lesson; 2: About half the lessons; 3: Some lessons; 4: Never; 9: Omitted or invalid; Sysmis: Not administered,Background Questionnaire Variables,Ordinal,,
MAT\ASK_STUDENTS\EXPLAIN_HOW_TO_SOLVE,"In teaching mathematics to this class, how often do you ask students to do the following? Listen to me explain how to solve problems",ATBM02B,ATBLM02B,TQM-02b,TQM-02b,Teacher,MAT\ASK STUDENTS\EXPLAIN HOW TO SOLVE (2023),✓,✓,✓,1: Every or almost every lesson; 2: About half the lessons; 3: Some lessons; 4: Never,9: Omitted or invalid; Sysmis: Not administered,1: Every or almost every lesson; 2: About half the lessons; 3: Some lessons; 4: Never; 9: Omitted or invalid; Sysmis: Not administered,Background Questionnaire Variables,Ordinal,,
MAT\ASK_STUDENTS\EXPLAIN_NEW_MATHEMATICS,"In teaching mathematics to this class, how often do you ask students to do the following? Listen to me explain new mathematics content",ATBM02A,ATBLM02A,TQM-02a,TQM-02a,Teacher,MAT\ASK STUDENTS\EXPLAIN NEW MATHEMATICS (2023),✓,✓,✓,1: Every or almost every lesson; 2: About half the lessons; 3: Some lessons; 4: Never,9: Omitted or invalid; Sysmis: Not administered,1: Every or almost every lesson; 2: About half the lessons; 3: Some lessons; 4: Never; 9: Omitted or invalid; Sysmis: Not administered,Background Questionnaire Variables,Ordinal,,
MAT\ASK_STUDENTS\MEMORIZE_RULES,"In teaching mathematics to this class, how often do you ask students to do the following? Memorize rules, procedures, and facts",ATBM02C,ATBLM02C,TQM-02c,TQM-02c,Teacher,MAT\ASK STUDENTS\MEMORIZE RULES (2023),✓,✓,✓,1: Every or almost every lesson; 2: About half the lessons; 3: Some lessons; 4: Never,9: Omitted or invalid; Sysmis: Not administered,1: Every or almost every lesson; 2: About half the lessons; 3: Some lessons; 4: Never; 9: Omitted or invalid; Sysmis: Not administered,Background Questionnaire Variables,Ordinal,,
MAT\ASK_STUDENTS\MIXED_ABILITY,"In teaching mathematics to this class, how often do you ask students to do the following? Work in mixed ability groups",ATBM02G,ATBLM02G,TQM-02g,TQM-02g,Teacher,MAT\ASK STUDENTS\MIXED ABILITY (2023),✓,✓,✓,1: Every or almost every lesson; 2: About half the lessons; 3: Some lessons; 4: Never,9: Omitted or invalid; Sysmis: Not administered,1: Every or almost every lesson; 2: About half the lessons; 3: Some lessons; 4: Never; 9: Omitted or invalid; Sysmis: Not administered,Background Questionnaire Variables,Ordinal,,
MAT\ASK_STUDENTS\PRACTICE_PROCEDURES,"In teaching mathematics to this class, how often do you ask students to do the following? Practice procedures on their own",ATBM02D,ATBLM02D,TQM-02d,TQM-02d,Teacher,MAT\ASK STUDENTS\PRACTICE PROCEDURES (2023),✓,✓,✓,1: Every or almost every lesson; 2: About half the lessons; 3: Some lessons; 4: Never,9: Omitted or invalid; Sysmis: Not administered,1: Every or almost every lesson; 2: About half the lessons; 3: Some lessons; 4: Never; 9: Omitted or invalid; Sysmis: Not administered,Background Questionnaire Variables,Ordinal,,
MAT\ASK_STUDENTS\SAME_ABILITY,"In teaching mathematics to this class, how often do you ask students to do the following? Work in same ability groups",ATBM02H,ATBLM02H,TQM-02h,TQM-02h,Teacher,MAT\ASK STUDENTS\SAME ABILITY (2023),✓,✓,✓,1: Every or almost every lesson; 2: About half the lessons; 3: Some lessons; 4: Never,9: Omitted or invalid; Sysmis: Not administered,1: Every or almost every lesson; 2: About half the lessons; 3: Some lessons; 4: Never; 9: Omitted or invalid; Sysmis: Not administered,Background Questionnaire Variables,Ordinal,,
MAT\ASK_STUDENTS\WORK_IN_WHOLE_CLASS,"In teaching mathematics to this class, how often do you ask students to do the following? Work problems together in the whole class with direct guidance from me",ATBM02F,ATBLM02F,TQM-02f,TQM-02f,Teacher,MAT\ASK STUDENTS\WORK IN WHOLE CLASS (2023),✓,✓,✓,1: Every or almost every lesson; 2: About half the lessons; 3: Some lessons; 4: Never,9: Omitted or invalid; Sysmis: Not administered,1: Every or almost every lesson; 2: About half the lessons; 3: Some lessons; 4: Never; 9: Omitted or invalid; Sysmis: Not administered,Background Questionnaire Variables,Ordinal,,
MAT\DIGITAL_DEVICE_AVAILABILITY_DURING_MATH,"Do the students in this class have digital devices (including computers, tablets, or smartphones) available to use during mathematics lessons?",ATBM04A,ATBLM04A,TQM-04A,TQM-04A,Teacher,MAT\DIGITAL DEVICE AVAILABILITY DURING MATH (2023),✓,✓,✓,1: Yes; 2: No,9: Omitted or invalid; Sysmis: Not administered,1: Yes; 2: No; 9: Omitted or invalid; Sysmis: Not administered,Filter,Nominal,,
MAT\HOMEWORK\AVG_STUDENT_TIME,"When you assign homework in mathematics, how long do you expect it will take the average student in your class to complete?",,ATBLM06C,,TQM-06C,Teacher,MAT\HOMEWORK\AVG STUDENT TIME (2024),,✓,,1: 15 minutes or less; 2: 16-30 minutes; 3: 31-60 minutes; 4: More than 60 minutes,9: Omitted or invalid; 6: Logically not applicable; Sysmis: Not administered,1: 15 minutes or less; 2: 16-30 minutes; 3: 31-60 minutes; 4: More than 60 minutes; 9: Omitted or invalid; 6: Logically not applicable; Sysmis: Not administered,Background Questionnaire Variables,Nominal,,
MAT\HOMEWORK\CORRECT,How often do you do the following with the mathematics homework assignments for this class? Correct assignments and give feedback to students,ATBM07BA,ATBLM06BA,TQM-07Ba,TQM-06Ba,Teacher,MAT\HOMEWORK\CORRECT (2023),✓,✓,✓,1: Always or almost always; 2: Sometimes; 3: Never or almost never,9: Omitted or invalid; 6: Logically not applicable; Sysmis: Not administered,1: Always or almost always; 2: Sometimes; 3: Never or almost never; 9: Omitted or invalid; 6: Logically not applicable; Sysmis: Not administered,Filter Dependent,Ordinal,,
MAT\HOMEWORK\DISCUSS_HOMEWORK,How often do you do the following with the mathematics homework assignments for this class? Discuss the homework in class,ATBM07BB,ATBLM06BB,TQM-07Bb,TQM-06Bb,Teacher,MAT\HOMEWORK\DISCUSS HOMEWORK (2023),✓,✓,✓,1: Always or almost always; 2: Sometimes; 3: Never or almost never,9: Omitted or invalid; 6: Logically not applicable; Sysmis: Not administered,1: Always or almost always; 2: Sometimes; 3: Never or almost never; 9: Omitted or invalid; 6: Logically not applicable; Sysmis: Not administered,Filter Dependent,Ordinal,,
MAT\HOMEWORK\MONITOR_COMPLETENESS,How often do you do the following with the mathematics homework assignments for this class? Monitor whether or not the homework was completed,ATBM07BC,ATBLM06BC,TQM-07Bc,TQM-06Bc,Teacher,MAT\HOMEWORK\MONITOR COMPLETENESS (2023),✓,✓,✓,1: Always or almost always; 2: Sometimes; 3: Never or almost never,9: Omitted or invalid; 6: Logically not applicable; Sysmis: Not administered,1: Always or almost always; 2: Sometimes; 3: Never or almost never; 9: Omitted or invalid; 6: Logically not applicable; Sysmis: Not administered,Filter Dependent,Ordinal,,
MAT\HOW_OFTEN\DISRUPTIVE_NOISE,How often do these things happen in your mathematics lessons? There is too much noise for students to work well,ASBM04B,ASBLM04B,SQMS-04b,SQMS-04b,Student,MAT\HOW OFTEN\DISRUPTIVE NOISE (2023),✓,✓,✓,1: Every or almost every lesson; 2: About half the lessons; 3: Some lessons; 4: Never,9: Omitted or invalid; Sysmis: Not administered,1: Every or almost every lesson; 2: About half the lessons; 3: Some lessons; 4: Never; 9: Omitted or invalid; Sysmis: Not administered,Background Questionnaire Variables,Ordinal,,
MAT\HOW_OFTEN\KEEP_TELLING_RULES,How often do these things happen in your mathematics lessons? Students do not follow the classroom rules,ASBM04E,ASBLM04E,SQMS-04e,SQMS-04e,Student,MAT\HOW OFTEN\KEEP TELLING RULES (2023),✓,✓,✓,1: Every or almost every lesson; 2: About half the lessons; 3: Some lessons; 4: Never,9: Omitted or invalid; Sysmis: Not administered,1: Every or almost every lesson; 2: About half the lessons; 3: Some lessons; 4: Never; 9: Omitted or invalid; Sysmis: Not administered,Background Questionnaire Variables,Ordinal,,
MAT\HOW_OFTEN\OTHER_STDS_BEHAVIOR,How often do these things happen in your mathematics lessons? Other students' behavior makes it hard for me to concentrate,ASBM04F,ASBLM04F,SQMS-04f,SQMS-04f,Student,MAT\HOW OFTEN\OTHER STDS BEHAVIOR (2023),✓,✓,✓,1: Every or almost every lesson; 2: About half the lessons; 3: Some lessons; 4: Never,9: Omitted or invalid; Sysmis: Not administered,1: Every or almost every lesson; 2: About half the lessons; 3: Some lessons; 4: Never; 9: Omitted or invalid; Sysmis: Not administered,Background Questionnaire Variables,Ordinal,,
MAT\HOW_OFTEN\STUDENTS_INTERRUPT_TCH,How often do these things happen in your mathematics lessons? Students interrupt the teacher,ASBM04D,ASBLM04D,SQMS-04d,SQMS-04d,Student,MAT\HOW OFTEN\STUDENTS INTERRUPT TCH (2023),✓,✓,✓,1: Every or almost every lesson; 2: About half the lessons; 3: Some lessons; 4: Never,9: Omitted or invalid; Sysmis: Not administered,1: Every or almost every lesson; 2: About half the lessons; 3: Some lessons; 4: Never; 9: Omitted or invalid; Sysmis: Not administered,Background Questionnaire Variables,Ordinal,,
MAT\HOW_OFTEN\STUDENTS_NOT_LISTEN,How often do these things happen in your mathematics lessons? Students don't listen to what the teacher says,ASBM04A,ASBLM04A,SQMS-04a,SQMS-04a,Student,MAT\HOW OFTEN\STUDENTS NOT LISTEN (2023),✓,✓,✓,1: Every or almost every lesson; 2: About half the lessons; 3: Some lessons; 4: Never,9: Omitted or invalid; Sysmis: Not administered,1: Every or almost every lesson; 2: About half the lessons; 3: Some lessons; 4: Never; 9: Omitted or invalid; Sysmis: Not administered,Background Questionnaire Variables,Ordinal,,
MAT\HOW_OFTEN\WAIT_LONG_TIME_TO_QUIET,How often do these things happen in your mathematics lessons? My teacher has to wait a long time for students to be quiet,ASBM04C,ASBLM04C,SQMS-04c,SQMS-04c,Student,MAT\HOW OFTEN\WAIT LONG TIME TO QUIET (2023),✓,✓,✓,1: Every or almost every lesson; 2: About half the lessons; 3: Some lessons; 4: Never,9: Omitted or invalid; Sysmis: Not administered,1: Every or almost every lesson; 2: About half the lessons; 3: Some lessons; 4: Never; 9: Omitted or invalid; Sysmis: Not administered,Background Questionnaire Variables,Ordinal,,
MAT\HOW_OFTEN\WORK_ON_YOUR_OWN,"In mathematics lessons, how often do you work on problems on your own?
",ASBM01,ASBLM01,SQMS-01,SQMS-01,Student,MAT\HOW OFTEN\WORK ON YOUR OWN (2023),✓,✓,✓,1: Every or almost every lesson; 2: About half the lessons; 3: Some lessons; 4: Never,9: Omitted or invalid; Sysmis: Not administered,1: Every or almost every lesson; 2: About half the lessons; 3: Some lessons; 4: Never; 9: Omitted or invalid; Sysmis: Not administered,Background Questionnaire Variables,Ordinal,,
MAT\HOW_OFTEN_MATH_HOMEWORK_ASSIGNED,How often do you usually assign mathematics homework to the students in this class?,ATBM07A,ATBLM06A,TQM-07,TQM-06A,Teacher,MAT\HOW OFTEN MATH HOMEWORK ASSIGNED (2023),✓,✓,✓,1: I do not Assign mathematics homework; 2: Less than once a week; 3: 1 or 2 times a week; 4: 3 or 4 times a week; 5: Every day,9: Omitted or invalid; Sysmis: Not administered,1: I do not Assign mathematics homework; 2: Less than once a week; 3: 1 or 2 times a week; 4: 3 or 4 times a week; 5: Every day; 9: Omitted or invalid; Sysmis: Not administered,Filter,Ordinal,,
MAT\HOW_OFTEN_TEACHER_GIVE_YOU_HOMEWORK\MATHEMATICS,How often does your teacher give you homework in the following subjects? Mathematics,,ASBLM11A,,SQMS-11a,Student,MAT\HOW OFTEN TEACHER GIVE YOU HOMEWORK\MATHEMATICS (2024),,✓,,1: Every day; 2: 3 or 4 times a week; 3: 1 or 2 times a week; 4: Less than once a week; 5: Never,9: Omitted or invalid; Sysmis: Not administered,1: Every day; 2: 3 or 4 times a week; 3: 1 or 2 times a week; 4: Less than once a week; 5: Never; 9: Omitted or invalid; Sysmis: Not administered,Background Questionnaire Variables,Nominal,,
MAT\IMPORTANCE_STRATEGIES\ASKING_STUDENTS,How much importance do you place on these strategies to assess students' learning in mathematics? Asking students to answer questions during class,ATBM08B,ATBLM07B,TQM-08b,TQM-07b,Teacher,MAT\IMPORTANCE STRATEGIES\ASKING STUDENTS (2023),✓,✓,✓,1: A lot; 2: Some; 3: None,9: Omitted or invalid; Sysmis: Not administered,1: A lot; 2: Some; 3: None; 9: Omitted or invalid; Sysmis: Not administered,Background Questionnaire Variables,Ordinal,,
MAT\IMPORTANCE_STRATEGIES\LONG-TERM_PROJECTS,How much importance do you place on these strategies to assess students' learning in mathematics? Long-term projects,ATBM08E,ATBLM07E,TQM-08e,TQM-07e,Teacher,MAT\IMPORTANCE STRATEGIES\LONG-TERM PROJECTS (2023),✓,✓,✓,1: A lot; 2: Some; 3: None,9: Omitted or invalid; Sysmis: Not administered,1: A lot; 2: Some; 3: None; 9: Omitted or invalid; Sysmis: Not administered,Background Questionnaire Variables,Ordinal,,
MAT\IMPORTANCE_STRATEGIES\LONGER_TESTS,"How much importance do you place on these strategies to assess students' learning in mathematics? Longer tests (e.g., unit tests or exams)",ATBM08D,ATBLM07D,TQM-08d,TQM-07d,Teacher,MAT\IMPORTANCE STRATEGIES\LONGER TESTS (2023),✓,✓,✓,1: A lot; 2: Some; 3: None,9: Omitted or invalid; Sysmis: Not administered,1: A lot; 2: Some; 3: None; 9: Omitted or invalid; Sysmis: Not administered,Background Questionnaire Variables,Ordinal,,
MAT\IMPORTANCE_STRATEGIES\OBSERVING_STUDENTS,How much importance do you place on these strategies to assess students' learning in mathematics? Observing students as they work,ATBM08A,ATBLM07A,TQM-08a,TQM-07a,Teacher,MAT\IMPORTANCE STRATEGIES\OBSERVING STUDENTS (2023),✓,✓,✓,1: A lot; 2: Some; 3: None,9: Omitted or invalid; Sysmis: Not administered,1: A lot; 2: Some; 3: None; 9: Omitted or invalid; Sysmis: Not administered,Background Questionnaire Variables,Ordinal,,
MAT\IMPORTANCE_STRATEGIES\SHORT_ASSESSMENTS,"How much importance do you place on these strategies to assess students' learning in mathematics? Short, regular written assessments",ATBM08C,ATBLM07C,TQM-08c,TQM-07c,Teacher,MAT\IMPORTANCE STRATEGIES\SHORT ASSESSMENTS (2023),✓,✓,✓,1: A lot; 2: Some; 3: None,9: Omitted or invalid; Sysmis: Not administered,1: A lot; 2: Some; 3: None; 9: Omitted or invalid; Sysmis: Not administered,Background Questionnaire Variables,Ordinal,,
MAT\KEEP_FROM_USING_DIGITAL_DEVICES\KEEPING_STUDENTS_ON_TASK,How much do each of these keep you from incorporating digital devices into mathematics instruction? Keeping students on task when the class is using digital devices,ATBM05C,,TQM-05c,,Teacher,MAT\KEEP FROM USING DIGITAL DEVICES\KEEPING STUDENTS ON TASK (2023),✓,,,1: Not at all; 2: Somewhat; 3: A lot,9: Omitted or invalid; Sysmis: Not administered,1: Not at all; 2: Somewhat; 3: A lot; 9: Omitted or invalid; Sysmis: Not administered,Background Questionnaire Variables,Ordinal,,
MAT\KEEP_FROM_USING_DIGITAL_DEVICES\LACK_TECH_SUPPORT,How much do each of these keep you from incorporating digital devices into mathematics instruction? Lack of technical support from the school,ATBM05D,,TQM-05d,,Teacher,MAT\KEEP FROM USING DIGITAL DEVICES\LACK TECH SUPPORT (2023),✓,,,1: Not at all; 2: Somewhat; 3: A lot,9: Omitted or invalid; Sysmis: Not administered,1: Not at all; 2: Somewhat; 3: A lot; 9: Omitted or invalid; Sysmis: Not administered,Background Questionnaire Variables,Ordinal,,
MAT\KEEP_FROM_USING_DIGITAL_DEVICES\NOT_ENOUCH_ACCESS,How much do each of these keep you from incorporating digital devices into mathematics instruction? Not enough access to digital devices,ATBM05B,,TQM-05b,,Teacher,MAT\KEEP FROM USING DIGITAL DEVICES\NOT ENOUCH ACCESS (2023),✓,,,1: Not at all; 2: Somewhat; 3: A lot,9: Omitted or invalid; Sysmis: Not administered,1: Not at all; 2: Somewhat; 3: A lot; 9: Omitted or invalid; Sysmis: Not administered,Background Questionnaire Variables,Ordinal,,
MAT\KEEP_FROM_USING_DIGITAL_DEVICES\NOT_KNOWING_HOW,How much do each of these keep you from incorporating digital devices into mathematics instruction? Not knowing how to use digital devices to improve student learning,ATBM05A,,TQM-05a,,Teacher,MAT\KEEP FROM USING DIGITAL DEVICES\NOT KNOWING HOW (2023),✓,,,1: Not at all; 2: Somewhat; 3: A lot,9: Omitted or invalid; Sysmis: Not administered,1: Not at all; 2: Somewhat; 3: A lot; 9: Omitted or invalid; Sysmis: Not administered,Background Questionnaire Variables,Ordinal,,
MAT\PERMITTED_TO_USE_CALCULATORS,Are the students in this class permitted to use calculators during mathematics lessons?,ATBM03,,TQM-03,,Teacher,MAT\PERMITTED TO USE CALCULATORS (2023),✓,,,"1: Yes, with unrestricted use; 2: Yes, with restricted use; 3: No",9: Omitted or invalid; Sysmis: Not administered,"1: Yes, with unrestricted use; 2: Yes, with restricted use; 3: No; 9: Omitted or invalid; Sysmis: Not administered",Background Questionnaire Variables,Ordinal,,
MAT\PROF_DEVELOPMENT_FUTURE\INTEGRATING_TECHNOLOGY,Do you need future professional development in any of the following? Integrating technology into mathematics instruction,ATBM09BD,ATBLM08BD,TQM-09Bd,TQM-08Bd,Teacher,MAT\PROF DEVELOPMENT FUTURE\INTEGRATING TECHNOLOGY (2023),✓,✓,✓,1: Yes; 2: No,9: Omitted or invalid; Sysmis: Not administered,1: Yes; 2: No; 9: Omitted or invalid; Sysmis: Not administered,Background Questionnaire Variables,Nominal,,
MAT\PROF_DEVELOPMENT_FUTURE\MATH_ASSESSMENT,Do you need future professional development in any of the following? Mathematics assessment,ATBM09BF,ATBLM08BF,TQM-09Bf,TQM-08Bf,Teacher,MAT\PROF DEVELOPMENT FUTURE\MATH ASSESSMENT (2023),✓,✓,✓,1: Yes; 2: No,9: Omitted or invalid; Sysmis: Not administered,1: Yes; 2: No; 9: Omitted or invalid; Sysmis: Not administered,Background Questionnaire Variables,Nominal,,
MAT\PROF_DEVELOPMENT_FUTURE\MATH_CONTENT,Do you need future professional development in any of the following? Mathematics content,ATBM09BA,ATBLM08BA,TQM-09Ba,TQM-08Ba,Teacher,MAT\PROF DEVELOPMENT FUTURE\MATH CONTENT (2023),✓,✓,✓,1: Yes; 2: No,9: Omitted or invalid; Sysmis: Not administered,1: Yes; 2: No; 9: Omitted or invalid; Sysmis: Not administered,Background Questionnaire Variables,Nominal,,
MAT\PROF_DEVELOPMENT_FUTURE\MATH_CURRICULUM,Do you need future professional development in any of the following? Mathematics curriculum,ATBM09BC,ATBLM08BC,TQM-09Bc,TQM-08Bc,Teacher,MAT\PROF DEVELOPMENT FUTURE\MATH CURRICULUM (2023),✓,✓,✓,1: Yes; 2: No,9: Omitted or invalid; Sysmis: Not administered,1: Yes; 2: No; 9: Omitted or invalid; Sysmis: Not administered,Background Questionnaire Variables,Nominal,,
MAT\PROF_DEVELOPMENT_FUTURE\MATH_PEDAGOGY,Do you need future professional development in any of the following? Mathematics pedagogy/instruction,ATBM09BB,ATBLM08BB,TQM-09Bb,TQM-08Bb,Teacher,MAT\PROF DEVELOPMENT FUTURE\MATH PEDAGOGY (2023),✓,✓,✓,1: Yes; 2: No,9: Omitted or invalid; Sysmis: Not administered,1: Yes; 2: No; 9: Omitted or invalid; Sysmis: Not administered,Background Questionnaire Variables,Nominal,,
MAT\PROF_DEVELOPMENT_FUTURE\PROBLEM_SOLVING_SKILLS,Do you need future professional development in any of the following? Improving students’ critical thinking or problem solving skills,ATBM09BE,ATBLM08BE,TQM-09Be,TQM-08Be,Teacher,MAT\PROF DEVELOPMENT FUTURE\PROBLEM SOLVING SKILLS (2023),✓,✓,✓,1: Yes; 2: No,9: Omitted or invalid; Sysmis: Not administered,1: Yes; 2: No; 9: Omitted or invalid; Sysmis: Not administered,Background Questionnaire Variables,Nominal,,
MAT\PROF_DEVELOPMENT_FUTURE\STUDENT_NEEDS,Do you need future professional development in any of the following? Addressing individual students’ needs,ATBM09BG,ATBLM08BG,TQM-09Bg,TQM-08Bg,Teacher,MAT\PROF DEVELOPMENT FUTURE\STUDENT NEEDS (2023),✓,✓,✓,1: Yes; 2: No,9: Omitted or invalid; Sysmis: Not administered,1: Yes; 2: No; 9: Omitted or invalid; Sysmis: Not administered,Background Questionnaire Variables,Nominal,,
MAT\PROF_DEVELOPMENT_PAST\INTEGRATING_TECHNOLOGY,"In the past two years, have you participated in professional development in any of the following? Integrating technology into mathematics instruction",ATBM09AD,ATBLM08AD,TQM-09Ad,TQM-08Ad,Teacher,MAT\PROF DEVELOPMENT PAST\INTEGRATING TECHNOLOGY (2023),✓,✓,✓,1: Yes; 2: No,9: Omitted or invalid; Sysmis: Not administered,1: Yes; 2: No; 9: Omitted or invalid; Sysmis: Not administered,Background Questionnaire Variables,Nominal,,
MAT\PROF_DEVELOPMENT_PAST\MATH_ASSESSMENT,"In the past two years, have you participated in professional development in any of the following? Mathematics assessment",ATBM09AF,ATBLM08AF,TQM-09Af,TQM-08Af,Teacher,MAT\PROF DEVELOPMENT PAST\MATH ASSESSMENT (2023),✓,✓,✓,1: Yes; 2: No,9: Omitted or invalid; Sysmis: Not administered,1: Yes; 2: No; 9: Omitted or invalid; Sysmis: Not administered,Background Questionnaire Variables,Nominal,,
MAT\PROF_DEVELOPMENT_PAST\MATH_CONTENT,"In the past two years, have you participated in professional development in any of the following? Mathematics content",ATBM09AA,ATBLM08AA,TQM-09Aa,TQM-08Aa,Teacher,MAT\PROF DEVELOPMENT PAST\MATH CONTENT (2023),✓,✓,✓,1: Yes; 2: No,9: Omitted or invalid; Sysmis: Not administered,1: Yes; 2: No; 9: Omitted or invalid; Sysmis: Not administered,Background Questionnaire Variables,Nominal,,
MAT\PROF_DEVELOPMENT_PAST\MATH_CURRICULUM,"In the past two years, have you participated in professional development in any of the following? Mathematics curriculum",ATBM09AC,ATBLM08AC,TQM-09Ac,TQM-08Ac,Teacher,MAT\PROF DEVELOPMENT PAST\MATH CURRICULUM (2023),✓,✓,✓,1: Yes; 2: No,9: Omitted or invalid; Sysmis: Not administered,1: Yes; 2: No; 9: Omitted or invalid; Sysmis: Not administered,Background Questionnaire Variables,Nominal,,
MAT\PROF_DEVELOPMENT_PAST\MATH_PEDAGOGY,"In the past two years, have you participated in professional development in any of the following? Mathematics pedagogy/instruction",ATBM09AB,ATBLM08AB,TQM-09Ab,TQM-08Ab,Teacher,MAT\PROF DEVELOPMENT PAST\MATH PEDAGOGY (2023),✓,✓,✓,1: Yes; 2: No,9: Omitted or invalid; Sysmis: Not administered,1: Yes; 2: No; 9: Omitted or invalid; Sysmis: Not administered,Background Questionnaire Variables,Nominal,,
MAT\PROF_DEVELOPMENT_PAST\PROBLEM_SOLVING_SKILLS,"In the past two years, have you participated in professional development in any of the following? Improving students' critical thinking or problem solving skills",ATBM09AE,ATBLM08AE,TQM-09Ae,TQM-08Ae,Teacher,MAT\PROF DEVELOPMENT PAST\PROBLEM SOLVING SKILLS (2023),✓,✓,✓,1: Yes; 2: No,9: Omitted or invalid; Sysmis: Not administered,1: Yes; 2: No; 9: Omitted or invalid; Sysmis: Not administered,Background Questionnaire Variables,Nominal,,
MAT\PROF_DEVELOPMENT_PAST\STUDENT_NEEDS,"In the past two years, have you participated in professional development in any of the following? Addressing individual students' needs",ATBM09AG,ATBLM08AG,TQM-09Ag,TQM-08Ag,Teacher,MAT\PROF DEVELOPMENT PAST\STUDENT NEEDS (2023),✓,✓,✓,1: Yes; 2: No,9: Omitted or invalid; Sysmis: Not administered,1: Yes; 2: No; 9: Omitted or invalid; Sysmis: Not administered,Background Questionnaire Variables,Nominal,,
MAT\SCH\ADDTL_STAFF_SUPPORT_MATH,Does your school offer the following? Additional teachers or support staff in <fifth grade> mathematics classes when needed,,ACBLG13E,,ScQ-13e,School,MAT\SCH\ADDTL STAFF SUPPORT MATH (2024),,✓,,1: Yes; 2: No,9: Omitted or invalid; Sysmis: Not administered,1: Yes; 2: No; 9: Omitted or invalid; Sysmis: Not administered,Background Questionnaire Variables,Nominal,,
MAT\SCH\ENRICHMENT_PROGRAMS,"Does your school offer the following? <Enrichment> programs in mathematics for <fifth grade> students (e.g., <extra classes, clubs>)",,ACBLG13B,,ScQ-13b,School,MAT\SCH\ENRICHMENT PROGRAMS (2024),,✓,,1: Yes; 2: No,9: Omitted or invalid; Sysmis: Not administered,1: Yes; 2: No; 9: Omitted or invalid; Sysmis: Not administered,Background Questionnaire Variables,Nominal,,
MAT\SCH\REMEDIAL_PROGRAMS,"Does your school offer the following? <Remedial> programs in mathematics for <fifth grade> students (e.g., <tutoring, extra classes>)",,ACBLG13A,,ScQ-13a,School,MAT\SCH\REMEDIAL PROGRAMS (2024),,✓,,1: Yes; 2: No,9: Omitted or invalid; Sysmis: Not administered,1: Yes; 2: No; 9: Omitted or invalid; Sysmis: Not administered,Background Questionnaire Variables,Nominal,,
MAT\TCH_ABILITY\ADAPT_TO_INTERESTS,"In teaching mathematics to this class, how confident do you feel about your ability to do the following? Adapt teaching to engage students' interests",,ATBLM03C,,TQM-03c,Teacher,MAT\TCH ABILITY\ADAPT TO INTERESTS (2024),,✓,,1: Very confident; 2: Somewhat confident; 3: Not confident,9: Omitted or invalid; Sysmis: Not administered,1: Very confident; 2: Somewhat confident; 3: Not confident; 9: Omitted or invalid; Sysmis: Not administered,Background Questionnaire Variables,Nominal,,
MAT\TCH_ABILITY\ASSESS_COMPREHENSION,"In teaching mathematics to this class, how confident do you feel about your ability to do the following? Assess students' comprehension of mathematics content",,ATBLM03H,,TQM-03h,Teacher,MAT\TCH ABILITY\ASSESS COMPREHENSION (2024),,✓,,1: Very confident; 2: Somewhat confident; 3: Not confident,9: Omitted or invalid; Sysmis: Not administered,1: Very confident; 2: Somewhat confident; 3: Not confident; 9: Omitted or invalid; Sysmis: Not administered,Background Questionnaire Variables,Nominal,,
MAT\TCH_ABILITY\CHALLENGING_ACTIVITIES,"In teaching mathematics to this class, how confident do you feel about your ability to do the following? Provide challenging mathematics activities for excelling students",,ATBLM03F,,TQM-03f,Teacher,MAT\TCH ABILITY\CHALLENGING ACTIVITIES (2024),,✓,,1: Very confident; 2: Somewhat confident; 3: Not confident,9: Omitted or invalid; Sysmis: Not administered,1: Very confident; 2: Somewhat confident; 3: Not confident; 9: Omitted or invalid; Sysmis: Not administered,Background Questionnaire Variables,Nominal,,
MAT\TCH_ABILITY\HIGHER_ORDER_SKILLS,"In teaching mathematics to this class, how confident do you feel about your ability to do the following? Develop students' higher-order thinking skills",,ATBLM03D,,TQM-03d,Teacher,MAT\TCH ABILITY\HIGHER ORDER SKILLS (2024),,✓,,1: Very confident; 2: Somewhat confident; 3: Not confident,9: Omitted or invalid; Sysmis: Not administered,1: Very confident; 2: Somewhat confident; 3: Not confident; 9: Omitted or invalid; Sysmis: Not administered,Background Questionnaire Variables,Nominal,,
MAT\TCH_ABILITY\PROB_SOLVING_STRAT,"In teaching mathematics to this class, how confident do you feel about your ability to do the following? Show students a variety of problem solving strategies",,ATBLM03B,,TQM-03b,Teacher,MAT\TCH ABILITY\PROB SOLVING STRAT (2024),,✓,,1: Very confident; 2: Somewhat confident; 3: Not confident,9: Omitted or invalid; Sysmis: Not administered,1: Very confident; 2: Somewhat confident; 3: Not confident; 9: Omitted or invalid; Sysmis: Not administered,Background Questionnaire Variables,Nominal,,
MAT\TCH_ABILITY\RELEVANT_TO_STUDENTS,"In teaching mathematics to this class, how confident do you feel about your ability to do the following? Make mathematics relevant to students",,ATBLM03E,,TQM-03e,Teacher,MAT\TCH ABILITY\RELEVANT TO STUDENTS (2024),,✓,,1: Very confident; 2: Somewhat confident; 3: Not confident,9: Omitted or invalid; Sysmis: Not administered,1: Very confident; 2: Somewhat confident; 3: Not confident; 9: Omitted or invalid; Sysmis: Not administered,Background Questionnaire Variables,Nominal,,
MAT\TCH_ABILITY\STRUGGLING_STUDENTS,"In teaching mathematics to this class, how confident do you feel about your ability to do the following? Improve mathematics understanding of struggling students",,ATBLM03G,,TQM-03g,Teacher,MAT\TCH ABILITY\STRUGGLING STUDENTS (2024),,✓,,1: Very confident; 2: Somewhat confident; 3: Not confident,9: Omitted or invalid; Sysmis: Not administered,1: Very confident; 2: Somewhat confident; 3: Not confident; 9: Omitted or invalid; Sysmis: Not administered,Background Questionnaire Variables,Nominal,,
MAT\TCH_ABILITY\VALUE_OF_MATH,"In teaching mathematics to this class, how confident do you feel about your ability to do the following? Help students appreciate the value of learning mathematics",,ATBLM03A,,TQM-03a,Teacher,MAT\TCH ABILITY\VALUE OF MATH (2024),,✓,,1: Very confident; 2: Somewhat confident; 3: Not confident,9: Omitted or invalid; Sysmis: Not administered,1: Very confident; 2: Somewhat confident; 3: Not confident; 9: Omitted or invalid; Sysmis: Not administered,Background Questionnaire Variables,Nominal,,
MAT\TIME_SPENT_HOMEWORK\MATH,"When your teacher gives you home in the following subjects, about how much time do you usually spend on your homework? Mathematics",,ASBLM12A,,SQMS-12a,Student,MAT\TIME SPENT HOMEWORK\MATH (2024),,✓,,1: 30 minutes or less; 2: 31-60 minutes; 3: more than 60 minutes,9: Omitted or invalid; 6: Logically not applicable; Sysmis: Not administered,1: 30 minutes or less; 2: 31-60 minutes; 3: more than 60 minutes; 9: Omitted or invalid; 6: Logically not applicable; Sysmis: Not administered,Background Questionnaire Variables,Nominal,,
MAT\TIME_SPENT_MATHEMATICS_MINUTES,"In a typical week, how much time do you spend teaching mathematics to the students in this class? (minutes)",ATBM01,ATBLM01,TQM-01,TQM-01,Teacher,MAT\TIME SPENT MATHEMATICS MINUTES (2023),✓,✓,✓,,9999: Omitted or invalid; Sysmis: Not administered,9999: Omitted or invalid; Sysmis: Not administered,Background Questionnaire Variables,Ratio,,
MAT\TOPICS\DATA\CREATE_OR_COMPLETE_DATA_DISPLAYS,When students in this class have been taught each of the following mathematics topics. Data: Create or complete data displays,ATBM06CB,ATBLM05CB,TQM-06Cb,TQM-05Cb,Teacher,MAT\TOPICS\DATA\CREATE OR COMPLETE DATA DISPLAYS (2023),✓,✓,✓,1: Mostly taught before this year; 2: Mostly taught this year; 3: Not yet taught,9: Omitted or invalid; Sysmis: Not administered,1: Mostly taught before this year; 2: Mostly taught this year; 3: Not yet taught; 9: Omitted or invalid; Sysmis: Not administered,Background Questionnaire Variables,Nominal,,
MAT\TOPICS\DATA\DRAWING_CONCLUSIONS,When students in this class have been taught each of the following mathematics topics. Data: Draw conclusions from two or more data sources,ATBM06CC,ATBLM05CC,TQM-06Cc,TQM-05Cc,Teacher,MAT\TOPICS\DATA\DRAWING CONCLUSIONS (2023),✓,✓,✓,1: Mostly taught before this year; 2: Mostly taught this year; 3: Not yet taught,9: Omitted or invalid; Sysmis: Not administered,1: Mostly taught before this year; 2: Mostly taught this year; 3: Not yet taught; 9: Omitted or invalid; Sysmis: Not administered,Background Questionnaire Variables,Nominal,,
MAT\TOPICS\DATA\READING_AND_INTERPRETING_DATA,When students in this class have been taught each of the following mathematics topics. Data: Read and interpret data displays,ATBM06CA,ATBLM05CA,TQM-06Ca,TQM-05Ca,Teacher,MAT\TOPICS\DATA\READING AND INTERPRETING DATA (2023),✓,✓,✓,1: Mostly taught before this year; 2: Mostly taught this year; 3: Not yet taught,9: Omitted or invalid; Sysmis: Not administered,1: Mostly taught before this year; 2: Mostly taught this year; 3: Not yet taught; 9: Omitted or invalid; Sysmis: Not administered,Background Questionnaire Variables,Nominal,,
MAT\TOPICS\GEOMETRY\AREAS_AND_VOLUMES,When students in this class have been taught each of the following mathematics topics. Measurement and Geometry: Find areas of shapes covered with squares or volumes of shapes filled with cubes,ATBM06BD,ATBLM05BD,TQM-06Bd,TQM-05Bd,Teacher,MAT\TOPICS\GEOMETRY\AREAS AND VOLUMES (2023),✓,✓,✓,1: Mostly taught before this year; 2: Mostly taught this year; 3: Not yet taught,9: Omitted or invalid; Sysmis: Not administered,1: Mostly taught before this year; 2: Mostly taught this year; 3: Not yet taught; 9: Omitted or invalid; Sysmis: Not administered,Background Questionnaire Variables,Nominal,,
MAT\TOPICS\GEOMETRY\COMPARE_AND_DRAW_ANGLES,When students in this class have been taught each of the following mathematics topics. Measurement and Geometry: Compare and draw angles,ATBM06BF,ATBLM05BF,TQM-06Bf,TQM-05Bf,Teacher,MAT\TOPICS\GEOMETRY\COMPARE AND DRAW ANGLES (2023),✓,✓,✓,1: Mostly taught before this year; 2: Mostly taught this year; 3: Not yet taught,9: Omitted or invalid; Sysmis: Not administered,1: Mostly taught before this year; 2: Mostly taught this year; 3: Not yet taught; 9: Omitted or invalid; Sysmis: Not administered,Background Questionnaire Variables,Nominal,,
MAT\TOPICS\GEOMETRY\FIND_PERIMETER,When students in this class have been taught each of the following mathematics topics. Measurement and Geometry: Find perimeters of polygons,ATBM06BC,ATBLM05BC,TQM-06Bc,TQM-05Bc,Teacher,MAT\TOPICS\GEOMETRY\FIND PERIMETER (2023),✓,✓,✓,1: Mostly taught before this year; 2: Mostly taught this year; 3: Not yet taught,9: Omitted or invalid; Sysmis: Not administered,1: Mostly taught before this year; 2: Mostly taught this year; 3: Not yet taught; 9: Omitted or invalid; Sysmis: Not administered,Background Questionnaire Variables,Nominal,,
MAT\TOPICS\GEOMETRY\PARALLEL_AND_PERPENDICULAR_LINES,When students in this class have been taught each of the following mathematics topics. Measurement and Geometry: Recognize and draw parallel and perpendicular lines,ATBM06BE,ATBLM05BE,TQM-06Be,TQM-05Be,Teacher,MAT\TOPICS\GEOMETRY\PARALLEL AND PERPENDICULAR LINES (2023),✓,✓,✓,1: Mostly taught before this year; 2: Mostly taught this year; 3: Not yet taught,9: Omitted or invalid; Sysmis: Not administered,1: Mostly taught before this year; 2: Mostly taught this year; 3: Not yet taught; 9: Omitted or invalid; Sysmis: Not administered,Background Questionnaire Variables,Nominal,,
MAT\TOPICS\GEOMETRY\SOLVING_PROB_LENGTH,"When students in this class have been taught each of the following mathematics topics. Measurement and Geometry: Measure, estimate, add, and subtract lengths",ATBM06BA,ATBLM05BA,TQM-06Ba,TQM-05Ba,Teacher,MAT\TOPICS\GEOMETRY\SOLVING PROB LENGTH (2023),✓,✓,✓,1: Mostly taught before this year; 2: Mostly taught this year; 3: Not yet taught,9: Omitted or invalid; Sysmis: Not administered,1: Mostly taught before this year; 2: Mostly taught this year; 3: Not yet taught; 9: Omitted or invalid; Sysmis: Not administered,Background Questionnaire Variables,Nominal,,
MAT\TOPICS\GEOMETRY\SOLVING_PROB_MASS_VOLUME_TIME,"When students in this class have been taught each of the following mathematics topics. Measurement and Geometry: Add and subtract mass, volume, or time in appropriate units",ATBM06BB,ATBLM05BB,TQM-06Bb,TQM-05Bb,Teacher,MAT\TOPICS\GEOMETRY\SOLVING PROB MASS VOLUME TIME (2023),✓,✓,✓,1: Mostly taught before this year; 2: Mostly taught this year; 3: Not yet taught,9: Omitted or invalid; Sysmis: Not administered,1: Mostly taught before this year; 2: Mostly taught this year; 3: Not yet taught; 9: Omitted or invalid; Sysmis: Not administered,Background Questionnaire Variables,Nominal,,
MAT\TOPICS\GEOMETRY\THREE_DIMENSIONAL_SHAPES,"When students in this class have been taught each of the following mathematics topics. Measurement and Geometry: Describe and draw common three-dimensional shapes (e.g., cubes, rectangular solids, cones, cylinders, spheres)",ATBM06BH,ATBLM05BH,TQM-06Bh,TQM-05Bh,Teacher,MAT\TOPICS\GEOMETRY\THREE DIMENSIONAL SHAPES (2023),✓,✓,✓,1: Mostly taught before this year; 2: Mostly taught this year; 3: Not yet taught,9: Omitted or invalid; Sysmis: Not administered,1: Mostly taught before this year; 2: Mostly taught this year; 3: Not yet taught; 9: Omitted or invalid; Sysmis: Not administered,Background Questionnaire Variables,Nominal,,
MAT\TOPICS\GEOMETRY\TWO_DIMENSIONAL_SHAPES,"When students in this class have been taught each of the following mathematics topics. Measurement and Geometry: Describe and draw common two-dimensional shapes (e.g., circles, triangles, quadrilaterals)",ATBM06BG,ATBLM05BG,TQM-06Bg,TQM-05Bg,Teacher,MAT\TOPICS\GEOMETRY\TWO DIMENSIONAL SHAPES (2023),✓,✓,✓,1: Mostly taught before this year; 2: Mostly taught this year; 3: Not yet taught,9: Omitted or invalid; Sysmis: Not administered,1: Mostly taught before this year; 2: Mostly taught this year; 3: Not yet taught; 9: Omitted or invalid; Sysmis: Not administered,Background Questionnaire Variables,Nominal,,
MAT\TOPICS\NUMBER\ADD_AND_SUBTRACT_DECIMALS,When students in this class have been taught each of the following mathematics topics. Number: Add and subtract with decimals up to two decimal places,ATBM06AL,ATBLM05AL,TQM-06Al,TQM-05Al,Teacher,MAT\TOPICS\NUMBER\ADD AND SUBTRACT DECIMALS (2023),✓,✓,✓,1: Mostly taught before this year; 2: Mostly taught this year; 3: Not yet taught,9: Omitted or invalid; Sysmis: Not administered,1: Mostly taught before this year; 2: Mostly taught this year; 3: Not yet taught; 9: Omitted or invalid; Sysmis: Not administered,Background Questionnaire Variables,Nominal,,
MAT\TOPICS\NUMBER\ADD_AND_SUBTRACT_FRACTIONS,When students in this class have been taught each of the following mathematics topics. Number: Add and subtract simple fractions,ATBM06AJ,ATBLM05AJ,TQM-06Aj,TQM-05Aj,Teacher,MAT\TOPICS\NUMBER\ADD AND SUBTRACT FRACTIONS (2023),✓,✓,✓,1: Mostly taught before this year; 2: Mostly taught this year; 3: Not yet taught,9: Omitted or invalid; Sysmis: Not administered,1: Mostly taught before this year; 2: Mostly taught this year; 3: Not yet taught; 9: Omitted or invalid; Sysmis: Not administered,Background Questionnaire Variables,Nominal,,
MAT\TOPICS\NUMBER\ADD_SUBTRACT_4_DIGITS,When students in this class have been taught each of the following mathematics topics. Number: Add and subtract up to 4-digit numbers,ATBM06AB,ATBLM05AB,TQM-06Ab,TQM-05Ab,Teacher,MAT\TOPICS\NUMBER\ADD SUBTRACT 4 DIGITS (2023),✓,✓,✓,1: Mostly taught before this year; 2: Mostly taught this year; 3: Not yet taught,9: Omitted or invalid; Sysmis: Not administered,1: Mostly taught before this year; 2: Mostly taught this year; 3: Not yet taught; 9: Omitted or invalid; Sysmis: Not administered,Background Questionnaire Variables,Nominal,,
MAT\TOPICS\NUMBER\COMPARE_AND_ORDER_DECIMALS,"When students in this class have been taught each of the following mathematics topics. Number: Represent, compare, and order decimals up to two decimal places",ATBM06AK,ATBLM05AK,TQM-06Ak,TQM-05Ak,Teacher,MAT\TOPICS\NUMBER\COMPARE AND ORDER DECIMALS (2023),✓,✓,✓,1: Mostly taught before this year; 2: Mostly taught this year; 3: Not yet taught,9: Omitted or invalid; Sysmis: Not administered,1: Mostly taught before this year; 2: Mostly taught this year; 3: Not yet taught; 9: Omitted or invalid; Sysmis: Not administered,Background Questionnaire Variables,Nominal,,
MAT\TOPICS\NUMBER\COMPARE_AND_ORDER_FRACTIONS,"When students in this class have been taught each of the following mathematics topics. Number: Represent, compare, and order fractions",ATBM06AI,ATBLM05AI,TQM-06Ai,TQM-05Ai,Teacher,MAT\TOPICS\NUMBER\COMPARE AND ORDER FRACTIONS (2023),✓,✓,✓,1: Mostly taught before this year; 2: Mostly taught this year; 3: Not yet taught,9: Omitted or invalid; Sysmis: Not administered,1: Mostly taught before this year; 2: Mostly taught this year; 3: Not yet taught; 9: Omitted or invalid; Sysmis: Not administered,Background Questionnaire Variables,Nominal,,
MAT\TOPICS\NUMBER\DIVIDE_3_BY_1_DIGITS,When students in this class have been taught each of the following mathematics topics. Number: Divide up to 3-digit by 1-digit numbers,ATBM06AD,ATBLM05AD,TQM-06Ad,TQM-05Ad,Teacher,MAT\TOPICS\NUMBER\DIVIDE 3 BY 1 DIGITS (2023),✓,✓,✓,1: Mostly taught before this year; 2: Mostly taught this year; 3: Not yet taught,9: Omitted or invalid; Sysmis: Not administered,1: Mostly taught before this year; 2: Mostly taught this year; 3: Not yet taught; 9: Omitted or invalid; Sysmis: Not administered,Background Questionnaire Variables,Nominal,,
MAT\TOPICS\NUMBER\MISSING_NUMBER_OR_OPERATION,When students in this class have been taught each of the following mathematics topics. Number: Find the missing number or operation in a number sentence,ATBM06AG,ATBLM05AG,TQM-06Ag,TQM-05Ag,Teacher,MAT\TOPICS\NUMBER\MISSING NUMBER OR OPERATION (2023),✓,✓,✓,1: Mostly taught before this year; 2: Mostly taught this year; 3: Not yet taught,9: Omitted or invalid; Sysmis: Not administered,1: Mostly taught before this year; 2: Mostly taught this year; 3: Not yet taught; 9: Omitted or invalid; Sysmis: Not administered,Background Questionnaire Variables,Nominal,,
MAT\TOPICS\NUMBER\MULTIPLY_3_BY_1_AND_2_BY_2_DIGITS,When students in this class have been taught each of the following mathematics topics. Number: Multiply up to 3-digit by 1-digit and 2-digit by 2-digit numbers,ATBM06AC,ATBLM05AC,TQM-06Ac,TQM-05Ac,Teacher,MAT\TOPICS\NUMBER\MULTIPLY 3 BY 1 AND 2 BY 2 DIGITS (2023),✓,✓,✓,1: Mostly taught before this year; 2: Mostly taught this year; 3: Not yet taught,9: Omitted or invalid; Sysmis: Not administered,1: Mostly taught before this year; 2: Mostly taught this year; 3: Not yet taught; 9: Omitted or invalid; Sysmis: Not administered,Background Questionnaire Variables,Nominal,,
MAT\TOPICS\NUMBER\NUMBER_PATTERNS,When students in this class have been taught each of the following mathematics topics. Number: Extend a number pattern or find the missing number in a pattern,ATBM06AH,ATBLM05AH,TQM-06Ah,TQM-05Ah,Teacher,MAT\TOPICS\NUMBER\NUMBER PATTERNS (2023),✓,✓,✓,1: Mostly taught before this year; 2: Mostly taught this year; 3: Not yet taught,9: Omitted or invalid; Sysmis: Not administered,1: Mostly taught before this year; 2: Mostly taught this year; 3: Not yet taught; 9: Omitted or invalid; Sysmis: Not administered,Background Questionnaire Variables,Nominal,,
MAT\TOPICS\NUMBER\ODD_EVEN_NUMBERS_MULTIPLES_FACTORS,"When students in this class have been taught each of the following mathematics topics. Number: Solve problems with odd/even numbers, multiples, or factors",ATBM06AE,ATBLM05AE,TQM-06Ae,TQM-05Ae,Teacher,MAT\TOPICS\NUMBER\ODD EVEN NUMBERS MULTIPLES FACTORS (2023),✓,✓,✓,1: Mostly taught before this year; 2: Mostly taught this year; 3: Not yet taught,9: Omitted or invalid; Sysmis: Not administered,1: Mostly taught before this year; 2: Mostly taught this year; 3: Not yet taught; 9: Omitted or invalid; Sysmis: Not administered,Background Questionnaire Variables,Nominal,,
MAT\TOPICS\NUMBER\ROUND_ESTIMATE,When students in this class have been taught each of the following mathematics topics. Number: Round or make estimations with whole numbers,ATBM06AF,ATBLM05AF,TQM-06Af,TQM-05Af,Teacher,MAT\TOPICS\NUMBER\ROUND ESTIMATE (2023),✓,✓,✓,1: Mostly taught before this year; 2: Mostly taught this year; 3: Not yet taught,9: Omitted or invalid; Sysmis: Not administered,1: Mostly taught before this year; 2: Mostly taught this year; 3: Not yet taught; 9: Omitted or invalid; Sysmis: Not administered,Background Questionnaire Variables,Nominal,,
MAT\TOPICS\NUMBER\WHOLE_NUMBER_ORDERING,When students in this class have been taught each of the following mathematics topics. Number: Recognize place value and order whole numbers,ATBM06AA,ATBLM05AA,TQM-06Aa,TQM-05Aa,Teacher,MAT\TOPICS\NUMBER\WHOLE NUMBER ORDERING (2023),✓,✓,✓,1: Mostly taught before this year; 2: Mostly taught this year; 3: Not yet taught,9: Omitted or invalid; Sysmis: Not administered,1: Mostly taught before this year; 2: Mostly taught this year; 3: Not yet taught; 9: Omitted or invalid; Sysmis: Not administered,Background Questionnaire Variables,Nominal,,
SCI\ACCESS_TO_DEVICES\CLASS_HAS_DEVICES_TO_SHARE,What access do the students have to digital devices? The class has digital devices that students can share,ATBS07BB,ATBLS08BB,TQS-07Bb,TQS-08Bb,Teacher,SCI\ACCESS TO DEVICES\CLASS HAS DEVICES TO SHARE (2023),✓,✓,✓,1: Yes; 2: No,9: Omitted or invalid; 6: Logically not applicable; Sysmis: Not administered,1: Yes; 2: No; 9: Omitted or invalid; 6: Logically not applicable; Sysmis: Not administered,Background Questionnaire Variables,Nominal,,
SCI\ACCESS_TO_DEVICES\EACH_STD_HAS_A_DEVICE,What access do the students have to digital devices? The class has digital devices for each student to use,ATBS07BA,ATBLS08BA,TQS-07Ba,TQS-08Ba,Teacher,SCI\ACCESS TO DEVICES\EACH STD HAS A DEVICE (2023),✓,✓,✓,1: Yes; 2: No,9: Omitted or invalid; 6: Logically not applicable; Sysmis: Not administered,1: Yes; 2: No; 9: Omitted or invalid; 6: Logically not applicable; Sysmis: Not administered,Background Questionnaire Variables,Nominal,,
SCI\ACCESS_TO_DEVICES\HOW_OFTEN,How often do you have students use digital devices during science instruction?,ATBS07C,ATBLS08C,TQS-07C,TQS-08C,Teacher,SCI\ACCESS TO DEVICES\HOW OFTEN (2023),✓,✓,✓,1: At least once a week; 2: Once or twice a month; 3: A few times a year; 4: Never or almost never,9: Omitted or invalid; 6: Logically not applicable; Sysmis: Not administered,1: At least once a week; 2: Once or twice a month; 3: A few times a year; 4: Never or almost never; 9: Omitted or invalid; 6: Logically not applicable; Sysmis: Not administered,Background Questionnaire Variables,Ordinal,,
SCI\ACCESS_TO_DEVICES\HOW_OFTEN\CREATE_DATA_DISPLAYS,"How often do you ask the students in your class to use digital devices to do these science activities? Create graphs, tables, or other data displays",ATBS07DB,ATBLS08DB,TQS-07Db,TQS-08Db,Teacher,SCI\ACCESS TO DEVICES\HOW OFTEN\CREATE DATA DISPLAYS (2023),✓,✓,✓,1: At least once a week; 2: Once or twice a month; 3: A few times a year; 4: Never or almost never,9: Omitted or invalid; 6: Logically not applicable; Sysmis: Not administered,1: At least once a week; 2: Once or twice a month; 3: A few times a year; 4: Never or almost never; 9: Omitted or invalid; 6: Logically not applicable; Sysmis: Not administered,Background Questionnaire Variables,Ordinal,,
SCI\ACCESS_TO_DEVICES\HOW_OFTEN\EXPERIMENTS_OR_SIMULATIONS,How often do you ask the students in your class to use digital devices to do these science activities? Conduct virtual experiments or other simulations,ATBS07DD,ATBLS08DD,TQS-07Dd,TQS-08Dd,Teacher,SCI\ACCESS TO DEVICES\HOW OFTEN\EXPERIMENTS OR SIMULATIONS (2023),✓,✓,✓,1: At least once a week; 2: Once or twice a month; 3: A few times a year; 4: Never or almost never,9: Omitted or invalid; 6: Logically not applicable; Sysmis: Not administered,1: At least once a week; 2: Once or twice a month; 3: A few times a year; 4: Never or almost never; 9: Omitted or invalid; 6: Logically not applicable; Sysmis: Not administered,Background Questionnaire Variables,Ordinal,,
SCI\ACCESS_TO_DEVICES\HOW_OFTEN\EXTENDED_PROBLEMS,How often do you ask the students in your class to use digital devices to do these science activities? Solve extended for contextualized problems,ATBS07DA,ATBLS08DA,TQS-07Da,TQS-08Da,Teacher,SCI\ACCESS TO DEVICES\HOW OFTEN\EXTENDED PROBLEMS (2023),✓,✓,✓,1: At least once a week; 2: Once or twice a month; 3: A few times a year; 4: Never or almost never,9: Omitted or invalid; 6: Logically not applicable; Sysmis: Not administered,1: At least once a week; 2: Once or twice a month; 3: A few times a year; 4: Never or almost never; 9: Omitted or invalid; 6: Logically not applicable; Sysmis: Not administered,Background Questionnaire Variables,Ordinal,,
SCI\ACCESS_TO_DEVICES\HOW_OFTEN\PLAY_GAMES,How often do you ask the students in your class to use digital devices to do these science activities? Play games involving science concepts,ATBS07DC,ATBLS08DC,TQS-07Dc,TQS-08Dc,Teacher,SCI\ACCESS TO DEVICES\HOW OFTEN\PLAY GAMES (2023),✓,✓,✓,1: At least once a week; 2: Once or twice a month; 3: A few times a year; 4: Never or almost never,9: Omitted or invalid; 6: Logically not applicable; Sysmis: Not administered,1: At least once a week; 2: Once or twice a month; 3: A few times a year; 4: Never or almost never; 9: Omitted or invalid; 6: Logically not applicable; Sysmis: Not administered,Background Questionnaire Variables,Ordinal,,
SCI\ACCESS_TO_DEVICES\HOW_OFTEN\READ_TEXTBOOK,How often do you ask the students in your class to use digital devices to do these science activities? Read the textbook or watch instructional videos,ATBS07DE,ATBLS08DE,TQS-07De,TQS-08De,Teacher,SCI\ACCESS TO DEVICES\HOW OFTEN\READ TEXTBOOK (2023),✓,✓,✓,1: At least once a week; 2: Once or twice a month; 3: A few times a year; 4: Never or almost never,9: Omitted or invalid; 6: Logically not applicable; Sysmis: Not administered,1: At least once a week; 2: Once or twice a month; 3: A few times a year; 4: Never or almost never; 9: Omitted or invalid; 6: Logically not applicable; Sysmis: Not administered,Background Questionnaire Variables,Ordinal,,
SCI\ACCESS_TO_DEVICES\HOW_OFTEN\TAKE_TEST,How often do you ask the students in your class to use digital devices to do these science activities? Take a test,ATBS07DF,ATBLS08DF,TQS-07Df,TQS-08Df,Teacher,SCI\ACCESS TO DEVICES\HOW OFTEN\TAKE TEST (2023),✓,✓,✓,1: At least once a week; 2: Once or twice a month; 3: A few times a year; 4: Never or almost never,9: Omitted or invalid; 6: Logically not applicable; Sysmis: Not administered,1: At least once a week; 2: Once or twice a month; 3: A few times a year; 4: Never or almost never; 9: Omitted or invalid; 6: Logically not applicable; Sysmis: Not administered,Background Questionnaire Variables,Ordinal,,
SCI\ACCESS_TO_DEVICES\SCHOOL_HAS_DEVICES,What access do the students have to digital devices? The school has digital devices that the class can use sometimes,ATBS07BC,ATBLS08BC,TQS-07Bc,TQS-08Bc,Teacher,SCI\ACCESS TO DEVICES\SCHOOL HAS DEVICES (2023),✓,✓,✓,1: Yes; 2: No,9: Omitted or invalid; 6: Logically not applicable; Sysmis: Not administered,1: Yes; 2: No; 9: Omitted or invalid; 6: Logically not applicable; Sysmis: Not administered,Background Questionnaire Variables,Nominal,,
SCI\ACCESS_TO_DEVICES\STUDENTS_BRING_OWN_DEVICES,What access do the students have to digital devices? Students bring their own digital devices,ATBS07BD,ATBLS08BD,TQS-07Bd,TQS-08Bd,Teacher,SCI\ACCESS TO DEVICES\STUDENTS BRING OWN DEVICES (2023),✓,✓,✓,1: Yes; 2: No,9: Omitted or invalid; 6: Logically not applicable; Sysmis: Not administered,1: Yes; 2: No; 9: Omitted or invalid; 6: Logically not applicable; Sysmis: Not administered,Background Questionnaire Variables,Nominal,,
SCI\AGREE\CLEAR_ANSWERS,How much do you agree with these statements about your science lessons? My teacher has clear answers to my questions,ASBS08C,ASBLS08C,SQMS-08c,SQMS-08c,Student,SCI\AGREE\CLEAR ANSWERS (2023),✓,✓,✓,1: Agree a lot; 2: Agree a little; 3: Disagree a little; 4: Disagree a lot,9: Omitted or invalid; Sysmis: Not administered,1: Agree a lot; 2: Agree a little; 3: Disagree a little; 4: Disagree a lot; 9: Omitted or invalid; Sysmis: Not administered,Background Questionnaire Variables,Ordinal,,
SCI\AGREE\ENJOY_LEARNING_SCIENCE,How much do you agree with these statements about learning science? I enjoy learning science,ASBS07A,ASBLS07A,SQMS-07a,SQMS-07a,Student,SCI\AGREE\ENJOY LEARNING SCIENCE (2023),✓,✓,✓,1: Agree a lot; 2: Agree a little; 3: Disagree a little; 4: Disagree a lot,9: Omitted or invalid; Sysmis: Not administered,1: Agree a lot; 2: Agree a little; 3: Disagree a little; 4: Disagree a lot; 9: Omitted or invalid; Sysmis: Not administered,Background Questionnaire Variables,Ordinal,,
SCI\AGREE\FAVORITE_SUBJECT,How much do you agree with these statements about learning science? Science is one of my favorite subjects,ASBS07I,ASBLS07G,SQMS-07i,SQMS-07g,Student,SCI\AGREE\FAVORITE SUBJECT (2023),✓,✓,✓,1: Agree a lot; 2: Agree a little; 3: Disagree a little; 4: Disagree a lot,9: Omitted or invalid; Sysmis: Not administered,1: Agree a lot; 2: Agree a little; 3: Disagree a little; 4: Disagree a lot; 9: Omitted or invalid; Sysmis: Not administered,Background Questionnaire Variables,Ordinal,,
SCI\AGREE\HARDER_FOR_ME_THAN_FOR_OTHERS,How much do you agree with these statements about science? Science is harder for me than for many of my classmates,ASBS10B,ASBLS10B,SQMS-10b,SQMS-10b,Student,SCI\AGREE\HARDER FOR ME THAN FOR OTHERS (2023),✓,✓,✓,1: Agree a lot; 2: Agree a little; 3: Disagree a little; 4: Disagree a lot,9: Omitted or invalid; Sysmis: Not administered,1: Agree a lot; 2: Agree a little; 3: Disagree a little; 4: Disagree a lot; 9: Omitted or invalid; Sysmis: Not administered,Background Questionnaire Variables,Ordinal,,
SCI\AGREE\JUST_NOT_GOOD_AT_SCIENCE,How much do you agree with these statements about science? I am just not good at science,ASBS10C,ASBLS10C,SQMS-10c,SQMS-10c,Student,SCI\AGREE\JUST NOT GOOD AT SCIENCE (2023),✓,✓,✓,1: Agree a lot; 2: Agree a little; 3: Disagree a little; 4: Disagree a lot,9: Omitted or invalid; Sysmis: Not administered,1: Agree a lot; 2: Agree a little; 3: Disagree a little; 4: Disagree a lot; 9: Omitted or invalid; Sysmis: Not administered,Background Questionnaire Variables,Ordinal,,
SCI\AGREE\LEARN_INTERESTING_THINGS,How much do you agree with these statements about learning science? I learn many interesting things in science,ASBS07D,ASBLS07B,SQMS-07d,SQMS-07b,Student,SCI\AGREE\LEARN INTERESTING THINGS (2023),✓,✓,✓,1: Agree a lot; 2: Agree a little; 3: Disagree a little; 4: Disagree a lot,9: Omitted or invalid; Sysmis: Not administered,1: Agree a lot; 2: Agree a little; 3: Disagree a little; 4: Disagree a lot; 9: Omitted or invalid; Sysmis: Not administered,Background Questionnaire Variables,Ordinal,,
SCI\AGREE\LIKE_SCIENCE,How much do you agree with these statements about learning science? I like science,ASBS07E,ASBLS07C,SQMS-07e,SQMS-07c,Student,SCI\AGREE\LIKE SCIENCE (2023),✓,✓,✓,1: Agree a lot; 2: Agree a little; 3: Disagree a little; 4: Disagree a lot,9: Omitted or invalid; Sysmis: Not administered,1: Agree a lot; 2: Agree a little; 3: Disagree a little; 4: Disagree a lot; 9: Omitted or invalid; Sysmis: Not administered,Background Questionnaire Variables,Ordinal,,
SCI\AGREE\LOOK_FORWARD_TO_LEARN,How much do you agree with these statements about learning science? I look forward to learning science in school,ASBS07F,ASBLS07D,SQMS-07f,SQMS-07d,Student,SCI\AGREE\LOOK FORWARD TO LEARN (2023),✓,✓,✓,1: Agree a lot; 2: Agree a little; 3: Disagree a little; 4: Disagree a lot,9: Omitted or invalid; Sysmis: Not administered,1: Agree a lot; 2: Agree a little; 3: Disagree a little; 4: Disagree a lot; 9: Omitted or invalid; Sysmis: Not administered,Background Questionnaire Variables,Ordinal,,
SCI\AGREE\SCIENCE_EXPERIMENTS,How much do you agree with these statements about learning science? I like to do science experiments,ASBS07H,ASBLS07F,SQMS-07h,SQMS-07f,Student,SCI\AGREE\SCIENCE EXPERIMENTS (2023),✓,✓,✓,1: Agree a lot; 2: Agree a little; 3: Disagree a little; 4: Disagree a lot,9: Omitted or invalid; Sysmis: Not administered,1: Agree a lot; 2: Agree a little; 3: Disagree a little; 4: Disagree a lot; 9: Omitted or invalid; Sysmis: Not administered,Background Questionnaire Variables,Ordinal,,
SCI\AGREE\SCIENCE_HARDER_FOR_ME,How much do you agree with these statements about science? Science is harder for me than any other subject,ASBS10E,ASBLS10E,SQMS-10e,SQMS-10e,Student,SCI\AGREE\SCIENCE HARDER FOR ME (2023),✓,✓,✓,1: Agree a lot; 2: Agree a little; 3: Disagree a little; 4: Disagree a lot,9: Omitted or invalid; Sysmis: Not administered,1: Agree a lot; 2: Agree a little; 3: Disagree a little; 4: Disagree a lot; 9: Omitted or invalid; Sysmis: Not administered,Background Questionnaire Variables,Ordinal,,
SCI\AGREE\SCIENCE_IS_BORING,How much do you agree with these statements about learning science? Science is boring,ASBS07C,,SQMS-07c,,Student,SCI\AGREE\SCIENCE IS BORING (2023),✓,,,1: Agree a lot; 2: Agree a little; 3: Disagree a little; 4: Disagree a lot,9: Omitted or invalid; Sysmis: Not administered,1: Agree a lot; 2: Agree a little; 3: Disagree a little; 4: Disagree a lot; 9: Omitted or invalid; Sysmis: Not administered,Background Questionnaire Variables,Ordinal,,
SCI\AGREE\SCIENCE_IS_EASY_FOR_ME,How much do you agree with these statements about science? Science is easy for me,ASBS10D,ASBLS10D,SQMS-10d,SQMS-10d,Student,SCI\AGREE\SCIENCE IS EASY FOR ME (2023),✓,✓,✓,1: Agree a lot; 2: Agree a little; 3: Disagree a little; 4: Disagree a lot,9: Omitted or invalid; Sysmis: Not administered,1: Agree a lot; 2: Agree a little; 3: Disagree a little; 4: Disagree a lot; 9: Omitted or invalid; Sysmis: Not administered,Background Questionnaire Variables,Ordinal,,
SCI\AGREE\SCIENCE_MAKES_ME_CONFUSED,How much do you agree with these statements about science? Science makes me confused,ASBS10F,ASBLS10F,SQMS-10f,SQMS-10f,Student,SCI\AGREE\SCIENCE MAKES ME CONFUSED (2023),✓,✓,✓,1: Agree a lot; 2: Agree a little; 3: Disagree a little; 4: Disagree a lot,9: Omitted or invalid; Sysmis: Not administered,1: Agree a lot; 2: Agree a little; 3: Disagree a little; 4: Disagree a lot; 9: Omitted or invalid; Sysmis: Not administered,Background Questionnaire Variables,Ordinal,,
SCI\AGREE\SCIENCE_TEACHES_ME,How much do you agree with these statements about learning science? Science teaches me how things in the world work,ASBS07G,ASBLS07E,SQMS-07g,SQMS-07e,Student,SCI\AGREE\SCIENCE TEACHES ME (2023),✓,✓,✓,1: Agree a lot; 2: Agree a little; 3: Disagree a little; 4: Disagree a lot,9: Omitted or invalid; Sysmis: Not administered,1: Agree a lot; 2: Agree a little; 3: Disagree a little; 4: Disagree a lot; 9: Omitted or invalid; Sysmis: Not administered,Background Questionnaire Variables,Ordinal,,
SCI\AGREE\TEACHER_ASKS_TO_EXPLAIN,How much do you agree with these statements about your science lessons? My teacher asks me to explain my answers,ASBS08I,ASBLS08I,SQMS-08i,SQMS-08i,Student,SCI\AGREE\TEACHER ASKS TO EXPLAIN (2023),✓,✓,✓,1: Agree a lot; 2: Agree a little; 3: Disagree a little; 4: Disagree a lot,9: Omitted or invalid; Sysmis: Not administered,1: Agree a lot; 2: Agree a little; 3: Disagree a little; 4: Disagree a lot; 9: Omitted or invalid; Sysmis: Not administered,Background Questionnaire Variables,Ordinal,,
SCI\AGREE\TEACHER_ASKS_TO_SHOW,How much do you agree with these statements about your science lessons? My teacher asks me to show what I have learned,ASBS08H,ASBLS08H,SQMS-08h,SQMS-08h,Student,SCI\AGREE\TEACHER ASKS TO SHOW (2023),✓,✓,✓,1: Agree a lot; 2: Agree a little; 3: Disagree a little; 4: Disagree a lot,9: Omitted or invalid; Sysmis: Not administered,1: Agree a lot; 2: Agree a little; 3: Disagree a little; 4: Disagree a lot; 9: Omitted or invalid; Sysmis: Not administered,Background Questionnaire Variables,Ordinal,,
SCI\AGREE\TEACHER_DOES_A_VARIETY,How much do you agree with these statements about your science lessons? My teacher does a variety of things to help us learn,ASBS08E,ASBLS08E,SQMS-08e,SQMS-08e,Student,SCI\AGREE\TEACHER DOES A VARIETY (2023),✓,✓,✓,1: Agree a lot; 2: Agree a little; 3: Disagree a little; 4: Disagree a lot,9: Omitted or invalid; Sysmis: Not administered,1: Agree a lot; 2: Agree a little; 3: Disagree a little; 4: Disagree a lot; 9: Omitted or invalid; Sysmis: Not administered,Background Questionnaire Variables,Ordinal,,
SCI\AGREE\TEACHER_EASY_TO_UNDERSTAND,How much do you agree with these statements about your science lessons? My teacher is easy to understand,ASBS08B,ASBLS08B,SQMS-08b,SQMS-08b,Student,SCI\AGREE\TEACHER EASY TO UNDERSTAND (2023),✓,✓,✓,1: Agree a lot; 2: Agree a little; 3: Disagree a little; 4: Disagree a lot,9: Omitted or invalid; Sysmis: Not administered,1: Agree a lot; 2: Agree a little; 3: Disagree a little; 4: Disagree a lot; 9: Omitted or invalid; Sysmis: Not administered,Background Questionnaire Variables,Ordinal,,
SCI\AGREE\TEACHER_EXPLAINS_AGAIN,How much do you agree with these statements about your science lessons? My teacher explains a topic again when we don’t understand,ASBS08F,ASBLS08F,SQMS-08f,SQMS-08f,Student,SCI\AGREE\TEACHER EXPLAINS AGAIN (2023),✓,✓,✓,1: Agree a lot; 2: Agree a little; 3: Disagree a little; 4: Disagree a lot,9: Omitted or invalid; Sysmis: Not administered,1: Agree a lot; 2: Agree a little; 3: Disagree a little; 4: Disagree a lot; 9: Omitted or invalid; Sysmis: Not administered,Background Questionnaire Variables,Ordinal,,
SCI\AGREE\TEACHER_GIVES_FEEDBACK,How much do you agree with these statements about your science lessons? My teacher gives me helpful feedback on my work,ASBS08G,ASBLS08G,SQMS-08g,SQMS-08g,Student,SCI\AGREE\TEACHER GIVES FEEDBACK (2023),✓,✓,✓,1: Agree a lot; 2: Agree a little; 3: Disagree a little; 4: Disagree a lot,9: Omitted or invalid; Sysmis: Not administered,1: Agree a lot; 2: Agree a little; 3: Disagree a little; 4: Disagree a lot; 9: Omitted or invalid; Sysmis: Not administered,Background Questionnaire Variables,Ordinal,,
SCI\AGREE\TEACHER_GOOD_AT_EXPLAINING,How much do you agree with these statements about your science lessons? My teacher is good at explaining science,ASBS08D,ASBLS08D,SQMS-08d,SQMS-08d,Student,SCI\AGREE\TEACHER GOOD AT EXPLAINING (2023),✓,✓,✓,1: Agree a lot; 2: Agree a little; 3: Disagree a little; 4: Disagree a lot,9: Omitted or invalid; Sysmis: Not administered,1: Agree a lot; 2: Agree a little; 3: Disagree a little; 4: Disagree a lot; 9: Omitted or invalid; Sysmis: Not administered,Background Questionnaire Variables,Ordinal,,
SCI\AGREE\TEACHER_MAKES_IT_CLEAR,How much do you agree with these statements about your science lessons? My teacher makes it clear what we should learn in each lesson,ASBS08A,ASBLS08A,SQMS-08a,SQMS-08a,Student,SCI\AGREE\TEACHER MAKES IT CLEAR (2023),✓,✓,✓,1: Agree a lot; 2: Agree a little; 3: Disagree a little; 4: Disagree a lot,9: Omitted or invalid; Sysmis: Not administered,1: Agree a lot; 2: Agree a little; 3: Disagree a little; 4: Disagree a lot; 9: Omitted or invalid; Sysmis: Not administered,Background Questionnaire Variables,Ordinal,,
SCI\AGREE\USUALLY_DO_WELL_IN_SCIENCE,How much do you agree with these statements about science? I usually do well in science,ASBS10A,ASBLS10A,SQMS-10a,SQMS-10a,Student,SCI\AGREE\USUALLY DO WELL IN SCIENCE (2023),✓,✓,✓,1: Agree a lot; 2: Agree a little; 3: Disagree a little; 4: Disagree a lot,9: Omitted or invalid; Sysmis: Not administered,1: Agree a lot; 2: Agree a little; 3: Disagree a little; 4: Disagree a lot; 9: Omitted or invalid; Sysmis: Not administered,Background Questionnaire Variables,Ordinal,,
SCI\AGREE\WISH_HAVE_NOT_TO_STUDY_SCIENCE,How much do you agree with these statements about learning science? I wish I did not have to study science,ASBS07B,,SQMS-07b,,Student,SCI\AGREE\WISH HAVE NOT TO STUDY SCIENCE (2023),✓,,,1: Agree a lot; 2: Agree a little; 3: Disagree a little; 4: Disagree a lot,9: Omitted or invalid; Sysmis: Not administered,1: Agree a lot; 2: Agree a little; 3: Disagree a little; 4: Disagree a lot; 9: Omitted or invalid; Sysmis: Not administered,Background Questionnaire Variables,Ordinal,,
SCI\ASK_STUDENTS\DEMONSTRATE_EXPERIMENT,"In teaching science to the students in this class, how often do you ask them to do the following? Watch me demonstrate an experiment or investigation",ATBS02C,ATBLS02C,TQS-02c,TQS-02c,Teacher,SCI\ASK STUDENTS\DEMONSTRATE EXPERIMENT (2023),✓,✓,✓,1: Every or almost every lesson; 2: About half the lessons; 3: Some lessons; 4: Never,9: Omitted or invalid; Sysmis: Not administered,1: Every or almost every lesson; 2: About half the lessons; 3: Some lessons; 4: Never; 9: Omitted or invalid; Sysmis: Not administered,Background Questionnaire Variables,Ordinal,,
SCI\ASK_STUDENTS\DO_FIELD_WORK,"In teaching science to the students in this class, how often do you ask them to do the following? Do field work outside the class",ATBS02F,ATBLS02F,TQS-02f,TQS-02f,Teacher,SCI\ASK STUDENTS\DO FIELD WORK (2023),✓,✓,✓,1: Every or almost every lesson; 2: About half the lessons; 3: Some lessons; 4: Never,9: Omitted or invalid; Sysmis: Not administered,1: Every or almost every lesson; 2: About half the lessons; 3: Some lessons; 4: Never; 9: Omitted or invalid; Sysmis: Not administered,Background Questionnaire Variables,Ordinal,,
SCI\ASK_STUDENTS\LISTEN_TO_ME_EXPLAIN,"In teaching science to the students in this class, how often do you ask them to do the following? Listen to me explain new science content",ATBS02A,ATBLS02A,TQS-02a,TQS-02a,Teacher,SCI\ASK STUDENTS\LISTEN TO ME EXPLAIN (2023),✓,✓,✓,1: Every or almost every lesson; 2: About half the lessons; 3: Some lessons; 4: Never,9: Omitted or invalid; Sysmis: Not administered,1: Every or almost every lesson; 2: About half the lessons; 3: Some lessons; 4: Never; 9: Omitted or invalid; Sysmis: Not administered,Background Questionnaire Variables,Ordinal,,
SCI\ASK_STUDENTS\MEMORIZE_FACTS,"In teaching science to the students in this class, how often do you ask them to do the following? Memorize facts and principles",ATBS02E,ATBLS02E,TQS-02e,TQS-02e,Teacher,SCI\ASK STUDENTS\MEMORIZE FACTS (2023),✓,✓,✓,1: Every or almost every lesson; 2: About half the lessons; 3: Some lessons; 4: Never,9: Omitted or invalid; Sysmis: Not administered,1: Every or almost every lesson; 2: About half the lessons; 3: Some lessons; 4: Never; 9: Omitted or invalid; Sysmis: Not administered,Background Questionnaire Variables,Ordinal,,
SCI\ASK_STUDENTS\MIXED_ABILITY_GROUPS,"In teaching science to the students in this class, how often do you ask them to do the following? Work in mixed ability groups",ATBS02G,ATBLS02G,TQS-02g,TQS-02g,Teacher,SCI\ASK STUDENTS\MIXED ABILITY GROUPS (2023),✓,✓,✓,1: Every or almost every lesson; 2: About half the lessons; 3: Some lessons; 4: Never,9: Omitted or invalid; Sysmis: Not administered,1: Every or almost every lesson; 2: About half the lessons; 3: Some lessons; 4: Never; 9: Omitted or invalid; Sysmis: Not administered,Background Questionnaire Variables,Ordinal,,
SCI\ASK_STUDENTS\OBSERVE_PHENOMENA,"In teaching science to the students in this class, how often do you ask them to do the following? Observe natural phenomena such as the weather or a plant growing and describe what they see",ATBS02B,ATBLS02B,TQS-02b,TQS-02b,Teacher,SCI\ASK STUDENTS\OBSERVE PHENOMENA (2023),✓,✓,✓,1: Every or almost every lesson; 2: About half the lessons; 3: Some lessons; 4: Never,9: Omitted or invalid; Sysmis: Not administered,1: Every or almost every lesson; 2: About half the lessons; 3: Some lessons; 4: Never; 9: Omitted or invalid; Sysmis: Not administered,Background Questionnaire Variables,Ordinal,,
SCI\ASK_STUDENTS\READ_TEXTBOOK,"In teaching science to the students in this class, how often do you ask them to do the following? Read their textbooks or other resource materials",ATBS02D,ATBLS02D,TQS-02d,TQS-02d,Teacher,SCI\ASK STUDENTS\READ TEXTBOOK (2023),✓,✓,✓,1: Every or almost every lesson; 2: About half the lessons; 3: Some lessons; 4: Never,9: Omitted or invalid; Sysmis: Not administered,1: Every or almost every lesson; 2: About half the lessons; 3: Some lessons; 4: Never; 9: Omitted or invalid; Sysmis: Not administered,Background Questionnaire Variables,Ordinal,,
SCI\ASK_STUDENTS\SAME_ABILITY_GROUPS,"In teaching science to the students in this class, how often do you ask them to do the following? Work in same ability groups",ATBS02H,ATBLS02H,TQS-02h,TQS-02h,Teacher,SCI\ASK STUDENTS\SAME ABILITY GROUPS (2023),✓,✓,✓,1: Every or almost every lesson; 2: About half the lessons; 3: Some lessons; 4: Never,9: Omitted or invalid; Sysmis: Not administered,1: Every or almost every lesson; 2: About half the lessons; 3: Some lessons; 4: Never; 9: Omitted or invalid; Sysmis: Not administered,Background Questionnaire Variables,Ordinal,,
SCI\DIGITAL_DEVICE_AVAILABILITY_DURING_SCIENCE,"Do the students in this class have digital devices (including computers, tablets, or smartphones) available to use during science lessons?",ATBS07A,ATBLS08A,TQS-07A,TQS-08A,Teacher,SCI\DIGITAL DEVICE AVAILABILITY DURING SCIENCE (2023),✓,✓,✓,1: Yes; 2: No,9: Omitted or invalid; Sysmis: Not administered,1: Yes; 2: No; 9: Omitted or invalid; Sysmis: Not administered,Background Questionnaire Variables,Nominal,,
SCI\EMPHASIS\ASK_QUESTIONS,How much emphasis do you place on the following when teaching science to students in this class? Encouraging students to ask questions about scientific phenomena,ATBS03A,ATBLS03A,TQS-03a,TQS-03a,Teacher,SCI\EMPHASIS\ASK QUESTIONS (2023),✓,✓,✓,1: A lot; 2: Some; 3: None,9: Omitted or invalid; Sysmis: Not administered,1: A lot; 2: Some; 3: None; 9: Omitted or invalid; Sysmis: Not administered,Background Questionnaire Variables,Ordinal,,
SCI\EMPHASIS\CONDUCT_EXPERIMENTS,How much emphasis do you place on the following when teaching science to students in this class? Having students conduct experiments (hands-on or virtually),ATBS03E,ATBLS03E,TQS-03e,TQS-03e,Teacher,SCI\EMPHASIS\CONDUCT EXPERIMENTS (2023),✓,✓,✓,1: A lot; 2: Some; 3: None,9: Omitted or invalid; Sysmis: Not administered,1: A lot; 2: Some; 3: None; 9: Omitted or invalid; Sysmis: Not administered,Background Questionnaire Variables,Ordinal,,
SCI\EMPHASIS\CREATE_REPRESENTATIONS,"How much emphasis do you place on the following when teaching science to students in this class? Having students create representations (e.g. models, graphs) to explain scientific phenomena",ATBS03C,ATBLS03C,TQS-03c,TQS-03c,Teacher,SCI\EMPHASIS\CREATE REPRESENTATIONS (2023),✓,✓,✓,1: A lot; 2: Some; 3: None,9: Omitted or invalid; Sysmis: Not administered,1: A lot; 2: Some; 3: None; 9: Omitted or invalid; Sysmis: Not administered,Background Questionnaire Variables,Ordinal,,
SCI\EMPHASIS\EXPLAIN_PHENOMENA,How much emphasis do you place on the following when teaching science to students in this class? Having students use scientific concepts to explain phenomena,ATBS03D,ATBLS03D,TQS-03d,TQS-03d,Teacher,SCI\EMPHASIS\EXPLAIN PHENOMENA (2023),✓,✓,✓,1: A lot; 2: Some; 3: None,9: Omitted or invalid; Sysmis: Not administered,1: A lot; 2: Some; 3: None; 9: Omitted or invalid; Sysmis: Not administered,Background Questionnaire Variables,Ordinal,,
SCI\EMPHASIS\PREDICT_OUTCOMES,How much emphasis do you place on the following when teaching science to students in this class? Having students predict the outcomes of experiments or investigations,ATBS03B,ATBLS03B,TQS-03b,TQS-03b,Teacher,SCI\EMPHASIS\PREDICT OUTCOMES (2023),✓,✓,✓,1: A lot; 2: Some; 3: None,9: Omitted or invalid; Sysmis: Not administered,1: A lot; 2: Some; 3: None; 9: Omitted or invalid; Sysmis: Not administered,Background Questionnaire Variables,Ordinal,,
SCI\ENVIRONMENTAL_EDUCATION\OPINION,How much do you agree or disagree that education about environmental sustainability should be a priority for schools?,ATBS06,ATBLS07,TQS-06,TQS-07,Teacher,SCI\ENVIRONMENTAL EDUCATION\OPINION (2023),✓,✓,✓,1: Agree a lot; 2: Agree a little; 3: Disagree a little; 4: Disagree a lot,9: Omitted or invalid; Sysmis: Not administered,1: Agree a lot; 2: Agree a little; 3: Disagree a little; 4: Disagree a lot; 9: Omitted or invalid; Sysmis: Not administered,Background Questionnaire Variables,Ordinal,,
SCI\HOMEWORK\AVG_STUDENT_TIME,"When you assign homework in science, how long do you expect it will take the average student in your class to complete?",,ATBLS10C,,TQS-10C,Teacher,SCI\HOMEWORK\AVG STUDENT TIME (2024),,✓,,1: 15 minutes or less; 2: 16-30 minutes; 3: 31-60 minutes; 4: More than 60 minutes,9: Omitted or invalid; 6: Logically not applicable; Sysmis: Not administered,1: 15 minutes or less; 2: 16-30 minutes; 3: 31-60 minutes; 4: More than 60 minutes; 9: Omitted or invalid; 6: Logically not applicable; Sysmis: Not administered,Background Questionnaire Variables,Nominal,,
SCI\HOMEWORK\CORRECT,How often do you do the following with the science homework assignments for this class? Correct assignments and give feedback to students,ATBS10BA,ATBLS10BA,TQS-10Ba,TQS-10Ba,Teacher,SCI\HOMEWORK\CORRECT (2023),✓,✓,✓,1: Always or almost always; 2: Sometimes; 3: Never or almost never,9: Omitted or invalid; 6: Logically not applicable; Sysmis: Not administered,1: Always or almost always; 2: Sometimes; 3: Never or almost never; 9: Omitted or invalid; 6: Logically not applicable; Sysmis: Not administered,Background Questionnaire Variables,Ordinal,,
SCI\HOMEWORK\DISCUSS_HOMEWORK,How often do you do the following with the science homework assignments for this class? Discuss the homework in class,ATBS10BB,ATBLS10BB,TQS-10Bb,TQS-10Bb,Teacher,SCI\HOMEWORK\DISCUSS HOMEWORK (2023),✓,✓,✓,1: Always or almost always; 2: Sometimes; 3: Never or almost never,9: Omitted or invalid; 6: Logically not applicable; Sysmis: Not administered,1: Always or almost always; 2: Sometimes; 3: Never or almost never; 9: Omitted or invalid; 6: Logically not applicable; Sysmis: Not administered,Background Questionnaire Variables,Ordinal,,
SCI\HOMEWORK\MONITOR_COMPLETENESS,How often do you do the following with the science homework assignments for this class? Monitor whether or not the homework was completed,ATBS10BC,ATBLS10BC,TQS-10Bc,TQS-10Bc,Teacher,SCI\HOMEWORK\MONITOR COMPLETENESS (2023),✓,✓,✓,1: Always or almost always; 2: Sometimes; 3: Never or almost never,9: Omitted or invalid; 6: Logically not applicable; Sysmis: Not administered,1: Always or almost always; 2: Sometimes; 3: Never or almost never; 9: Omitted or invalid; 6: Logically not applicable; Sysmis: Not administered,Background Questionnaire Variables,Ordinal,,
SCI\HOW_OFTEN\DISRUPTIVE_NOISE,How often do these things happen in your science lessons? There is too much noise for students to work well,ASBS09B,ASBLS09B,SQMS-09b,SQMS-09b,Student,SCI\HOW OFTEN\DISRUPTIVE NOISE (2023),✓,✓,✓,1: Every or almost every lesson; 2: About half the lessons; 3: Some lessons; 4: Never,9: Omitted or invalid; Sysmis: Not administered,1: Every or almost every lesson; 2: About half the lessons; 3: Some lessons; 4: Never; 9: Omitted or invalid; Sysmis: Not administered,Background Questionnaire Variables,Ordinal,,
SCI\HOW_OFTEN\KEEP_TELLING_RULES,How often do these things happen in your science lessons? Students do not follow the classroom rules,ASBS09E,ASBLS09E,SQMS-09e,SQMS-09e,Student,SCI\HOW OFTEN\KEEP TELLING RULES (2023),✓,✓,✓,1: Every or almost every lesson; 2: About half the lessons; 3: Some lessons; 4: Never,9: Omitted or invalid; Sysmis: Not administered,1: Every or almost every lesson; 2: About half the lessons; 3: Some lessons; 4: Never; 9: Omitted or invalid; Sysmis: Not administered,Background Questionnaire Variables,Ordinal,,
SCI\HOW_OFTEN\OTHER_STDS_BEHAVIOR,How often do these things happen in your science lessons? Other students' behavior makes it hard for me to concentrate,ASBS09F,ASBLS09F,SQMS-09f,SQMS-09f,Student,SCI\HOW OFTEN\OTHER STDS BEHAVIOR (2023),✓,✓,✓,1: Every or almost every lesson; 2: About half the lessons; 3: Some lessons; 4: Never,9: Omitted or invalid; Sysmis: Not administered,1: Every or almost every lesson; 2: About half the lessons; 3: Some lessons; 4: Never; 9: Omitted or invalid; Sysmis: Not administered,Background Questionnaire Variables,Ordinal,,
SCI\HOW_OFTEN\STUDENTS_INTERRUPT_TCH,How often do these things happen in your science lessons? Students interrupt the teacher,ASBS09D,ASBLS09D,SQMS-09d,SQMS-09d,Student,SCI\HOW OFTEN\STUDENTS INTERRUPT TCH (2023),✓,✓,✓,1: Every or almost every lesson; 2: About half the lessons; 3: Some lessons; 4: Never,9: Omitted or invalid; Sysmis: Not administered,1: Every or almost every lesson; 2: About half the lessons; 3: Some lessons; 4: Never; 9: Omitted or invalid; Sysmis: Not administered,Background Questionnaire Variables,Ordinal,,
SCI\HOW_OFTEN\STUDENTS_NOT_LISTEN,How often do these things happen in your science lessons? Students don't listen to what the teacher says,ASBS09A,ASBLS09A,SQMS-09a,SQMS-09a,Student,SCI\HOW OFTEN\STUDENTS NOT LISTEN (2023),✓,✓,✓,1: Every or almost every lesson; 2: About half the lessons; 3: Some lessons; 4: Never,9: Omitted or invalid; Sysmis: Not administered,1: Every or almost every lesson; 2: About half the lessons; 3: Some lessons; 4: Never; 9: Omitted or invalid; Sysmis: Not administered,Background Questionnaire Variables,Ordinal,,
SCI\HOW_OFTEN\WAIT_LONG_TIME_TO_QUIET,How often do these things happen in your science lessons? My teacher has to wait a long time for students to be quiet,ASBS09C,ASBLS09C,SQMS-09c,SQMS-09c,Student,SCI\HOW OFTEN\WAIT LONG TIME TO QUIET (2023),✓,✓,✓,1: Every or almost every lesson; 2: About half the lessons; 3: Some lessons; 4: Never,9: Omitted or invalid; Sysmis: Not administered,1: Every or almost every lesson; 2: About half the lessons; 3: Some lessons; 4: Never; 9: Omitted or invalid; Sysmis: Not administered,Background Questionnaire Variables,Ordinal,,
SCI\HOW_OFTEN_CONDUCT_EXPERIMENTS,"In science lessons, how often does your teacher ask you to conduct science experiments?",ASBS06,ASBLS06,SQMS-06,SQMS-06,Student,SCI\HOW OFTEN CONDUCT EXPERIMENTS (2023),✓,✓,✓,1: At least once a week; 2: Once or twice a month; 3: A few times a year; 4: Never,9: Omitted or invalid; Sysmis: Not administered,1: At least once a week; 2: Once or twice a month; 3: A few times a year; 4: Never; 9: Omitted or invalid; Sysmis: Not administered,Background Questionnaire Variables,Ordinal,,
SCI\HOW_OFTEN_SCIENCE_HOMEWORK_ASSIGNED,How often do you usually assign science homework to the students in this class?,ATBS10A,ATBLS10A,TQS-10A,TQS-10A,Teacher,SCI\HOW OFTEN SCIENCE HOMEWORK ASSIGNED (2023),✓,✓,✓,1: I do not Assign science homework; 2: Less than once a week; 3: 1 or 2 times a week; 4: 3 or 4 times a week; 5: Every day,9: Omitted or invalid; Sysmis: Not administered,1: I do not Assign science homework; 2: Less than once a week; 3: 1 or 2 times a week; 4: 3 or 4 times a week; 5: Every day; 9: Omitted or invalid; Sysmis: Not administered,Background Questionnaire Variables,Ordinal,,
SCI\HOW_OFTEN_TEACHER_GIVE_YOU_HOMEWORK\SCIENCE,How often does your teacher give you homework in the following subjects? Science,,ASBLS11B,,SQMS-11b,Student,SCI\HOW OFTEN TEACHER GIVE YOU HOMEWORK\SCIENCE (2024),,✓,,1: Every day; 2: 3 or 4 times a week; 3: 1 or 2 times a week; 4: Less than once a week; 5: Never,9: Omitted or invalid; Sysmis: Not administered,1: Every day; 2: 3 or 4 times a week; 3: 1 or 2 times a week; 4: Less than once a week; 5: Never; 9: Omitted or invalid; Sysmis: Not administered,Background Questionnaire Variables,Nominal,,
SCI\IMPORTANCE_STRATEGIES\ASKING_STUDENTS,How much importance do you place on these strategies to assess students' learning in science? Asking students to answer questions during class,ATBS11B,ATBLS11B,TQS-11b,TQS-11b,Teacher,SCI\IMPORTANCE STRATEGIES\ASKING STUDENTS (2023),✓,✓,✓,1: A lot; 2: Some; 3: None,9: Omitted or invalid; Sysmis: Not administered,1: A lot; 2: Some; 3: None; 9: Omitted or invalid; Sysmis: Not administered,Background Questionnaire Variables,Ordinal,,
SCI\IMPORTANCE_STRATEGIES\LONG-TERM_PROJECTS,How much importance do you place on these strategies to assess students' learning in science? Long-term projects,ATBS11E,ATBLS11E,TQS-11e,TQS-11e,Teacher,SCI\IMPORTANCE STRATEGIES\LONG-TERM PROJECTS (2023),✓,✓,✓,1: A lot; 2: Some; 3: None,9: Omitted or invalid; Sysmis: Not administered,1: A lot; 2: Some; 3: None; 9: Omitted or invalid; Sysmis: Not administered,Background Questionnaire Variables,Ordinal,,
SCI\IMPORTANCE_STRATEGIES\LONGER_TESTS,"How much importance do you place on these strategies to assess students' learning in science? Longer tests (e.g., unit tests or exams)",ATBS11D,ATBLS11D,TQS-11d,TQS-11d,Teacher,SCI\IMPORTANCE STRATEGIES\LONGER TESTS (2023),✓,✓,✓,1: A lot; 2: Some; 3: None,9: Omitted or invalid; Sysmis: Not administered,1: A lot; 2: Some; 3: None; 9: Omitted or invalid; Sysmis: Not administered,Background Questionnaire Variables,Ordinal,,
SCI\IMPORTANCE_STRATEGIES\OBSERVING_STUDENTS,How much importance do you place on these strategies to assess students' learning in science? Observing students as they work,ATBS11A,ATBLS11A,TQS-11a,TQS-11a,Teacher,SCI\IMPORTANCE STRATEGIES\OBSERVING STUDENTS (2023),✓,✓,✓,1: A lot; 2: Some; 3: None,9: Omitted or invalid; Sysmis: Not administered,1: A lot; 2: Some; 3: None; 9: Omitted or invalid; Sysmis: Not administered,Background Questionnaire Variables,Ordinal,,
SCI\IMPORTANCE_STRATEGIES\SHORT_ASSESSMENTS,"How much importance do you place on these strategies to assess students' learning in science? Short, regular written assessments",ATBS11C,ATBLS11C,TQS-11c,TQS-11c,Teacher,SCI\IMPORTANCE STRATEGIES\SHORT ASSESSMENTS (2023),✓,✓,✓,1: A lot; 2: Some; 3: None,9: Omitted or invalid; Sysmis: Not administered,1: A lot; 2: Some; 3: None; 9: Omitted or invalid; Sysmis: Not administered,Background Questionnaire Variables,Ordinal,,
SCI\KEEP_FROM_USING_DIGITAL_DEVICES\KEEPING_STUDENTS_ON_TASK,How much do each of these keep you from incorporating digital devices into science instruction? Keeping students on task when the class is using digital devices,ATBS08C,,TQS-08c,,Teacher,SCI\KEEP FROM USING DIGITAL DEVICES\KEEPING STUDENTS ON TASK (2023),✓,,,1: Not at all; 2: Somewhat; 3: A lot,9: Omitted or invalid; Sysmis: Not administered,1: Not at all; 2: Somewhat; 3: A lot; 9: Omitted or invalid; Sysmis: Not administered,Background Questionnaire Variables,Ordinal,,
SCI\KEEP_FROM_USING_DIGITAL_DEVICES\LACK_TECH_SUPPORT,How much do each of these keep you from incorporating digital devices into science instruction? Lack of technical support from the school,ATBS08D,,TQS-08d,,Teacher,SCI\KEEP FROM USING DIGITAL DEVICES\LACK TECH SUPPORT (2023),✓,,,1: Not at all; 2: Somewhat; 3: A lot,9: Omitted or invalid; Sysmis: Not administered,1: Not at all; 2: Somewhat; 3: A lot; 9: Omitted or invalid; Sysmis: Not administered,Background Questionnaire Variables,Ordinal,,
SCI\KEEP_FROM_USING_DIGITAL_DEVICES\NOT_ENOUCH_ACCESS,How much do each of these keep you from incorporating digital devices into science instruction? Not enough access to digital devices,ATBS08B,,TQS-08b,,Teacher,SCI\KEEP FROM USING DIGITAL DEVICES\NOT ENOUCH ACCESS (2023),✓,,,1: Not at all; 2: Somewhat; 3: A lot,9: Omitted or invalid; Sysmis: Not administered,1: Not at all; 2: Somewhat; 3: A lot; 9: Omitted or invalid; Sysmis: Not administered,Background Questionnaire Variables,Ordinal,,
SCI\KEEP_FROM_USING_DIGITAL_DEVICES\NOT_KNOWING_HOW,How much do each of these keep you from incorporating digital devices into science instruction? Not knowing how to use digital devices to improve student learning,ATBS08A,,TQS-08a,,Teacher,SCI\KEEP FROM USING DIGITAL DEVICES\NOT KNOWING HOW (2023),✓,,,1: Not at all; 2: Somewhat; 3: A lot,9: Omitted or invalid; Sysmis: Not administered,1: Not at all; 2: Somewhat; 3: A lot; 9: Omitted or invalid; Sysmis: Not administered,Background Questionnaire Variables,Ordinal,,
SCI\PROF_DEVELOPMENT_FUTURE\INTEGRATE_ENVIRONMENTALISM,Do you need future professional development in any of the following? Integrating environmentalism and sustainability into science instruction,ATBS12BI,ATBLS12BI,TQS-12Bi,TQS-12Bi,Teacher,SCI\PROF DEVELOPMENT FUTURE\INTEGRATE ENVIRONMENTALISM (2023),✓,✓,✓,1: Yes; 2: No,9: Omitted or invalid; Sysmis: Not administered,1: Yes; 2: No; 9: Omitted or invalid; Sysmis: Not administered,Background Questionnaire Variables,Nominal,,
SCI\PROF_DEVELOPMENT_FUTURE\INTEGRATE_SCIENCE_SUBJECTS,"Do you need future professional development in any of the following? Integrating science with other subjects (e.g., mathematics, technology)",ATBS12BH,ATBLS12BH,TQS-12Bh,TQS-12Bh,Teacher,SCI\PROF DEVELOPMENT FUTURE\INTEGRATE SCIENCE SUBJECTS (2023),✓,✓,✓,1: Yes; 2: No,9: Omitted or invalid; Sysmis: Not administered,1: Yes; 2: No; 9: Omitted or invalid; Sysmis: Not administered,Background Questionnaire Variables,Nominal,,
SCI\PROF_DEVELOPMENT_FUTURE\INTEGRATING_TECHNOLOGY,Do you need future professional development in any of the following? Integrating technology into science instruction,ATBS12BD,ATBLS12BD,TQS-12Bd,TQS-12Bd,Teacher,SCI\PROF DEVELOPMENT FUTURE\INTEGRATING TECHNOLOGY (2023),✓,✓,✓,1: Yes; 2: No,9: Omitted or invalid; Sysmis: Not administered,1: Yes; 2: No; 9: Omitted or invalid; Sysmis: Not administered,Background Questionnaire Variables,Nominal,,
SCI\PROF_DEVELOPMENT_FUTURE\SCIENCE_ASSESSMENT,Do you need future professional development in any of the following? Science assessment,ATBS12BF,ATBLS12BF,TQS-12Bf,TQS-12Bf,Teacher,SCI\PROF DEVELOPMENT FUTURE\SCIENCE ASSESSMENT (2023),✓,✓,✓,1: Yes; 2: No,9: Omitted or invalid; Sysmis: Not administered,1: Yes; 2: No; 9: Omitted or invalid; Sysmis: Not administered,Background Questionnaire Variables,Nominal,,
SCI\PROF_DEVELOPMENT_FUTURE\SCIENCE_CONTENT,Do you need future professional development in any of the following? Science content,ATBS12BA,ATBLS12BA,TQS-12Ba,TQS-12Ba,Teacher,SCI\PROF DEVELOPMENT FUTURE\SCIENCE CONTENT (2023),✓,✓,✓,1: Yes; 2: No,9: Omitted or invalid; Sysmis: Not administered,1: Yes; 2: No; 9: Omitted or invalid; Sysmis: Not administered,Background Questionnaire Variables,Nominal,,
SCI\PROF_DEVELOPMENT_FUTURE\SCIENCE_CURRICULUM,Do you need future professional development in any of the following? Science curriculum,ATBS12BC,ATBLS12BC,TQS-12Bc,TQS-12Bc,Teacher,SCI\PROF DEVELOPMENT FUTURE\SCIENCE CURRICULUM (2023),✓,✓,✓,1: Yes; 2: No,9: Omitted or invalid; Sysmis: Not administered,1: Yes; 2: No; 9: Omitted or invalid; Sysmis: Not administered,Background Questionnaire Variables,Nominal,,
SCI\PROF_DEVELOPMENT_FUTURE\SCIENCE_PEDAGOGY,Do you need future professional development in any of the following? Science pedagogy/instruction,ATBS12BB,ATBLS12BB,TQS-12Bb,TQS-12Bb,Teacher,SCI\PROF DEVELOPMENT FUTURE\SCIENCE PEDAGOGY (2023),✓,✓,✓,1: Yes; 2: No,9: Omitted or invalid; Sysmis: Not administered,1: Yes; 2: No; 9: Omitted or invalid; Sysmis: Not administered,Background Questionnaire Variables,Nominal,,
SCI\PROF_DEVELOPMENT_FUTURE\STD_CRITICAL_THINKING,Do you need future professional development in any of the following? Improving students’ critical thinking or inquiry skills,ATBS12BE,ATBLS12BE,TQS-12Be,TQS-12Be,Teacher,SCI\PROF DEVELOPMENT FUTURE\STD CRITICAL THINKING (2023),✓,✓,✓,1: Yes; 2: No,9: Omitted or invalid; Sysmis: Not administered,1: Yes; 2: No; 9: Omitted or invalid; Sysmis: Not administered,Background Questionnaire Variables,Nominal,,
SCI\PROF_DEVELOPMENT_FUTURE\STUDENT_NEEDS,Do you need future professional development in any of the following? Addressing individual students’ needs,ATBS12BG,ATBLS12BG,TQS-12Bg,TQS-12Bg,Teacher,SCI\PROF DEVELOPMENT FUTURE\STUDENT NEEDS (2023),✓,✓,✓,1: Yes; 2: No,9: Omitted or invalid; Sysmis: Not administered,1: Yes; 2: No; 9: Omitted or invalid; Sysmis: Not administered,Background Questionnaire Variables,Nominal,,
SCI\PROF_DEVELOPMENT_PAST\INTEGRATE_ENVIRONMENTALISM,"In the past two years, have you participated in professional development in any of the following? Integrating environmentalism and sustainability into science instruction",ATBS12AI,ATBLS12AI,TQS-12Ai,TQS-12Ai,Teacher,SCI\PROF DEVELOPMENT PAST\INTEGRATE ENVIRONMENTALISM (2023),✓,✓,✓,1: Yes; 2: No,9: Omitted or invalid; Sysmis: Not administered,1: Yes; 2: No; 9: Omitted or invalid; Sysmis: Not administered,Background Questionnaire Variables,Nominal,,
SCI\PROF_DEVELOPMENT_PAST\INTEGRATE_SCIENCE_SUBJECTS,"In the past two years, have you participated in professional development in any of the following? Integrating science with other subjects",ATBS12AH,ATBLS12AH,TQS-12Ah,TQS-12Ah,Teacher,SCI\PROF DEVELOPMENT PAST\INTEGRATE SCIENCE SUBJECTS (2023),✓,✓,✓,1: Yes; 2: No,9: Omitted or invalid; Sysmis: Not administered,1: Yes; 2: No; 9: Omitted or invalid; Sysmis: Not administered,Background Questionnaire Variables,Nominal,,
SCI\PROF_DEVELOPMENT_PAST\INTEGRATING_TECHNOLOGY,"In the past two years, have you participated in professional development in any of the following? Integrating technology into science instruction",ATBS12AD,ATBLS12AD,TQS-12Ad,TQS-12Ad,Teacher,SCI\PROF DEVELOPMENT PAST\INTEGRATING TECHNOLOGY (2023),✓,✓,✓,1: Yes; 2: No,9: Omitted or invalid; Sysmis: Not administered,1: Yes; 2: No; 9: Omitted or invalid; Sysmis: Not administered,Background Questionnaire Variables,Nominal,,
SCI\PROF_DEVELOPMENT_PAST\SCIENCE_ASSESSMENT,"In the past two years, have you participated in professional development in any of the following? Science assessment",ATBS12AF,ATBLS12AF,TQS-12Af,TQS-12Af,Teacher,SCI\PROF DEVELOPMENT PAST\SCIENCE ASSESSMENT (2023),✓,✓,✓,1: Yes; 2: No,9: Omitted or invalid; Sysmis: Not administered,1: Yes; 2: No; 9: Omitted or invalid; Sysmis: Not administered,Background Questionnaire Variables,Nominal,,
SCI\PROF_DEVELOPMENT_PAST\SCIENCE_CONTENT,"In the past two years, have you participated in professional development in any of the following? Science content",ATBS12AA,ATBLS12AA,TQS-12Aa,TQS-12Aa,Teacher,SCI\PROF DEVELOPMENT PAST\SCIENCE CONTENT (2023),✓,✓,✓,1: Yes; 2: No,9: Omitted or invalid; Sysmis: Not administered,1: Yes; 2: No; 9: Omitted or invalid; Sysmis: Not administered,Background Questionnaire Variables,Nominal,,
SCI\PROF_DEVELOPMENT_PAST\SCIENCE_CURRICULUM,"In the past two years, have you participated in professional development in any of the following? Science curriculum",ATBS12AC,ATBLS12AC,TQS-12Ac,TQS-12Ac,Teacher,SCI\PROF DEVELOPMENT PAST\SCIENCE CURRICULUM (2023),✓,✓,✓,1: Yes; 2: No,9: Omitted or invalid; Sysmis: Not administered,1: Yes; 2: No; 9: Omitted or invalid; Sysmis: Not administered,Background Questionnaire Variables,Nominal,,
SCI\PROF_DEVELOPMENT_PAST\SCIENCE_PEDAGOGY,"In the past two years, have you participated in professional development in any of the following? Science pedagogy/instruction",ATBS12AB,ATBLS12AB,TQS-12Ab,TQS-12Ab,Teacher,SCI\PROF DEVELOPMENT PAST\SCIENCE PEDAGOGY (2023),✓,✓,✓,1: Yes; 2: No,9: Omitted or invalid; Sysmis: Not administered,1: Yes; 2: No; 9: Omitted or invalid; Sysmis: Not administered,Background Questionnaire Variables,Nominal,,
SCI\PROF_DEVELOPMENT_PAST\STD_CRITICAL_THINKING,"In the past two years, have you participated in professional development in any of the following? Improving students' critical thinking or inquiry skills",ATBS12AE,ATBLS12AE,TQS-12Ae,TQS-12Ae,Teacher,SCI\PROF DEVELOPMENT PAST\STD CRITICAL THINKING (2023),✓,✓,✓,1: Yes; 2: No,9: Omitted or invalid; Sysmis: Not administered,1: Yes; 2: No; 9: Omitted or invalid; Sysmis: Not administered,Background Questionnaire Variables,Nominal,,
SCI\PROF_DEVELOPMENT_PAST\STUDENT_NEEDS,"In the past two years, have you participated in professional development in any of the following? Addressing individual students' needs",ATBS12AG,ATBLS12AG,TQS-12Ag,TQS-12Ag,Teacher,SCI\PROF DEVELOPMENT PAST\STUDENT NEEDS (2023),✓,✓,✓,1: Yes; 2: No,9: Omitted or invalid; Sysmis: Not administered,1: Yes; 2: No; 9: Omitted or invalid; Sysmis: Not administered,Background Questionnaire Variables,Nominal,,
SCI\SCH\ADDTL_STAFF_SUPPORT_SCIENCE,Does your school offer the following? Additional teachers or support staff in <fifth grade> science classes when needed,,ACBLG13F,,ScQ-13f,School,SCI\SCH\ADDTL STAFF SUPPORT SCIENCE (2024),,✓,,1: Yes; 2: No,9: Omitted or invalid; Sysmis: Not administered,1: Yes; 2: No; 9: Omitted or invalid; Sysmis: Not administered,Background Questionnaire Variables,Nominal,,
SCI\SCH\ENRICHMENT_PROGRAMS,"Does your school offer the following? <Enrichment> programs in science for <fifth grade> students (e.g., <extra classes, clubs>)",,ACBLG13D,,ScQ-13d,School,SCI\SCH\ENRICHMENT PROGRAMS (2024),,✓,,1: Yes; 2: No,9: Omitted or invalid; Sysmis: Not administered,1: Yes; 2: No; 9: Omitted or invalid; Sysmis: Not administered,Background Questionnaire Variables,Nominal,,
SCI\SCH\REMEDIAL_PROGRAMS,"Does your school offer the following? <Remedial> programs in science for <fifth grade> students (e.g., <tutoring, extra classes>)",,ACBLG13C,,ScQ-13c,School,SCI\SCH\REMEDIAL PROGRAMS (2024),,✓,,1: Yes; 2: No,9: Omitted or invalid; Sysmis: Not administered,1: Yes; 2: No; 9: Omitted or invalid; Sysmis: Not administered,Background Questionnaire Variables,Nominal,,
SCI\SCIENCE_TAUGHT_AS_SEPARATE_SUBJECT,"Is science taught mainly as a separate subject (i.e., not integrated with other subjects) to the students in this class?",ATBS01A,ATBLS01A,TQS-01A,TQS-01A,Teacher,SCI\SCIENCE TAUGHT AS SEPARATE SUBJECT (2023),✓,✓,✓,1: Yes; 2: No,9: Omitted or invalid; Sysmis: Not administered,1: Yes; 2: No; 9: Omitted or invalid; Sysmis: Not administered,Background Questionnaire Variables,Nominal,,
SCI\TCH_ABILITY\ADAPT_TO_INTERESTS,"In teaching science to this class, how confident do you feel about your ability to do the following? Adapt teaching to engage students' interests",,ATBLS04C,,TQS-04c,Teacher,SCI\TCH ABILITY\ADAPT TO INTERESTS (2024),,✓,,1: Very confident; 2: Somewhat confident; 3: Not confident,9: Omitted or invalid; Sysmis: Not administered,1: Very confident; 2: Somewhat confident; 3: Not confident; 9: Omitted or invalid; Sysmis: Not administered,Background Questionnaire Variables,Nominal,,
SCI\TCH_ABILITY\ASSESS_COMPREHENSION,"In teaching science to this class, how confident do you feel about your ability to do the following? Assess students' comprehension of science content",,ATBLS04H,,TQS-04h,Teacher,SCI\TCH ABILITY\ASSESS COMPREHENSION (2024),,✓,,1: Very confident; 2: Somewhat confident; 3: Not confident,9: Omitted or invalid; Sysmis: Not administered,1: Very confident; 2: Somewhat confident; 3: Not confident; 9: Omitted or invalid; Sysmis: Not administered,Background Questionnaire Variables,Nominal,,
SCI\TCH_ABILITY\BEHAVIOR_IN_EXPERIMENTS,"In teaching science to this class, how confident do you feel about your ability to do the following? Manage student behavior during experiments or other hands-on activities",,ATBLS04J,,TQS-04j,Teacher,SCI\TCH ABILITY\BEHAVIOR IN EXPERIMENTS (2024),,✓,,1: Very confident; 2: Somewhat confident; 3: Not confident,9: Omitted or invalid; Sysmis: Not administered,1: Very confident; 2: Somewhat confident; 3: Not confident; 9: Omitted or invalid; Sysmis: Not administered,Background Questionnaire Variables,Nominal,,
SCI\TCH_ABILITY\CHALLENGING_ACTIVITIES,"In teaching science to this class, how confident do you feel about your ability to do the following? Provide challenging science activities for excelling students",,ATBLS04F,,TQS-04f,Teacher,SCI\TCH ABILITY\CHALLENGING ACTIVITIES (2024),,✓,,1: Very confident; 2: Somewhat confident; 3: Not confident,9: Omitted or invalid; Sysmis: Not administered,1: Very confident; 2: Somewhat confident; 3: Not confident; 9: Omitted or invalid; Sysmis: Not administered,Background Questionnaire Variables,Nominal,,
SCI\TCH_ABILITY\HIGHER_ORDER_SKILLS,"In teaching science to this class, how confident do you feel about your ability to do the following? Develop students' higher-order thinking skills",,ATBLS04D,,TQS-04d,Teacher,SCI\TCH ABILITY\HIGHER ORDER SKILLS (2024),,✓,,1: Very confident; 2: Somewhat confident; 3: Not confident,9: Omitted or invalid; Sysmis: Not administered,1: Very confident; 2: Somewhat confident; 3: Not confident; 9: Omitted or invalid; Sysmis: Not administered,Background Questionnaire Variables,Nominal,,
SCI\TCH_ABILITY\INQUIRY_METHODS,"In teaching science to this class, how confident do you feel about your ability to do the following? Incorporate inquiry methods into science teaching",,ATBLS04I,,TQS-04i,Teacher,SCI\TCH ABILITY\INQUIRY METHODS (2024),,✓,,1: Very confident; 2: Somewhat confident; 3: Not confident,9: Omitted or invalid; Sysmis: Not administered,1: Very confident; 2: Somewhat confident; 3: Not confident; 9: Omitted or invalid; Sysmis: Not administered,Background Questionnaire Variables,Nominal,,
SCI\TCH_ABILITY\RELEVANT_TO_STUDENTS,"In teaching science to this class, how confident do you feel about your ability to do the following? Make science relevant to students",,ATBLS04E,,TQS-04e,Teacher,SCI\TCH ABILITY\RELEVANT TO STUDENTS (2024),,✓,,1: Very confident; 2: Somewhat confident; 3: Not confident,9: Omitted or invalid; Sysmis: Not administered,1: Very confident; 2: Somewhat confident; 3: Not confident; 9: Omitted or invalid; Sysmis: Not administered,Background Questionnaire Variables,Nominal,,
SCI\TCH_ABILITY\STRUGGLING_STUDENTS,"In teaching science to this class, how confident do you feel about your ability to do the following? Improve science understanding of struggling students",,ATBLS04G,,TQS-04g,Teacher,SCI\TCH ABILITY\STRUGGLING STUDENTS (2024),,✓,,1: Very confident; 2: Somewhat confident; 3: Not confident,9: Omitted or invalid; Sysmis: Not administered,1: Very confident; 2: Somewhat confident; 3: Not confident; 9: Omitted or invalid; Sysmis: Not administered,Background Questionnaire Variables,Nominal,,
SCI\TCH_ABILITY\USE_EXPERIMENTS,"In teaching science to this class, how confident do you feel about your ability to do the following? Explain science concepts or principles using experiments or other hands-on activities",,ATBLS04B,,TQS-04b,Teacher,SCI\TCH ABILITY\USE EXPERIMENTS (2024),,✓,,1: Very confident; 2: Somewhat confident; 3: Not confident,9: Omitted or invalid; Sysmis: Not administered,1: Very confident; 2: Somewhat confident; 3: Not confident; 9: Omitted or invalid; Sysmis: Not administered,Background Questionnaire Variables,Nominal,,
SCI\TCH_ABILITY\VALUE_OF_SCI,"In teaching science to this class, how confident do you feel about your ability to do the following? Help students appreciate the value of learning science",,ATBLS04A,,TQS-04a,Teacher,SCI\TCH ABILITY\VALUE OF SCI (2024),,✓,,1: Very confident; 2: Somewhat confident; 3: Not confident,9: Omitted or invalid; Sysmis: Not administered,1: Very confident; 2: Somewhat confident; 3: Not confident; 9: Omitted or invalid; Sysmis: Not administered,Background Questionnaire Variables,Nominal,,
SCI\TEACH_ISSUES\OUTDOOR_PROGRAMS,Do you do these things to teach students about environmental issues and sustainability? Provide opportunities for students to participate in outdoor environmental education programs outside of school,ATBS05D,ATBLS06D,TQS-05d,TQS-06d,Teacher,SCI\TEACH ISSUES\OUTDOOR PROGRAMS (2023),✓,✓,✓,1: Yes; 2: No,9: Omitted or invalid; Sysmis: Not administered,1: Yes; 2: No; 9: Omitted or invalid; Sysmis: Not administered,Background Questionnaire Variables,Nominal,,
SCI\TEACH_ISSUES\PARTICIPATE_ACTIVITIES,"Do you do these things to teach students about environmental issues and sustainability? Have students participate in environmentally responsible activities (e.g., <pick up trash>)",ATBS05B,ATBLS06B,TQS-05b,TQS-06b,Teacher,SCI\TEACH ISSUES\PARTICIPATE ACTIVITIES (2023),✓,✓,✓,1: Yes; 2: No,9: Omitted or invalid; Sysmis: Not administered,1: Yes; 2: No; 9: Omitted or invalid; Sysmis: Not administered,Background Questionnaire Variables,Nominal,,
SCI\TEACH_ISSUES\RESEARCH_TOPICS,"Do you do these things to teach students about environmental issues and sustainability? Have students do research or projects on a particular environmental topic (e.g., <pollution, climate change>)",ATBS05C,ATBLS06C,TQS-05c,TQS-06c,Teacher,SCI\TEACH ISSUES\RESEARCH TOPICS (2023),✓,✓,✓,1: Yes; 2: No,9: Omitted or invalid; Sysmis: Not administered,1: Yes; 2: No; 9: Omitted or invalid; Sysmis: Not administered,Background Questionnaire Variables,Nominal,,
SCI\TEACH_ISSUES\VISIT_NATURAL_AREAS,"Do you do these things to teach students about environmental issues and sustainability? Take students to visit natural areas (e.g., <a pond or meadow>)",ATBS05A,ATBLS06A,TQS-05a,TQS-06a,Teacher,SCI\TEACH ISSUES\VISIT NATURAL AREAS (2023),✓,✓,✓,1: Yes; 2: No,9: Omitted or invalid; Sysmis: Not administered,1: Yes; 2: No; 9: Omitted or invalid; Sysmis: Not administered,Background Questionnaire Variables,Nominal,,
SCI\TEACHING\DEVELOP_POSITIVE_ATTITUDES,How often do you do the following when teaching this class? Develop students' positive attitudes toward the natural environment,ATBS04A,ATBLS05A,TQS-04a,TQS-05a,Teacher,SCI\TEACHING\DEVELOP POSITIVE ATTITUDES (2023),✓,✓,✓,1: At least once a week; 2: Once or twice a month; 3: A few times a year; 4: Never or almost never,9: Omitted or invalid; Sysmis: Not administered,1: At least once a week; 2: Once or twice a month; 3: A few times a year; 4: Never or almost never; 9: Omitted or invalid; Sysmis: Not administered,Background Questionnaire Variables,Ordinal,,
SCI\TEACHING\DISCUSS_ACTIONS,How often do you do the following when teaching this class? Discuss how student actions in and outside of school can help the natural environment,ATBS04C,ATBLS05C,TQS-04c,TQS-05c,Teacher,SCI\TEACHING\DISCUSS ACTIONS (2023),✓,✓,✓,1: At least once a week; 2: Once or twice a month; 3: A few times a year; 4: Never or almost never,9: Omitted or invalid; Sysmis: Not administered,1: At least once a week; 2: Once or twice a month; 3: A few times a year; 4: Never or almost never; 9: Omitted or invalid; Sysmis: Not administered,Background Questionnaire Variables,Ordinal,,
SCI\TEACHING\DISCUSS_ISSUES,"How often do you do the following when teaching this class? Discuss environmental issues (e.g., <climate change, endangered animals>)",ATBS04D,ATBLS05D,TQS-04d,TQS-05d,Teacher,SCI\TEACHING\DISCUSS ISSUES (2023),✓,✓,✓,1: At least once a week; 2: Once or twice a month; 3: A few times a year; 4: Never or almost never,9: Omitted or invalid; Sysmis: Not administered,1: At least once a week; 2: Once or twice a month; 3: A few times a year; 4: Never or almost never; 9: Omitted or invalid; Sysmis: Not administered,Background Questionnaire Variables,Ordinal,,
SCI\TEACHING\ENCOURAGE_SAVE_RESOURCES,"How often do you do the following when teaching this class? Encourage students to use less resources (e.g., <water, energy>)",ATBS04B,ATBLS05B,TQS-04b,TQS-05b,Teacher,SCI\TEACHING\ENCOURAGE SAVE RESOURCES (2023),✓,✓,✓,1: At least once a week; 2: Once or twice a month; 3: A few times a year; 4: Never or almost never,9: Omitted or invalid; Sysmis: Not administered,1: At least once a week; 2: Once or twice a month; 3: A few times a year; 4: Never or almost never; 9: Omitted or invalid; Sysmis: Not administered,Background Questionnaire Variables,Ordinal,,
SCI\TIME_SPENT_HOMEWORK\SCI,"When your teacher gives you home in the following subjects, about how much time do you usually spend on your homework? Science",,ASBLS12B,,SQMS-12b,Student,SCI\TIME SPENT HOMEWORK\SCI (2024),,✓,,1: 30 minutes or less; 2: 31-60 minutes; 3: more than 60 minutes,9: Omitted or invalid; 6: Logically not applicable; Sysmis: Not administered,1: 30 minutes or less; 2: 31-60 minutes; 3: more than 60 minutes; 9: Omitted or invalid; 6: Logically not applicable; Sysmis: Not administered,Background Questionnaire Variables,Nominal,,
SCI\TIME_SPENT_SCIENCE_MINUTES,Please estimate the time that you spend on science topics with students in this class (minutes per week).,ATBS01B,ATBLS01B,TQS-01B,TQS-01B,Teacher,SCI\TIME SPENT SCIENCE MINUTES (2023),✓,✓,✓,,9999: Omitted or invalid; Sysmis: Not administered,9999: Omitted or invalid; Sysmis: Not administered,Background Questionnaire Variables,Ratio,,
SCI\TOPICS\EARTH\CHANGING_EARTHS_SURFACE,When students in this class have been taught each of the following science topics. Earth Science: How wind and water change Earth's surface over time,ATBS09CD,ATBLS09CD,TQS-09Cd,TQS-09Cd,Teacher,SCI\TOPICS\EARTH\CHANGING EARTHS SURFACE (2023),✓,✓,✓,1: Mostly taught before this year; 2: Mostly taught this year; 3: Not yet taught,9: Omitted or invalid; Sysmis: Not administered,1: Mostly taught before this year; 2: Mostly taught this year; 3: Not yet taught; 9: Omitted or invalid; Sysmis: Not administered,Background Questionnaire Variables,Nominal,,
SCI\TOPICS\EARTH\DAY_AND_NIGHT,When students in this class have been taught each of the following science topics. Earth Science: How Earth's rotation causes day and night,ATBS09CJ,ATBLS09CJ,TQS-09Cj,TQS-09Cj,Teacher,SCI\TOPICS\EARTH\DAY AND NIGHT (2023),✓,✓,✓,1: Mostly taught before this year; 2: Mostly taught this year; 3: Not yet taught,9: Omitted or invalid; Sysmis: Not administered,1: Mostly taught before this year; 2: Mostly taught this year; 3: Not yet taught; 9: Omitted or invalid; Sysmis: Not administered,Background Questionnaire Variables,Nominal,,
SCI\TOPICS\EARTH\EARTHS_RESOURCES,When students in this class have been taught each of the following science topics. Earth Science: Earth's resources and their use by humans,ATBS09CB,ATBLS09CB,TQS-09Cb,TQS-09Cb,Teacher,SCI\TOPICS\EARTH\EARTHS RESOURCES (2023),✓,✓,✓,1: Mostly taught before this year; 2: Mostly taught this year; 3: Not yet taught,9: Omitted or invalid; Sysmis: Not administered,1: Mostly taught before this year; 2: Mostly taught this year; 3: Not yet taught; 9: Omitted or invalid; Sysmis: Not administered,Background Questionnaire Variables,Nominal,,
SCI\TOPICS\EARTH\FOSSILS,When students in this class have been taught each of the following science topics. Earth Science: What fossils can show about Earth's history,ATBS09CE,ATBLS09CE,TQS-09Ce,TQS-09Ce,Teacher,SCI\TOPICS\EARTH\FOSSILS (2023),✓,✓,✓,1: Mostly taught before this year; 2: Mostly taught this year; 3: Not yet taught,9: Omitted or invalid; Sysmis: Not administered,1: Mostly taught before this year; 2: Mostly taught this year; 3: Not yet taught; 9: Omitted or invalid; Sysmis: Not administered,Background Questionnaire Variables,Nominal,,
SCI\TOPICS\EARTH\INCREASING_TEMPERATURES,When students in this class have been taught each of the following science topics. Earth Science: Effects of increasing temperatures on Earth,ATBS09CG,ATBLS09CG,TQS-09Cg,TQS-09Cg,Teacher,SCI\TOPICS\EARTH\INCREASING TEMPERATURES (2023),✓,✓,✓,1: Mostly taught before this year; 2: Mostly taught this year; 3: Not yet taught,9: Omitted or invalid; Sysmis: Not administered,1: Mostly taught before this year; 2: Mostly taught this year; 3: Not yet taught; 9: Omitted or invalid; Sysmis: Not administered,Background Questionnaire Variables,Nominal,,
SCI\TOPICS\EARTH\MOVEMENT_OF_MOON,When students in this class have been taught each of the following science topics. Earth Science: How the Moon's movement around the Earth changes its appearance,ATBS09CI,ATBLS09CI,TQS-09Ci,TQS-09Ci,Teacher,SCI\TOPICS\EARTH\MOVEMENT OF MOON (2023),✓,✓,✓,1: Mostly taught before this year; 2: Mostly taught this year; 3: Not yet taught,9: Omitted or invalid; Sysmis: Not administered,1: Mostly taught before this year; 2: Mostly taught this year; 3: Not yet taught; 9: Omitted or invalid; Sysmis: Not administered,Background Questionnaire Variables,Nominal,,
SCI\TOPICS\EARTH\PHYSICAL_MAKEUP_EARTHS_SURFACE,"When students in this class have been taught each of the following science topics. Earth Science: Composition of Earth's surface (i.e., land, fresh water, salt water)",ATBS09CA,ATBLS09CA,TQS-09Ca,TQS-09Ca,Teacher,SCI\TOPICS\EARTH\PHYSICAL MAKEUP EARTHS SURFACE (2023),✓,✓,✓,1: Mostly taught before this year; 2: Mostly taught this year; 3: Not yet taught,9: Omitted or invalid; Sysmis: Not administered,1: Mostly taught before this year; 2: Mostly taught this year; 3: Not yet taught; 9: Omitted or invalid; Sysmis: Not administered,Background Questionnaire Variables,Nominal,,
SCI\TOPICS\EARTH\RENEWABLE_AND_NONRENEWABLE_RESOURCES,When students in this class have been taught each of the following science topics. Earth Science: Renewable and nonrenewable resources,ATBS09CC,ATBLS09CC,TQS-09Cc,TQS-09Cc,Teacher,SCI\TOPICS\EARTH\RENEWABLE AND NONRENEWABLE RESOURCES (2023),✓,✓,✓,1: Mostly taught before this year; 2: Mostly taught this year; 3: Not yet taught,9: Omitted or invalid; Sysmis: Not administered,1: Mostly taught before this year; 2: Mostly taught this year; 3: Not yet taught; 9: Omitted or invalid; Sysmis: Not administered,Background Questionnaire Variables,Nominal,,
SCI\TOPICS\EARTH\SEASONAL_CHANGE,When students in this class have been taught each of the following science topics. Earth Science: How Earth's annual movement around the Sun causes seasons or seasonal change,ATBS09CK,ATBLS09CK,TQS-09Ck,TQS-09Ck,Teacher,SCI\TOPICS\EARTH\SEASONAL CHANGE (2023),✓,✓,✓,1: Mostly taught before this year; 2: Mostly taught this year; 3: Not yet taught,9: Omitted or invalid; Sysmis: Not administered,1: Mostly taught before this year; 2: Mostly taught this year; 3: Not yet taught; 9: Omitted or invalid; Sysmis: Not administered,Background Questionnaire Variables,Nominal,,
SCI\TOPICS\EARTH\SOLAR_SYSTEM_COMPOSITION,"When students in this class have been taught each of the following science topics. Earth Science: Composition of the Solar System (the Sun, Earth, Moon, and other planets)",ATBS09CH,ATBLS09CH,TQS-09Ch,TQS-09Ch,Teacher,SCI\TOPICS\EARTH\SOLAR SYSTEM COMPOSITION (2023),✓,✓,✓,1: Mostly taught before this year; 2: Mostly taught this year; 3: Not yet taught,9: Omitted or invalid; Sysmis: Not administered,1: Mostly taught before this year; 2: Mostly taught this year; 3: Not yet taught; 9: Omitted or invalid; Sysmis: Not administered,Background Questionnaire Variables,Nominal,,
SCI\TOPICS\EARTH\WEATHER_CHANGES,When students in this class have been taught each of the following science topics. Earth Science: How weather changes day to day and with geographic location,ATBS09CF,ATBLS09CF,TQS-09Cf,TQS-09Cf,Teacher,SCI\TOPICS\EARTH\WEATHER CHANGES (2023),✓,✓,✓,1: Mostly taught before this year; 2: Mostly taught this year; 3: Not yet taught,9: Omitted or invalid; Sysmis: Not administered,1: Mostly taught before this year; 2: Mostly taught this year; 3: Not yet taught; 9: Omitted or invalid; Sysmis: Not administered,Background Questionnaire Variables,Nominal,,
SCI\TOPICS\LIFE\CHARACTERISTICS_GROUPS_OF_LIVING_THINGS,When students in this class have been taught each of the following science topics. Life Science: Defining characteristics of major groups of living things,ATBS09AB,ATBLS09AB,TQS-09Ab,TQS-09Ab,Teacher,SCI\TOPICS\LIFE\CHARACTERISTICS GROUPS OF LIVING THINGS (2023),✓,✓,✓,1: Mostly taught before this year; 2: Mostly taught this year; 3: Not yet taught,9: Omitted or invalid; Sysmis: Not administered,1: Mostly taught before this year; 2: Mostly taught this year; 3: Not yet taught; 9: Omitted or invalid; Sysmis: Not administered,Background Questionnaire Variables,Nominal,,
SCI\TOPICS\LIFE\COMMON_ECOSYSTEMS,"When students in this class have been taught each of the following science topics. Life Science: Common ecosystems and their organisms (e.g., forest, desert)",ATBS09AH,ATBLS09AH,TQS-09Ah,TQS-09Ah,Teacher,SCI\TOPICS\LIFE\COMMON ECOSYSTEMS (2023),✓,✓,✓,1: Mostly taught before this year; 2: Mostly taught this year; 3: Not yet taught,9: Omitted or invalid; Sysmis: Not administered,1: Mostly taught before this year; 2: Mostly taught this year; 3: Not yet taught; 9: Omitted or invalid; Sysmis: Not administered,Background Questionnaire Variables,Nominal,,
SCI\TOPICS\LIFE\COMPETITION_IN_ECOSYSTEMS,When students in this class have been taught each of the following science topics. Life Science: Competition within ecosystems,ATBS09AJ,ATBLS09AJ,TQS-09Aj,TQS-09Aj,Teacher,SCI\TOPICS\LIFE\COMPETITION IN ECOSYSTEMS (2023),✓,✓,✓,1: Mostly taught before this year; 2: Mostly taught this year; 3: Not yet taught,9: Omitted or invalid; Sysmis: Not administered,1: Mostly taught before this year; 2: Mostly taught this year; 3: Not yet taught; 9: Omitted or invalid; Sysmis: Not administered,Background Questionnaire Variables,Nominal,,
SCI\TOPICS\LIFE\FUNCTIONS_MAJOR_STRUCTURES,"When students in this class have been taught each of the following science topics. Life Science: Functions of major structures in living things (e.g., roots in plants)",ATBS09AC,ATBLS09AC,TQS-09Ac,TQS-09Ac,Teacher,SCI\TOPICS\LIFE\FUNCTIONS MAJOR STRUCTURES (2023),✓,✓,✓,1: Mostly taught before this year; 2: Mostly taught this year; 3: Not yet taught,9: Omitted or invalid; Sysmis: Not administered,1: Mostly taught before this year; 2: Mostly taught this year; 3: Not yet taught; 9: Omitted or invalid; Sysmis: Not administered,Background Questionnaire Variables,Nominal,,
SCI\TOPICS\LIFE\HOW_LIVING_THINGS_SURVIVE,"When students in this class have been taught each of the following science topics. Life Science: How living things survive in their environments (e.g., physical characteristics, behaviors)",ATBS09AF,ATBLS09AF,TQS-09Af,TQS-09Af,Teacher,SCI\TOPICS\LIFE\HOW LIVING THINGS SURVIVE (2023),✓,✓,✓,1: Mostly taught before this year; 2: Mostly taught this year; 3: Not yet taught,9: Omitted or invalid; Sysmis: Not administered,1: Mostly taught before this year; 2: Mostly taught this year; 3: Not yet taught; 9: Omitted or invalid; Sysmis: Not administered,Background Questionnaire Variables,Nominal,,
SCI\TOPICS\LIFE\HUMAN_ACTIONS_IMPACT_ENVIRONMENT,When students in this class have been taught each of the following science topics. Life Science: How human actions impact the environment,ATBS09AG,ATBLS09AG,TQS-09Ag,TQS-09Ag,Teacher,SCI\TOPICS\LIFE\HUMAN ACTIONS IMPACT ENVIRONMENT (2023),✓,✓,✓,1: Mostly taught before this year; 2: Mostly taught this year; 3: Not yet taught,9: Omitted or invalid; Sysmis: Not administered,1: Mostly taught before this year; 2: Mostly taught this year; 3: Not yet taught; 9: Omitted or invalid; Sysmis: Not administered,Background Questionnaire Variables,Nominal,,
SCI\TOPICS\LIFE\INHERITED_CHARACTERISTICS,When students in this class have been taught each of the following science topics. Life Science: Inherited characteristics of living things,ATBS09AE,ATBLS09AE,TQS-09Ae,TQS-09Ae,Teacher,SCI\TOPICS\LIFE\INHERITED CHARACTERISTICS (2023),✓,✓,✓,1: Mostly taught before this year; 2: Mostly taught this year; 3: Not yet taught,9: Omitted or invalid; Sysmis: Not administered,1: Mostly taught before this year; 2: Mostly taught this year; 3: Not yet taught; 9: Omitted or invalid; Sysmis: Not administered,Background Questionnaire Variables,Nominal,,
SCI\TOPICS\LIFE\LIFE_CYCLES,"When students in this class have been taught each of the following science topics. Life Science: Life cycle stages of common plants and animals (e.g., flowering plants, frogs)",ATBS09AD,ATBLS09AD,TQS-09Ad,TQS-09Ad,Teacher,SCI\TOPICS\LIFE\LIFE CYCLES (2023),✓,✓,✓,1: Mostly taught before this year; 2: Mostly taught this year; 3: Not yet taught,9: Omitted or invalid; Sysmis: Not administered,1: Mostly taught before this year; 2: Mostly taught this year; 3: Not yet taught; 9: Omitted or invalid; Sysmis: Not administered,Background Questionnaire Variables,Nominal,,
SCI\TOPICS\LIFE\LIVING_THINGS,When students in this class have been taught each of the following science topics. Life Science: Basic differences between living and nonliving things,ATBS09AA,ATBLS09AA,TQS-09Aa,TQS-09Aa,Teacher,SCI\TOPICS\LIFE\LIVING THINGS (2023),✓,✓,✓,1: Mostly taught before this year; 2: Mostly taught this year; 3: Not yet taught,9: Omitted or invalid; Sysmis: Not administered,1: Mostly taught before this year; 2: Mostly taught this year; 3: Not yet taught; 9: Omitted or invalid; Sysmis: Not administered,Background Questionnaire Variables,Nominal,,
SCI\TOPICS\LIFE\MAINTAINING_GOOD_HEALTH,When students in this class have been taught each of the following science topics. Life Science: Ways for humans to maintain good health and avoid illness,ATBS09AK,ATBLS09AK,TQS-09Ak,TQS-09Ak,Teacher,SCI\TOPICS\LIFE\MAINTAINING GOOD HEALTH (2023),✓,✓,✓,1: Mostly taught before this year; 2: Mostly taught this year; 3: Not yet taught,9: Omitted or invalid; Sysmis: Not administered,1: Mostly taught before this year; 2: Mostly taught this year; 3: Not yet taught; 9: Omitted or invalid; Sysmis: Not administered,Background Questionnaire Variables,Nominal,,
SCI\TOPICS\LIFE\SIMPLE_FOOD_CHAINS,When students in this class have been taught each of the following science topics. Life Science: Interpreting simple food chains,ATBS09AI,ATBLS09AI,TQS-09Ai,TQS-09Ai,Teacher,SCI\TOPICS\LIFE\SIMPLE FOOD CHAINS (2023),✓,✓,✓,1: Mostly taught before this year; 2: Mostly taught this year; 3: Not yet taught,9: Omitted or invalid; Sysmis: Not administered,1: Mostly taught before this year; 2: Mostly taught this year; 3: Not yet taught; 9: Omitted or invalid; Sysmis: Not administered,Background Questionnaire Variables,Nominal,,
SCI\TOPICS\PHYSICAL\CLASSIFICATION,When students in this class have been taught each of the following science topics. Physical Science: Grouping objects based on their physical properties,ATBS09BB,ATBLS09BB,TQS-09Bb,TQS-09Bb,Teacher,SCI\TOPICS\PHYSICAL\CLASSIFICATION (2023),✓,✓,✓,1: Mostly taught before this year; 2: Mostly taught this year; 3: Not yet taught,9: Omitted or invalid; Sysmis: Not administered,1: Mostly taught before this year; 2: Mostly taught this year; 3: Not yet taught; 9: Omitted or invalid; Sysmis: Not administered,Background Questionnaire Variables,Nominal,,
SCI\TOPICS\PHYSICAL\COMMON_ENERGY_SOURCE,"When students in this class have been taught each of the following science topics. Physical Science: Sources of energy (e.g., the Sun, wind, water, coal, oil, and gas)",ATBS09BH,ATBLS09BH,TQS-09Bh,TQS-09Bh,Teacher,SCI\TOPICS\PHYSICAL\COMMON ENERGY SOURCE (2023),✓,✓,✓,1: Mostly taught before this year; 2: Mostly taught this year; 3: Not yet taught,9: Omitted or invalid; Sysmis: Not administered,1: Mostly taught before this year; 2: Mostly taught this year; 3: Not yet taught; 9: Omitted or invalid; Sysmis: Not administered,Background Questionnaire Variables,Nominal,,
SCI\TOPICS\PHYSICAL\DISSOLVING_SOLIDS,"When students in this class have been taught each of the following science topics. Physical Science: How to make solids dissolve faster in liquids (e.g., stirring, heating)",ATBS09BF,ATBLS09BF,TQS-09Bf,TQS-09Bf,Teacher,SCI\TOPICS\PHYSICAL\DISSOLVING SOLIDS (2023),✓,✓,✓,1: Mostly taught before this year; 2: Mostly taught this year; 3: Not yet taught,9: Omitted or invalid; Sysmis: Not administered,1: Mostly taught before this year; 2: Mostly taught this year; 3: Not yet taught; 9: Omitted or invalid; Sysmis: Not administered,Background Questionnaire Variables,Nominal,,
SCI\TOPICS\PHYSICAL\LIGHT,"When students in this class have been taught each of the following science topics. Physical Science: How light is related to shadows, reflections, and rainbows",ATBS09BI,ATBLS09BI,TQS-09Bi,TQS-09Bi,Teacher,SCI\TOPICS\PHYSICAL\LIGHT (2023),✓,✓,✓,1: Mostly taught before this year; 2: Mostly taught this year; 3: Not yet taught,9: Omitted or invalid; Sysmis: Not administered,1: Mostly taught before this year; 2: Mostly taught this year; 3: Not yet taught; 9: Omitted or invalid; Sysmis: Not administered,Background Questionnaire Variables,Nominal,,
SCI\TOPICS\PHYSICAL\MAGNETIC_ATTRACTION,When students in this class have been taught each of the following science topics. Physical Science: Magnetic attraction and repulsion,ATBS09BD,ATBLS09BD,TQS-09Bd,TQS-09Bd,Teacher,SCI\TOPICS\PHYSICAL\MAGNETIC ATTRACTION (2023),✓,✓,✓,1: Mostly taught before this year; 2: Mostly taught this year; 3: Not yet taught,9: Omitted or invalid; Sysmis: Not administered,1: Mostly taught before this year; 2: Mostly taught this year; 3: Not yet taught; 9: Omitted or invalid; Sysmis: Not administered,Background Questionnaire Variables,Nominal,,
SCI\TOPICS\PHYSICAL\MIXTURES_AND_THEIR_SEPARATION,"When students in this class have been taught each of the following science topics. Physical Science: Examples of mixtures and how they can be separated (e.g., filtration, evaporation)",ATBS09BC,ATBLS09BC,TQS-09Bc,TQS-09Bc,Teacher,SCI\TOPICS\PHYSICAL\MIXTURES AND THEIR SEPARATION (2023),✓,✓,✓,1: Mostly taught before this year; 2: Mostly taught this year; 3: Not yet taught,9: Omitted or invalid; Sysmis: Not administered,1: Mostly taught before this year; 2: Mostly taught this year; 3: Not yet taught; 9: Omitted or invalid; Sysmis: Not administered,Background Questionnaire Variables,Nominal,,
SCI\TOPICS\PHYSICAL\MOTION_AND_FORCES,"When students in this class have been taught each of the following science topics. Physical Science: How motion is affected by forces (e.g., gravity, pushing, pulling, friction)",ATBS09BM,ATBLS09BM,TQS-09Bm,TQS-09Bm,Teacher,SCI\TOPICS\PHYSICAL\MOTION AND FORCES (2023),✓,✓,✓,1: Mostly taught before this year; 2: Mostly taught this year; 3: Not yet taught,9: Omitted or invalid; Sysmis: Not administered,1: Mostly taught before this year; 2: Mostly taught this year; 3: Not yet taught; 9: Omitted or invalid; Sysmis: Not administered,Background Questionnaire Variables,Nominal,,
SCI\TOPICS\PHYSICAL\MOVEMENT_OF_HEAT,When students in this class have been taught each of the following science topics. Physical Science: Movement of heat from hotter to cooler objects,ATBS09BK,ATBLS09BK,TQS-09Bk,TQS-09Bk,Teacher,SCI\TOPICS\PHYSICAL\MOVEMENT OF HEAT (2023),✓,✓,✓,1: Mostly taught before this year; 2: Mostly taught this year; 3: Not yet taught,9: Omitted or invalid; Sysmis: Not administered,1: Mostly taught before this year; 2: Mostly taught this year; 3: Not yet taught; 9: Omitted or invalid; Sysmis: Not administered,Background Questionnaire Variables,Nominal,,
SCI\TOPICS\PHYSICAL\PHYSICAL_AND_CHEMICAL_CHANGES,When students in this class have been taught each of the following science topics. Physical Science: Examples of physical and chemical changes in everyday life,ATBS09BE,ATBLS09BE,TQS-09Be,TQS-09Be,Teacher,SCI\TOPICS\PHYSICAL\PHYSICAL AND CHEMICAL CHANGES (2023),✓,✓,✓,1: Mostly taught before this year; 2: Mostly taught this year; 3: Not yet taught,9: Omitted or invalid; Sysmis: Not administered,1: Mostly taught before this year; 2: Mostly taught this year; 3: Not yet taught; 9: Omitted or invalid; Sysmis: Not administered,Background Questionnaire Variables,Nominal,,
SCI\TOPICS\PHYSICAL\SIMPLE_CIRCUITS,When students in this class have been taught each of the following science topics. Physical Science: Simple electrical circuits,ATBS09BL,ATBLS09BL,TQS-09Bl,TQS-09Bl,Teacher,SCI\TOPICS\PHYSICAL\SIMPLE CIRCUITS (2023),✓,✓,✓,1: Mostly taught before this year; 2: Mostly taught this year; 3: Not yet taught,9: Omitted or invalid; Sysmis: Not administered,1: Mostly taught before this year; 2: Mostly taught this year; 3: Not yet taught; 9: Omitted or invalid; Sysmis: Not administered,Background Questionnaire Variables,Nominal,,
SCI\TOPICS\PHYSICAL\SIMPLE_MACHINES,"When students in this class have been taught each of the following science topics. Physical Science: Examples of simple machines (e.g., levers, ramps)",ATBS09BN,ATBLS09BN,TQS-09Bn,TQS-09Bn,Teacher,SCI\TOPICS\PHYSICAL\SIMPLE MACHINES (2023),✓,✓,✓,1: Mostly taught before this year; 2: Mostly taught this year; 3: Not yet taught,9: Omitted or invalid; Sysmis: Not administered,1: Mostly taught before this year; 2: Mostly taught this year; 3: Not yet taught; 9: Omitted or invalid; Sysmis: Not administered,Background Questionnaire Variables,Nominal,,
SCI\TOPICS\PHYSICAL\SOLUTION_CONCENTRATION,When students in this class have been taught each of the following science topics. Physical Science: Concentration of solutions,ATBS09BG,ATBLS09BG,TQS-09Bg,TQS-09Bg,Teacher,SCI\TOPICS\PHYSICAL\SOLUTION CONCENTRATION (2023),✓,✓,✓,1: Mostly taught before this year; 2: Mostly taught this year; 3: Not yet taught,9: Omitted or invalid; Sysmis: Not administered,1: Mostly taught before this year; 2: Mostly taught this year; 3: Not yet taught; 9: Omitted or invalid; Sysmis: Not administered,Background Questionnaire Variables,Nominal,,
SCI\TOPICS\PHYSICAL\SOUND,When students in this class have been taught each of the following science topics. Physical Science: How vibrations are related to sound,ATBS09BJ,ATBLS09BJ,TQS-09Bj,TQS-09Bj,Teacher,SCI\TOPICS\PHYSICAL\SOUND (2023),✓,✓,✓,1: Mostly taught before this year; 2: Mostly taught this year; 3: Not yet taught,9: Omitted or invalid; Sysmis: Not administered,1: Mostly taught before this year; 2: Mostly taught this year; 3: Not yet taught; 9: Omitted or invalid; Sysmis: Not administered,Background Questionnaire Variables,Nominal,,
SCI\TOPICS\PHYSICAL\STATES_OF_MATTER,"When students in this class have been taught each of the following science topics. Physical Science: Solids, liquids, gases, and how their shapes and volumes differ",ATBS09BA,ATBLS09BA,TQS-09Ba,TQS-09Ba,Teacher,SCI\TOPICS\PHYSICAL\STATES OF MATTER (2023),✓,✓,✓,1: Mostly taught before this year; 2: Mostly taught this year; 3: Not yet taught,9: Omitted or invalid; Sysmis: Not administered,1: Mostly taught before this year; 2: Mostly taught this year; 3: Not yet taught; 9: Omitted or invalid; Sysmis: Not administered,Background Questionnaire Variables,Nominal,,
