Variable,Label,Question Location,Level,Width,Decimals,Range Minimum,Range Maximum,Value Scheme Detailed,Missing Scheme Detailed: SPSS,Missing Scheme Detailed: SAS,Field Code: SPSS,Field Code: SAS,Domain,Variable Class,Comment
CTY,Country Alpha3,,Not defined,5,0,,,"GEO: Georgia; ITA: Italy; JOR: Jordan; KOR: Korea, Rep. Of; MKD: North Macedonia; MNE: Montenegro; SVN: Slovenia; SWE: Sweden; XKX: Kosovo",,,"GEO: Georgia; ITA: Italy; JOR: Jordan; KOR: Korea, Rep. Of; MKD: North Macedonia; MNE: Montenegro; SVN: Slovenia; SWE: Sweden; XKX: Kosovo","GEO: Georgia; ITA: Italy; JOR: Jordan; KOR: Korea, Rep. Of; MKD: North Macedonia; MNE: Montenegro; SVN: Slovenia; SWE: Sweden; XKX: Kosovo",Calculated at IEA,,
IDCNTRY,Numeric Country Code,,Nominal,10,0,,,"268: Georgia; 380: Italy; 400: Jordan; 410: Korea, Rep. Of; 807: North Macedonia; 499: Montenegro; 705: Slovenia; 752: Sweden; 411: Kosovo",,,"268: Georgia; 380: Italy; 400: Jordan; 410: Korea, Rep. Of; 807: North Macedonia; 499: Montenegro; 705: Slovenia; 752: Sweden; 411: Kosovo","268: Georgia; 380: Italy; 400: Jordan; 410: Korea, Rep. Of; 807: North Macedonia; 499: Montenegro; 705: Slovenia; 752: Sweden; 411: Kosovo",ID Variables,ID,
IDPOP,Population ID,,Nominal,1,0,,,1: Pop 1; 2: Pop 2,,,1: Pop 1; 2: Pop 2;,1: Pop 1; 2: Pop 2,ID Variables,ID,
IDGRADER_23,Standardized Grade ID (2023),,Nominal,1,0,,,1: Lower Grade; 2: Upper Grade,,,1: Lower Grade; 2: Upper Grade;,1: Lower Grade; 2: Upper Grade,Calculated at IEA,IEA_D,
IDGRADER_24,Standardized Grade ID (2024),,Nominal,1,0,,,1: Lower Grade; 2: Upper Grade,,,1: Lower Grade; 2: Upper Grade;,1: Lower Grade; 2: Upper Grade,Calculated at IEA,IEA_D,
IDGRADE_23,Grade ID (2023),,Nominal,1,0,,,3: Grade 3; 4: Grade 4; 5: Grade 5; 6: Grade 6,,,3: Grade 3; 4: Grade 4; 5: Grade 5; 6: Grade 6;,3: Grade 3; 4: Grade 4; 5: Grade 5; 6: Grade 6,Calculated at IEA,IEA_D,
IDGRADE_24,Grade ID (2024),,Nominal,1,0,,,3: Grade 3; 4: Grade 4; 5: Grade 5; 6: Grade 6,,,3: Grade 3; 4: Grade 4; 5: Grade 5; 6: Grade 6;,3: Grade 3; 4: Grade 4; 5: Grade 5; 6: Grade 6,Calculated at IEA,IEA_D,
IDSCHOOL,School ID,,Nominal,4,0,5001,9900,,,,,,ID Variables,ID,
ITLANG_CQ_23,Language of School Questionnaire (2023),,Nominal,2,0,,,5: Albanian; 14: Georgian; 20: Italian; 23: Macedonian; 32: Swedish; 47: Korean; 53: Arabic; 67: Montenegrin (Cyrillic); 79: Slovenian,99: Omitted or invalid; Sysmis: Not administered,.: Omitted or invalid; .A: Not administered,5: Albanian; 14: Georgian; 20: Italian; 23: Macedonian; 32: Swedish; 47: Korean; 53: Arabic; 67: Montenegrin (Cyrillic); 79: Slovenian; 99: Omitted or invalid; Sysmis: Not administered,5: Albanian; 14: Georgian; 20: Italian; 23: Macedonian; 32: Swedish; 47: Korean; 53: Arabic; 67: Montenegrin (Cyrillic); 79: Slovenian; .: Omitted or invalid; .A: Not administered,Calculated at IEA,IEA_D,
ITLANG_CQ_24,Language of School Questionnaire (2024),,Nominal,2,0,,,5: Albanian; 14: Georgian; 20: Italian; 23: Macedonian; 32: Swedish; 47: Korean; 53: Arabic; 67: Montenegrin (Cyrillic); 79: Slovenian,99: Omitted or invalid; Sysmis: Not administered,.: Omitted or invalid; .A: Not administered,5: Albanian; 14: Georgian; 20: Italian; 23: Macedonian; 32: Swedish; 47: Korean; 53: Arabic; 67: Montenegrin (Cyrillic); 79: Slovenian; 99: Omitted or invalid; Sysmis: Not administered,5: Albanian; 14: Georgian; 20: Italian; 23: Macedonian; 32: Swedish; 47: Korean; 53: Arabic; 67: Montenegrin (Cyrillic); 79: Slovenian; .: Omitted or invalid; .A: Not administered,Calculated at IEA,IEA_D,
LCID_CQ_23,Locale ID of School Questionnaire (2023),,Nominal,10,0,,,"1040: Italian (Italy); 1042: Korean (Korea); 1053: Swedish (Sweden); 1060: Slovenian (Slovenia); 1071: Macedonian (North Macedonia); 1079: Georgian (Georgia); 10711: Albanian (Macedonia); 11265: Arabic (Jordan); 20744: Albanian (Kosovo); 20748: Montenegrin (Cyrillic, Montenegro)",9999999999: Omitted or invalid; Sysmis: Not administered,.: Omitted or invalid; .A: Not administered,"1040: Italian (Italy); 1042: Korean (Korea); 1053: Swedish (Sweden); 1060: Slovenian (Slovenia); 1071: Macedonian (North Macedonia); 1079: Georgian (Georgia); 10711: Albanian (Macedonia); 11265: Arabic (Jordan); 20744: Albanian (Kosovo); 20748: Montenegrin (Cyrillic, Montenegro); 9999999999: Omitted or invalid; Sysmis: Not administered","1040: Italian (Italy); 1042: Korean (Korea); 1053: Swedish (Sweden); 1060: Slovenian (Slovenia); 1071: Macedonian (North Macedonia); 1079: Georgian (Georgia); 10711: Albanian (Macedonia); 11265: Arabic (Jordan); 20744: Albanian (Kosovo); 20748: Montenegrin (Cyrillic, Montenegro); .: Omitted or invalid; .A: Not administered",Calculated at IEA,IEA_D,
LCID_CQ_24,Locale ID of School Questionnaire (2024),,Nominal,10,0,,,"1040: Italian (Italy); 1042: Korean (Korea); 1053: Swedish (Sweden); 1060: Slovenian (Slovenia); 1071: Macedonian (North Macedonia); 1079: Georgian (Georgia); 10711: Albanian (Macedonia); 11265: Arabic (Jordan); 20744: Albanian (Kosovo); 20748: Montenegrin (Cyrillic, Montenegro)",9999999999: Omitted or invalid; Sysmis: Not administered,.: Omitted or invalid; .A: Not administered,"1040: Italian (Italy); 1042: Korean (Korea); 1053: Swedish (Sweden); 1060: Slovenian (Slovenia); 1071: Macedonian (North Macedonia); 1079: Georgian (Georgia); 10711: Albanian (Macedonia); 11265: Arabic (Jordan); 20744: Albanian (Kosovo); 20748: Montenegrin (Cyrillic, Montenegro); 9999999999: Omitted or invalid; Sysmis: Not administered","1040: Italian (Italy); 1042: Korean (Korea); 1053: Swedish (Sweden); 1060: Slovenian (Slovenia); 1071: Macedonian (North Macedonia); 1079: Georgian (Georgia); 10711: Albanian (Macedonia); 11265: Arabic (Jordan); 20744: Albanian (Kosovo); 20748: Montenegrin (Cyrillic, Montenegro); .: Omitted or invalid; .A: Not administered",Calculated at IEA,IEA_D,
ACBG03A,GEN\STUDENTS BACKGROUND\ECONOMIC DISADVA (2023),ScQ-03a,Ordinal,1,0,,,1: 0 to 10%; 2: 11 to 25%; 3: 26 to 50%; 4: More than 50%,9: Omitted or invalid; Sysmis: Not administered,.: Omitted or invalid; .A: Not administered,1: 0 to 10%; 2: 11 to 25%; 3: 26 to 50%; 4: More than 50%; 9: Omitted or invalid; Sysmis: Not administered,1: 0 to 10%; 2: 11 to 25%; 3: 26 to 50%; 4: More than 50%; .: Omitted or invalid; .A: Not administered,Background Questionnaire Variables,B,
ACBG03B,GEN\STUDENTS BACKGROUND\ECONOMIC AFFLUEN (2023),ScQ-03b,Ordinal,1,0,,,1: 0 to 10%; 2: 11 to 25%; 3: 26 to 50%; 4: More than 50%,9: Omitted or invalid; Sysmis: Not administered,.: Omitted or invalid; .A: Not administered,1: 0 to 10%; 2: 11 to 25%; 3: 26 to 50%; 4: More than 50%; 9: Omitted or invalid; Sysmis: Not administered,1: 0 to 10%; 2: 11 to 25%; 3: 26 to 50%; 4: More than 50%; .: Omitted or invalid; .A: Not administered,Background Questionnaire Variables,B,
ACBG04,GEN\PERCENT OF STUDENTS <LANG OF TEST> (2023),ScQ-04,Ordinal,1,0,,,1: More than 90%; 2: 76 to 90%; 3: 51 to 75%; 4: 26 to 50%; 5: 25% or less,9: Omitted or invalid; Sysmis: Not administered,.: Omitted or invalid; .A: Not administered,1: More than 90%; 2: 76 to 90%; 3: 51 to 75%; 4: 26 to 50%; 5: 25% or less; 9: Omitted or invalid; Sysmis: Not administered,1: More than 90%; 2: 76 to 90%; 3: 51 to 75%; 4: 26 to 50%; 5: 25% or less; .: Omitted or invalid; .A: Not administered,Background Questionnaire Variables,B,
ACBG05A,GEN\HOW MANY PEOPLE LIVE IN AREA (2023),ScQ-05A,Ordinal,2,0,,,"1: More than 500,000 people; 2: 100,001 to 500,000 people; 3: 50,001 to 100,000 people; 4: 30,001 to 50,000 people; 5: 15,001 to 30,000 people; 6: 3,001 to 15,000 people; 7: 3,000 people or fewer",99: Omitted or invalid; Sysmis: Not administered,.: Omitted or invalid; .A: Not administered,"1: More than 500,000 people; 2: 100,001 to 500,000 people; 3: 50,001 to 100,000 people; 4: 30,001 to 50,000 people; 5: 15,001 to 30,000 people; 6: 3,001 to 15,000 people; 7: 3,000 people or fewer; 99: Omitted or invalid; Sysmis: Not administered","1: More than 500,000 people; 2: 100,001 to 500,000 people; 3: 50,001 to 100,000 people; 4: 30,001 to 50,000 people; 5: 15,001 to 30,000 people; 6: 3,001 to 15,000 people; 7: 3,000 people or fewer; .: Omitted or invalid; .A: Not administered",Background Questionnaire Variables,B,
ACBG05B,GEN\IMMEDIATE AREA OF SCH LOCATION (2023),ScQ-05B,Ordinal,1,0,,,1: Urban–Densely populated; 2: Suburban–On fringe or outskirts of urban area; 3: Medium size city or large town; 4: Small town or village; 5: Remote rural,9: Omitted or invalid; Sysmis: Not administered,.: Omitted or invalid; .A: Not administered,1: Urban–Densely populated; 2: Suburban–On fringe or outskirts of urban area; 3: Medium size city or large town; 4: Small town or village; 5: Remote rural; 9: Omitted or invalid; Sysmis: Not administered,1: Urban–Densely populated; 2: Suburban–On fringe or outskirts of urban area; 3: Medium size city or large town; 4: Small town or village; 5: Remote rural; .: Omitted or invalid; .A: Not administered,Background Questionnaire Variables,B,
ACBG06A,GEN\INSTRUCTIONAL DAYS PER YEAR (2023),ScQ-06A,Ratio,3,0,140,365,,999: Omitted or invalid; Sysmis: Not administered,.: Omitted or invalid; .A: Not administered,999: Omitted or invalid; Sysmis: Not administered,.: Omitted or invalid; .A: Not administered,Background Questionnaire Variables,B,
ACBG06B,GEN\TOTAL INSTRUCTIONAL TIME (2023),ScQ-06B,Ratio,3,0,120,800,,999: Omitted or invalid; Sysmis: Not administered,.: Omitted or invalid; .A: Not administered,999: Omitted or invalid; Sysmis: Not administered,.: Omitted or invalid; .A: Not administered,Background Questionnaire Variables,B,
ACBG06C,GEN\INSTRUCTIONAL DAYS IN 1 CALENDER WEEK (2023),ScQ-06C,Ordinal,1,0,,,1: 6 days; 2: 5 1/2 days; 3: 5 days; 4: 4 1/2 days; 5: 4 days; 6: Other,9: Omitted or invalid; Sysmis: Not administered,.: Omitted or invalid; .A: Not administered,1: 6 days; 2: 5 1/2 days; 3: 5 days; 4: 4 1/2 days; 5: 4 days; 6: Other; 9: Omitted or invalid; Sysmis: Not administered,1: 6 days; 2: 5 1/2 days; 3: 5 days; 4: 4 1/2 days; 5: 4 days; 6: Other; .: Omitted or invalid; .A: Not administered,Background Questionnaire Variables,B,
ACBG07,GEN\TOTAL NUMBER COMPUTERS (2023),ScQ-07,Ratio,4,0,0,2000,,9999: Omitted or invalid; Sysmis: Not administered,.: Omitted or invalid; .A: Not administered,9999: Omitted or invalid; Sysmis: Not administered,.: Omitted or invalid; .A: Not administered,Background Questionnaire Variables,B,
ACBG08,GEN\EXISTING SCIENCE LABORATORY (2023),ScQ-08,Nominal,1,0,,,1: Yes; 2: No,9: Omitted or invalid; Sysmis: Not administered,.: Omitted or invalid; .A: Not administered,1: Yes; 2: No; 9: Omitted or invalid; Sysmis: Not administered,1: Yes; 2: No; .: Omitted or invalid; .A: Not administered,Background Questionnaire Variables,B,
ACBG09,GEN\ONLINE LEARNING MANAGEMENT SYSTEM (2023),ScQ-09,Nominal,1,0,,,1: Yes; 2: No,9: Omitted or invalid; Sysmis: Not administered,.: Omitted or invalid; .A: Not administered,1: Yes; 2: No; 9: Omitted or invalid; Sysmis: Not administered,1: Yes; 2: No; .: Omitted or invalid; .A: Not administered,Background Questionnaire Variables,B,
ACBG10A,GEN\LIBRARY OR MEDIA CENTER (2023),ScQ-10a,Nominal,1,0,,,1: Yes; 2: No,9: Omitted or invalid; Sysmis: Not administered,.: Omitted or invalid; .A: Not administered,1: Yes; 2: No; 9: Omitted or invalid; Sysmis: Not administered,1: Yes; 2: No; .: Omitted or invalid; .A: Not administered,Background Questionnaire Variables,B,
ACBG10B,GEN\HIGH SPEED INTERNET (2023),ScQ-10b,Nominal,1,0,,,1: Yes; 2: No,9: Omitted or invalid; Sysmis: Not administered,.: Omitted or invalid; .A: Not administered,1: Yes; 2: No; 9: Omitted or invalid; Sysmis: Not administered,1: Yes; 2: No; .: Omitted or invalid; .A: Not administered,Background Questionnaire Variables,B,
ACBG11AA,GEN\SHORTAGE\GEN\INSTRUCTIONAL MATERIAL (2023),ScQ-11Aa,Ordinal,1,0,,,1: Not at all; 2: A little; 3: Some; 4: A lot,9: Omitted or invalid; Sysmis: Not administered,.: Omitted or invalid; .A: Not administered,1: Not at all; 2: A little; 3: Some; 4: A lot; 9: Omitted or invalid; Sysmis: Not administered,1: Not at all; 2: A little; 3: Some; 4: A lot; .: Omitted or invalid; .A: Not administered,Background Questionnaire Variables,B,
ACBG11AB,GEN\SHORTAGE\GEN\SUPPLIES (2023),ScQ-11Ab,Ordinal,1,0,,,1: Not at all; 2: A little; 3: Some; 4: A lot,9: Omitted or invalid; Sysmis: Not administered,.: Omitted or invalid; .A: Not administered,1: Not at all; 2: A little; 3: Some; 4: A lot; 9: Omitted or invalid; Sysmis: Not administered,1: Not at all; 2: A little; 3: Some; 4: A lot; .: Omitted or invalid; .A: Not administered,Background Questionnaire Variables,B,
ACBG11AC,GEN\SHORTAGE\GEN\SCHOOL BUILDINGS (2023),ScQ-11Ac,Ordinal,1,0,,,1: Not at all; 2: A little; 3: Some; 4: A lot,9: Omitted or invalid; Sysmis: Not administered,.: Omitted or invalid; .A: Not administered,1: Not at all; 2: A little; 3: Some; 4: A lot; 9: Omitted or invalid; Sysmis: Not administered,1: Not at all; 2: A little; 3: Some; 4: A lot; .: Omitted or invalid; .A: Not administered,Background Questionnaire Variables,B,
ACBG11AD,GEN\SHORTAGE\GEN\HEATING SYSTEMS (2023),ScQ-11Ad,Ordinal,1,0,,,1: Not at all; 2: A little; 3: Some; 4: A lot,9: Omitted or invalid; Sysmis: Not administered,.: Omitted or invalid; .A: Not administered,1: Not at all; 2: A little; 3: Some; 4: A lot; 9: Omitted or invalid; Sysmis: Not administered,1: Not at all; 2: A little; 3: Some; 4: A lot; .: Omitted or invalid; .A: Not administered,Background Questionnaire Variables,B,
ACBG11AE,GEN\SHORTAGE\GEN\INSTRUCTIONAL SPACE (2023),ScQ-11Ae,Ordinal,1,0,,,1: Not at all; 2: A little; 3: Some; 4: A lot,9: Omitted or invalid; Sysmis: Not administered,.: Omitted or invalid; .A: Not administered,1: Not at all; 2: A little; 3: Some; 4: A lot; 9: Omitted or invalid; Sysmis: Not administered,1: Not at all; 2: A little; 3: Some; 4: A lot; .: Omitted or invalid; .A: Not administered,Background Questionnaire Variables,B,
ACBG11AF,GEN\SHORTAGE\GEN\TECHNOLOGICAL STAFF (2023),ScQ-11Af,Ordinal,1,0,,,1: Not at all; 2: A little; 3: Some; 4: A lot,9: Omitted or invalid; Sysmis: Not administered,.: Omitted or invalid; .A: Not administered,1: Not at all; 2: A little; 3: Some; 4: A lot; 9: Omitted or invalid; Sysmis: Not administered,1: Not at all; 2: A little; 3: Some; 4: A lot; .: Omitted or invalid; .A: Not administered,Background Questionnaire Variables,B,
ACBG11AG,GEN\SHORTAGE\GEN\AUDIO VISUAL RESOURCES (2023),ScQ-11Ag,Ordinal,1,0,,,1: Not at all; 2: A little; 3: Some; 4: A lot,9: Omitted or invalid; Sysmis: Not administered,.: Omitted or invalid; .A: Not administered,1: Not at all; 2: A little; 3: Some; 4: A lot; 9: Omitted or invalid; Sysmis: Not administered,1: Not at all; 2: A little; 3: Some; 4: A lot; .: Omitted or invalid; .A: Not administered,Background Questionnaire Variables,B,
ACBG11AH,GEN\SHORTAGE\GEN\DIGITAL DEVICES (2023),ScQ-11Ah,Ordinal,1,0,,,1: Not at all; 2: A little; 3: Some; 4: A lot,9: Omitted or invalid; Sysmis: Not administered,.: Omitted or invalid; .A: Not administered,1: Not at all; 2: A little; 3: Some; 4: A lot; 9: Omitted or invalid; Sysmis: Not administered,1: Not at all; 2: A little; 3: Some; 4: A lot; .: Omitted or invalid; .A: Not administered,Background Questionnaire Variables,B,
ACBG11AI,GEN\SHORTAGE\GEN\RESOURCES STD WITH DISAB (2023),ScQ-11Ai,Ordinal,1,0,,,1: Not at all; 2: A little; 3: Some; 4: A lot,9: Omitted or invalid; Sysmis: Not administered,.: Omitted or invalid; .A: Not administered,1: Not at all; 2: A little; 3: Some; 4: A lot; 9: Omitted or invalid; Sysmis: Not administered,1: Not at all; 2: A little; 3: Some; 4: A lot; .: Omitted or invalid; .A: Not administered,Background Questionnaire Variables,B,
ACBG11BA,GEN\SHORTAGE\MAT\TEACH SPEC MATH (2023),ScQ-11Ba,Ordinal,1,0,,,1: Not at all; 2: A little; 3: Some; 4: A lot,9: Omitted or invalid; Sysmis: Not administered,.: Omitted or invalid; .A: Not administered,1: Not at all; 2: A little; 3: Some; 4: A lot; 9: Omitted or invalid; Sysmis: Not administered,1: Not at all; 2: A little; 3: Some; 4: A lot; .: Omitted or invalid; .A: Not administered,Background Questionnaire Variables,B,
ACBG11BB,GEN\SHORTAGE\MAT\COMPUTER SOFTWARE (2023),ScQ-11Bb,Ordinal,1,0,,,1: Not at all; 2: A little; 3: Some; 4: A lot,9: Omitted or invalid; Sysmis: Not administered,.: Omitted or invalid; .A: Not administered,1: Not at all; 2: A little; 3: Some; 4: A lot; 9: Omitted or invalid; Sysmis: Not administered,1: Not at all; 2: A little; 3: Some; 4: A lot; .: Omitted or invalid; .A: Not administered,Background Questionnaire Variables,B,
ACBG11BC,GEN\SHORTAGE\MAT\LIBRARY RESOURCES (2023),ScQ-11Bc,Ordinal,1,0,,,1: Not at all; 2: A little; 3: Some; 4: A lot,9: Omitted or invalid; Sysmis: Not administered,.: Omitted or invalid; .A: Not administered,1: Not at all; 2: A little; 3: Some; 4: A lot; 9: Omitted or invalid; Sysmis: Not administered,1: Not at all; 2: A little; 3: Some; 4: A lot; .: Omitted or invalid; .A: Not administered,Background Questionnaire Variables,B,
ACBG11BD,GEN\SHORTAGE\MAT\CALCULATORS (2023),ScQ-11Bd,Ordinal,1,0,,,1: Not at all; 2: A little; 3: Some; 4: A lot,9: Omitted or invalid; Sysmis: Not administered,.: Omitted or invalid; .A: Not administered,1: Not at all; 2: A little; 3: Some; 4: A lot; 9: Omitted or invalid; Sysmis: Not administered,1: Not at all; 2: A little; 3: Some; 4: A lot; .: Omitted or invalid; .A: Not administered,Background Questionnaire Variables,B,
ACBG11BE,GEN\SHORTAGE\MAT\CONCRETE OBJECTS (2023),ScQ-11Be,Ordinal,1,0,,,1: Not at all; 2: A little; 3: Some; 4: A lot,9: Omitted or invalid; Sysmis: Not administered,.: Omitted or invalid; .A: Not administered,1: Not at all; 2: A little; 3: Some; 4: A lot; 9: Omitted or invalid; Sysmis: Not administered,1: Not at all; 2: A little; 3: Some; 4: A lot; .: Omitted or invalid; .A: Not administered,Background Questionnaire Variables,B,
ACBG11CA,GEN\SHORTAGE\SCI\TEACH SPEC SCIENCE (2023),ScQ-11Ca,Ordinal,1,0,,,1: Not at all; 2: A little; 3: Some; 4: A lot,9: Omitted or invalid; Sysmis: Not administered,.: Omitted or invalid; .A: Not administered,1: Not at all; 2: A little; 3: Some; 4: A lot; 9: Omitted or invalid; Sysmis: Not administered,1: Not at all; 2: A little; 3: Some; 4: A lot; .: Omitted or invalid; .A: Not administered,Background Questionnaire Variables,B,
ACBG11CB,GEN\SHORTAGE\SCI\COMPUTER SOFTWARE (2023),ScQ-11Cb,Ordinal,1,0,,,1: Not at all; 2: A little; 3: Some; 4: A lot,9: Omitted or invalid; Sysmis: Not administered,.: Omitted or invalid; .A: Not administered,1: Not at all; 2: A little; 3: Some; 4: A lot; 9: Omitted or invalid; Sysmis: Not administered,1: Not at all; 2: A little; 3: Some; 4: A lot; .: Omitted or invalid; .A: Not administered,Background Questionnaire Variables,B,
ACBG11CC,GEN\SHORTAGE\SCI\LIBRARY RESOURCES (2023),ScQ-11Cc,Ordinal,1,0,,,1: Not at all; 2: A little; 3: Some; 4: A lot,9: Omitted or invalid; Sysmis: Not administered,.: Omitted or invalid; .A: Not administered,1: Not at all; 2: A little; 3: Some; 4: A lot; 9: Omitted or invalid; Sysmis: Not administered,1: Not at all; 2: A little; 3: Some; 4: A lot; .: Omitted or invalid; .A: Not administered,Background Questionnaire Variables,B,
ACBG11CD,GEN\SHORTAGE\SCI\SCIENCE EQUIPMENT (2023),ScQ-11Cd,Ordinal,1,0,,,1: Not at all; 2: A little; 3: Some; 4: A lot,9: Omitted or invalid; Sysmis: Not administered,.: Omitted or invalid; .A: Not administered,1: Not at all; 2: A little; 3: Some; 4: A lot; 9: Omitted or invalid; Sysmis: Not administered,1: Not at all; 2: A little; 3: Some; 4: A lot; .: Omitted or invalid; .A: Not administered,Background Questionnaire Variables,B,
ACBG12A,GEN\SCH CHARACTER\TCH UNDERSTANDING (2023),ScQ-12a,Ordinal,1,0,,,1: Very high; 2: High; 3: Medium; 4: Low; 5: Very low,9: Omitted or invalid; Sysmis: Not administered,.: Omitted or invalid; .A: Not administered,1: Very high; 2: High; 3: Medium; 4: Low; 5: Very low; 9: Omitted or invalid; Sysmis: Not administered,1: Very high; 2: High; 3: Medium; 4: Low; 5: Very low; .: Omitted or invalid; .A: Not administered,Background Questionnaire Variables,B,
ACBG12B,GEN\SCH CHARACTER\TCH SUCCESS (2023),ScQ-12b,Ordinal,1,0,,,1: Very high; 2: High; 3: Medium; 4: Low; 5: Very low,9: Omitted or invalid; Sysmis: Not administered,.: Omitted or invalid; .A: Not administered,1: Very high; 2: High; 3: Medium; 4: Low; 5: Very low; 9: Omitted or invalid; Sysmis: Not administered,1: Very high; 2: High; 3: Medium; 4: Low; 5: Very low; .: Omitted or invalid; .A: Not administered,Background Questionnaire Variables,B,
ACBG12C,GEN\SCH CHARACTER\TCH EXPECTATIONS (2023),ScQ-12c,Ordinal,1,0,,,1: Very high; 2: High; 3: Medium; 4: Low; 5: Very low,9: Omitted or invalid; Sysmis: Not administered,.: Omitted or invalid; .A: Not administered,1: Very high; 2: High; 3: Medium; 4: Low; 5: Very low; 9: Omitted or invalid; Sysmis: Not administered,1: Very high; 2: High; 3: Medium; 4: Low; 5: Very low; .: Omitted or invalid; .A: Not administered,Background Questionnaire Variables,B,
ACBG12D,GEN\SCH CHARACTER\TCH ABILITY TO INSPIRE (2023),ScQ-12d,Ordinal,1,0,,,1: Very high; 2: High; 3: Medium; 4: Low; 5: Very low,9: Omitted or invalid; Sysmis: Not administered,.: Omitted or invalid; .A: Not administered,1: Very high; 2: High; 3: Medium; 4: Low; 5: Very low; 9: Omitted or invalid; Sysmis: Not administered,1: Very high; 2: High; 3: Medium; 4: Low; 5: Very low; .: Omitted or invalid; .A: Not administered,Background Questionnaire Variables,B,
ACBG12E,GEN\SCH CHARACTER\PARENTAL INVOLVEMENT (2023),ScQ-12e,Ordinal,1,0,,,1: Very high; 2: High; 3: Medium; 4: Low; 5: Very low,9: Omitted or invalid; Sysmis: Not administered,.: Omitted or invalid; .A: Not administered,1: Very high; 2: High; 3: Medium; 4: Low; 5: Very low; 9: Omitted or invalid; Sysmis: Not administered,1: Very high; 2: High; 3: Medium; 4: Low; 5: Very low; .: Omitted or invalid; .A: Not administered,Background Questionnaire Variables,B,
ACBG12F,GEN\SCH CHARACTER\PARENTAL COMMITMENT (2023),ScQ-12f,Ordinal,1,0,,,1: Very high; 2: High; 3: Medium; 4: Low; 5: Very low,9: Omitted or invalid; Sysmis: Not administered,.: Omitted or invalid; .A: Not administered,1: Very high; 2: High; 3: Medium; 4: Low; 5: Very low; 9: Omitted or invalid; Sysmis: Not administered,1: Very high; 2: High; 3: Medium; 4: Low; 5: Very low; .: Omitted or invalid; .A: Not administered,Background Questionnaire Variables,B,
ACBG12G,GEN\SCH CHARACTER\PARENTAL EXPECTATIONS (2023),ScQ-12g,Ordinal,1,0,,,1: Very high; 2: High; 3: Medium; 4: Low; 5: Very low,9: Omitted or invalid; Sysmis: Not administered,.: Omitted or invalid; .A: Not administered,1: Very high; 2: High; 3: Medium; 4: Low; 5: Very low; 9: Omitted or invalid; Sysmis: Not administered,1: Very high; 2: High; 3: Medium; 4: Low; 5: Very low; .: Omitted or invalid; .A: Not administered,Background Questionnaire Variables,B,
ACBG12H,GEN\SCH CHARACTER\PARENTAL SUPPORT (2023),ScQ-12h,Ordinal,1,0,,,1: Very high; 2: High; 3: Medium; 4: Low; 5: Very low,9: Omitted or invalid; Sysmis: Not administered,.: Omitted or invalid; .A: Not administered,1: Very high; 2: High; 3: Medium; 4: Low; 5: Very low; 9: Omitted or invalid; Sysmis: Not administered,1: Very high; 2: High; 3: Medium; 4: Low; 5: Very low; .: Omitted or invalid; .A: Not administered,Background Questionnaire Variables,B,
ACBG12I,GEN\SCH CHARACTER\STD DESIRE TO DO WELL (2023),ScQ-12i,Ordinal,1,0,,,1: Very high; 2: High; 3: Medium; 4: Low; 5: Very low,9: Omitted or invalid; Sysmis: Not administered,.: Omitted or invalid; .A: Not administered,1: Very high; 2: High; 3: Medium; 4: Low; 5: Very low; 9: Omitted or invalid; Sysmis: Not administered,1: Very high; 2: High; 3: Medium; 4: Low; 5: Very low; .: Omitted or invalid; .A: Not administered,Background Questionnaire Variables,B,
ACBG12J,GEN\SCH CHARACTER\STD REACH GOALS (2023),ScQ-12j,Ordinal,1,0,,,1: Very high; 2: High; 3: Medium; 4: Low; 5: Very low,9: Omitted or invalid; Sysmis: Not administered,.: Omitted or invalid; .A: Not administered,1: Very high; 2: High; 3: Medium; 4: Low; 5: Very low; 9: Omitted or invalid; Sysmis: Not administered,1: Very high; 2: High; 3: Medium; 4: Low; 5: Very low; .: Omitted or invalid; .A: Not administered,Background Questionnaire Variables,B,
ACBG12K,GEN\SCH CHARACTER\STD RESPECT (2023),ScQ-12k,Ordinal,1,0,,,1: Very high; 2: High; 3: Medium; 4: Low; 5: Very low,9: Omitted or invalid; Sysmis: Not administered,.: Omitted or invalid; .A: Not administered,1: Very high; 2: High; 3: Medium; 4: Low; 5: Very low; 9: Omitted or invalid; Sysmis: Not administered,1: Very high; 2: High; 3: Medium; 4: Low; 5: Very low; .: Omitted or invalid; .A: Not administered,Background Questionnaire Variables,B,
ACBG13A,GEN\SCH ENVIRONMENT\SHARED VISION (2023),ScQ-13a,Ordinal,1,0,,,1: Agree a lot; 2: Agree a little; 3: Disagree a little; 4: Disagree a lot,9: Omitted or invalid; Sysmis: Not administered,.: Omitted or invalid; .A: Not administered,1: Agree a lot; 2: Agree a little; 3: Disagree a little; 4: Disagree a lot; 9: Omitted or invalid; Sysmis: Not administered,1: Agree a lot; 2: Agree a little; 3: Disagree a little; 4: Disagree a lot; .: Omitted or invalid; .A: Not administered,Background Questionnaire Variables,B,
ACBG13B,GEN\SCH ENVIRONMENT\REVIEWS PRACTICES (2023),ScQ-13b,Ordinal,1,0,,,1: Agree a lot; 2: Agree a little; 3: Disagree a little; 4: Disagree a lot,9: Omitted or invalid; Sysmis: Not administered,.: Omitted or invalid; .A: Not administered,1: Agree a lot; 2: Agree a little; 3: Disagree a little; 4: Disagree a lot; 9: Omitted or invalid; Sysmis: Not administered,1: Agree a lot; 2: Agree a little; 3: Disagree a little; 4: Disagree a lot; .: Omitted or invalid; .A: Not administered,Background Questionnaire Variables,B,
ACBG13C,GEN\SCH ENVIRONMENT\SCHOOLWIDE APPROACH (2023),ScQ-13c,Ordinal,1,0,,,1: Agree a lot; 2: Agree a little; 3: Disagree a little; 4: Disagree a lot,9: Omitted or invalid; Sysmis: Not administered,.: Omitted or invalid; .A: Not administered,1: Agree a lot; 2: Agree a little; 3: Disagree a little; 4: Disagree a lot; 9: Omitted or invalid; Sysmis: Not administered,1: Agree a lot; 2: Agree a little; 3: Disagree a little; 4: Disagree a lot; .: Omitted or invalid; .A: Not administered,Background Questionnaire Variables,B,
ACBG13D,GEN\SCH ENVIRONMENT\TEACH TO APPRECIATE (2023),ScQ-13d,Ordinal,1,0,,,1: Agree a lot; 2: Agree a little; 3: Disagree a little; 4: Disagree a lot,9: Omitted or invalid; Sysmis: Not administered,.: Omitted or invalid; .A: Not administered,1: Agree a lot; 2: Agree a little; 3: Disagree a little; 4: Disagree a lot; 9: Omitted or invalid; Sysmis: Not administered,1: Agree a lot; 2: Agree a little; 3: Disagree a little; 4: Disagree a lot; .: Omitted or invalid; .A: Not administered,Background Questionnaire Variables,B,
ACBG13E,GEN\SCH ENVIRONMENT\TEACH HOW TO TAKE ACTION (2023),ScQ-13e,Ordinal,1,0,,,1: Agree a lot; 2: Agree a little; 3: Disagree a little; 4: Disagree a lot,9: Omitted or invalid; Sysmis: Not administered,.: Omitted or invalid; .A: Not administered,1: Agree a lot; 2: Agree a little; 3: Disagree a little; 4: Disagree a lot; 9: Omitted or invalid; Sysmis: Not administered,1: Agree a lot; 2: Agree a little; 3: Disagree a little; 4: Disagree a lot; .: Omitted or invalid; .A: Not administered,Background Questionnaire Variables,B,
ACBG13F,GEN\SCH ENVIRONMENT\ENCOURAGE TEACHERS (2023),ScQ-13f,Ordinal,1,0,,,1: Agree a lot; 2: Agree a little; 3: Disagree a little; 4: Disagree a lot,9: Omitted or invalid; Sysmis: Not administered,.: Omitted or invalid; .A: Not administered,1: Agree a lot; 2: Agree a little; 3: Disagree a little; 4: Disagree a lot; 9: Omitted or invalid; Sysmis: Not administered,1: Agree a lot; 2: Agree a little; 3: Disagree a little; 4: Disagree a lot; .: Omitted or invalid; .A: Not administered,Background Questionnaire Variables,B,
ACBG13G,GEN\SCH ENVIRONMENT\PROMOTES COMMUNITY (2023),ScQ-13g,Ordinal,1,0,,,1: Agree a lot; 2: Agree a little; 3: Disagree a little; 4: Disagree a lot,9: Omitted or invalid; Sysmis: Not administered,.: Omitted or invalid; .A: Not administered,1: Agree a lot; 2: Agree a little; 3: Disagree a little; 4: Disagree a lot; 9: Omitted or invalid; Sysmis: Not administered,1: Agree a lot; 2: Agree a little; 3: Disagree a little; 4: Disagree a lot; .: Omitted or invalid; .A: Not administered,Background Questionnaire Variables,B,
ACBG13H,GEN\SCH ENVIRONMENT\SCH PROMOTES PARTICIPATION (2023),ScQ-13h,Ordinal,1,0,,,1: Agree a lot; 2: Agree a little; 3: Disagree a little; 4: Disagree a lot,9: Omitted or invalid; Sysmis: Not administered,.: Omitted or invalid; .A: Not administered,1: Agree a lot; 2: Agree a little; 3: Disagree a little; 4: Disagree a lot; 9: Omitted or invalid; Sysmis: Not administered,1: Agree a lot; 2: Agree a little; 3: Disagree a little; 4: Disagree a lot; .: Omitted or invalid; .A: Not administered,Background Questionnaire Variables,B,
ACBG14A,GEN\DEGREE PROBS\ARRIVING LATE AT SCHOOL (2023),ScQ-14a,Ordinal,1,0,,,1: Not a problem; 2: Minor problem; 3: Moderate problem; 4: Serious problem,9: Omitted or invalid; Sysmis: Not administered,.: Omitted or invalid; .A: Not administered,1: Not a problem; 2: Minor problem; 3: Moderate problem; 4: Serious problem; 9: Omitted or invalid; Sysmis: Not administered,1: Not a problem; 2: Minor problem; 3: Moderate problem; 4: Serious problem; .: Omitted or invalid; .A: Not administered,Background Questionnaire Variables,B,
ACBG14B,GEN\DEGREE PROBS\ABSENTEEISM (2023),ScQ-14b,Ordinal,1,0,,,1: Not a problem; 2: Minor problem; 3: Moderate problem; 4: Serious problem,9: Omitted or invalid; Sysmis: Not administered,.: Omitted or invalid; .A: Not administered,1: Not a problem; 2: Minor problem; 3: Moderate problem; 4: Serious problem; 9: Omitted or invalid; Sysmis: Not administered,1: Not a problem; 2: Minor problem; 3: Moderate problem; 4: Serious problem; .: Omitted or invalid; .A: Not administered,Background Questionnaire Variables,B,
ACBG14C,GEN\DEGREE PROBS\CLASSROOM DISTURBANCE (2023),ScQ-14c,Ordinal,1,0,,,1: Not a problem; 2: Minor problem; 3: Moderate problem; 4: Serious problem,9: Omitted or invalid; Sysmis: Not administered,.: Omitted or invalid; .A: Not administered,1: Not a problem; 2: Minor problem; 3: Moderate problem; 4: Serious problem; 9: Omitted or invalid; Sysmis: Not administered,1: Not a problem; 2: Minor problem; 3: Moderate problem; 4: Serious problem; .: Omitted or invalid; .A: Not administered,Background Questionnaire Variables,B,
ACBG14D,GEN\DEGREE PROBS\CHEATING (2023),ScQ-14d,Ordinal,1,0,,,1: Not a problem; 2: Minor problem; 3: Moderate problem; 4: Serious problem,9: Omitted or invalid; Sysmis: Not administered,.: Omitted or invalid; .A: Not administered,1: Not a problem; 2: Minor problem; 3: Moderate problem; 4: Serious problem; 9: Omitted or invalid; Sysmis: Not administered,1: Not a problem; 2: Minor problem; 3: Moderate problem; 4: Serious problem; .: Omitted or invalid; .A: Not administered,Background Questionnaire Variables,B,
ACBG14E,GEN\DEGREE PROBS\PROFANITY (2023),ScQ-14e,Ordinal,1,0,,,1: Not a problem; 2: Minor problem; 3: Moderate problem; 4: Serious problem,9: Omitted or invalid; Sysmis: Not administered,.: Omitted or invalid; .A: Not administered,1: Not a problem; 2: Minor problem; 3: Moderate problem; 4: Serious problem; 9: Omitted or invalid; Sysmis: Not administered,1: Not a problem; 2: Minor problem; 3: Moderate problem; 4: Serious problem; .: Omitted or invalid; .A: Not administered,Background Questionnaire Variables,B,
ACBG14F,GEN\DEGREE PROBS\VANDALISM (2023),ScQ-14f,Ordinal,1,0,,,1: Not a problem; 2: Minor problem; 3: Moderate problem; 4: Serious problem,9: Omitted or invalid; Sysmis: Not administered,.: Omitted or invalid; .A: Not administered,1: Not a problem; 2: Minor problem; 3: Moderate problem; 4: Serious problem; 9: Omitted or invalid; Sysmis: Not administered,1: Not a problem; 2: Minor problem; 3: Moderate problem; 4: Serious problem; .: Omitted or invalid; .A: Not administered,Background Questionnaire Variables,B,
ACBG14G,GEN\DEGREE PROBS\THEFT (2023),ScQ-14g,Ordinal,1,0,,,1: Not a problem; 2: Minor problem; 3: Moderate problem; 4: Serious problem,9: Omitted or invalid; Sysmis: Not administered,.: Omitted or invalid; .A: Not administered,1: Not a problem; 2: Minor problem; 3: Moderate problem; 4: Serious problem; 9: Omitted or invalid; Sysmis: Not administered,1: Not a problem; 2: Minor problem; 3: Moderate problem; 4: Serious problem; .: Omitted or invalid; .A: Not administered,Background Questionnaire Variables,B,
ACBG14H,GEN\DEGREE PROBS\INTIMIDATION AMONG STUD (2023),ScQ-14h,Ordinal,1,0,,,1: Not a problem; 2: Minor problem; 3: Moderate problem; 4: Serious problem,9: Omitted or invalid; Sysmis: Not administered,.: Omitted or invalid; .A: Not administered,1: Not a problem; 2: Minor problem; 3: Moderate problem; 4: Serious problem; 9: Omitted or invalid; Sysmis: Not administered,1: Not a problem; 2: Minor problem; 3: Moderate problem; 4: Serious problem; .: Omitted or invalid; .A: Not administered,Background Questionnaire Variables,B,
ACBG14I,GEN\DEGREE PROBS\PHYSICAL FIGHT (2023),ScQ-14i,Ordinal,1,0,,,1: Not a problem; 2: Minor problem; 3: Moderate problem; 4: Serious problem,9: Omitted or invalid; Sysmis: Not administered,.: Omitted or invalid; .A: Not administered,1: Not a problem; 2: Minor problem; 3: Moderate problem; 4: Serious problem; 9: Omitted or invalid; Sysmis: Not administered,1: Not a problem; 2: Minor problem; 3: Moderate problem; 4: Serious problem; .: Omitted or invalid; .A: Not administered,Background Questionnaire Variables,B,
ACBG14J,GEN\DEGREE PROBS\INTIMIDATION OF TEACHER (2023),ScQ-14j,Ordinal,1,0,,,1: Not a problem; 2: Minor problem; 3: Moderate problem; 4: Serious problem,9: Omitted or invalid; Sysmis: Not administered,.: Omitted or invalid; .A: Not administered,1: Not a problem; 2: Minor problem; 3: Moderate problem; 4: Serious problem; 9: Omitted or invalid; Sysmis: Not administered,1: Not a problem; 2: Minor problem; 3: Moderate problem; 4: Serious problem; .: Omitted or invalid; .A: Not administered,Background Questionnaire Variables,B,
ACBG15A,GEN\DEGREE PROBS TEACH\ARRIVING LATE AT SCHOOL (2023),ScQ-15a,Ordinal,1,0,,,1: Not a problem; 2: Minor problem; 3: Moderate problem; 4: Serious problem,9: Omitted or invalid; Sysmis: Not administered,.: Omitted or invalid; .A: Not administered,1: Not a problem; 2: Minor problem; 3: Moderate problem; 4: Serious problem; 9: Omitted or invalid; Sysmis: Not administered,1: Not a problem; 2: Minor problem; 3: Moderate problem; 4: Serious problem; .: Omitted or invalid; .A: Not administered,Background Questionnaire Variables,B,
ACBG15B,GEN\DEGREE PROBS TEACH\ABSENTEEISM (2023),ScQ-15b,Ordinal,1,0,,,1: Not a problem; 2: Minor problem; 3: Moderate problem; 4: Serious problem,9: Omitted or invalid; Sysmis: Not administered,.: Omitted or invalid; .A: Not administered,1: Not a problem; 2: Minor problem; 3: Moderate problem; 4: Serious problem; 9: Omitted or invalid; Sysmis: Not administered,1: Not a problem; 2: Minor problem; 3: Moderate problem; 4: Serious problem; .: Omitted or invalid; .A: Not administered,Background Questionnaire Variables,B,
ACBG16A,GEN\PRIMARY SCHOOL\RECOGNIZE LETTERS (2023),ScQ-16a,Ordinal,1,0,,,1: Less than 25%; 2: 25–50%; 3: 51–75%; 4: More than 75%,9: Omitted or invalid; Sysmis: Not administered,.: Omitted or invalid; .A: Not administered,1: Less than 25%; 2: 25–50%; 3: 51–75%; 4: More than 75%; 9: Omitted or invalid; Sysmis: Not administered,1: Less than 25%; 2: 25–50%; 3: 51–75%; 4: More than 75%; .: Omitted or invalid; .A: Not administered,Background Questionnaire Variables,B,
ACBG16B,GEN\PRIMARY SCHOOL\READ WORDS (2023),ScQ-16b,Ordinal,1,0,,,1: Less than 25%; 2: 25–50%; 3: 51–75%; 4: More than 75%,9: Omitted or invalid; Sysmis: Not administered,.: Omitted or invalid; .A: Not administered,1: Less than 25%; 2: 25–50%; 3: 51–75%; 4: More than 75%; 9: Omitted or invalid; Sysmis: Not administered,1: Less than 25%; 2: 25–50%; 3: 51–75%; 4: More than 75%; .: Omitted or invalid; .A: Not administered,Background Questionnaire Variables,B,
ACBG16C,GEN\PRIMARY SCHOOL\READ SENTENCES (2023),ScQ-16c,Ordinal,1,0,,,1: Less than 25%; 2: 25–50%; 3: 51–75%; 4: More than 75%,9: Omitted or invalid; Sysmis: Not administered,.: Omitted or invalid; .A: Not administered,1: Less than 25%; 2: 25–50%; 3: 51–75%; 4: More than 75%; 9: Omitted or invalid; Sysmis: Not administered,1: Less than 25%; 2: 25–50%; 3: 51–75%; 4: More than 75%; .: Omitted or invalid; .A: Not administered,Background Questionnaire Variables,B,
ACBG16D,GEN\PRIMARY SCHOOL\WRITE LETTERS (2023),ScQ-16d,Ordinal,1,0,,,1: Less than 25%; 2: 25–50%; 3: 51–75%; 4: More than 75%,9: Omitted or invalid; Sysmis: Not administered,.: Omitted or invalid; .A: Not administered,1: Less than 25%; 2: 25–50%; 3: 51–75%; 4: More than 75%; 9: Omitted or invalid; Sysmis: Not administered,1: Less than 25%; 2: 25–50%; 3: 51–75%; 4: More than 75%; .: Omitted or invalid; .A: Not administered,Background Questionnaire Variables,B,
ACBG16E,GEN\PRIMARY SCHOOL\WRITE NAMES (2023),ScQ-16e,Ordinal,1,0,,,1: Less than 25%; 2: 25–50%; 3: 51–75%; 4: More than 75%,9: Omitted or invalid; Sysmis: Not administered,.: Omitted or invalid; .A: Not administered,1: Less than 25%; 2: 25–50%; 3: 51–75%; 4: More than 75%; 9: Omitted or invalid; Sysmis: Not administered,1: Less than 25%; 2: 25–50%; 3: 51–75%; 4: More than 75%; .: Omitted or invalid; .A: Not administered,Background Questionnaire Variables,B,
ACBG16F,GEN\PRIMARY SCHOOL\WRITE WORDS (2023),ScQ-16f,Ordinal,1,0,,,1: Less than 25%; 2: 25–50%; 3: 51–75%; 4: More than 75%,9: Omitted or invalid; Sysmis: Not administered,.: Omitted or invalid; .A: Not administered,1: Less than 25%; 2: 25–50%; 3: 51–75%; 4: More than 75%; 9: Omitted or invalid; Sysmis: Not administered,1: Less than 25%; 2: 25–50%; 3: 51–75%; 4: More than 75%; .: Omitted or invalid; .A: Not administered,Background Questionnaire Variables,B,
ACBG16G,GEN\PRIMARY SCHOOL\COUNT UP TO 100 (2023),ScQ-16g,Ordinal,1,0,,,1: Less than 25%; 2: 25–50%; 3: 51–75%; 4: More than 75%,9: Omitted or invalid; Sysmis: Not administered,.: Omitted or invalid; .A: Not administered,1: Less than 25%; 2: 25–50%; 3: 51–75%; 4: More than 75%; 9: Omitted or invalid; Sysmis: Not administered,1: Less than 25%; 2: 25–50%; 3: 51–75%; 4: More than 75%; .: Omitted or invalid; .A: Not administered,Background Questionnaire Variables,B,
ACBG16H,GEN\PRIMARY SCHOOL\RECOGNIZE NUMBERS FROM (2023),ScQ-16h,Ordinal,1,0,,,1: Less than 25%; 2: 25–50%; 3: 51–75%; 4: More than 75%,9: Omitted or invalid; Sysmis: Not administered,.: Omitted or invalid; .A: Not administered,1: Less than 25%; 2: 25–50%; 3: 51–75%; 4: More than 75%; 9: Omitted or invalid; Sysmis: Not administered,1: Less than 25%; 2: 25–50%; 3: 51–75%; 4: More than 75%; .: Omitted or invalid; .A: Not administered,Background Questionnaire Variables,B,
ACBG16I,GEN\PRIMARY SCHOOL\NUMBERS HIGHER THAN (2023),ScQ-16i,Ordinal,1,0,,,1: Less than 25%; 2: 25–50%; 3: 51–75%; 4: More than 75%,9: Omitted or invalid; Sysmis: Not administered,.: Omitted or invalid; .A: Not administered,1: Less than 25%; 2: 25–50%; 3: 51–75%; 4: More than 75%; 9: Omitted or invalid; Sysmis: Not administered,1: Less than 25%; 2: 25–50%; 3: 51–75%; 4: More than 75%; .: Omitted or invalid; .A: Not administered,Background Questionnaire Variables,B,
ACBG16J,GEN\PRIMARY SCHOOL\WRITE NUMBERS (2023),ScQ-16j,Ordinal,1,0,,,1: Less than 25%; 2: 25–50%; 3: 51–75%; 4: More than 75%,9: Omitted or invalid; Sysmis: Not administered,.: Omitted or invalid; .A: Not administered,1: Less than 25%; 2: 25–50%; 3: 51–75%; 4: More than 75%; 9: Omitted or invalid; Sysmis: Not administered,1: Less than 25%; 2: 25–50%; 3: 51–75%; 4: More than 75%; .: Omitted or invalid; .A: Not administered,Background Questionnaire Variables,B,
ACBG16K,GEN\PRIMARY SCHOOL\DO SIMPLE ADDITION (2023),ScQ-16k,Ordinal,1,0,,,1: Less than 25%; 2: 25–50%; 3: 51–75%; 4: More than 75%,9: Omitted or invalid; Sysmis: Not administered,.: Omitted or invalid; .A: Not administered,1: Less than 25%; 2: 25–50%; 3: 51–75%; 4: More than 75%; 9: Omitted or invalid; Sysmis: Not administered,1: Less than 25%; 2: 25–50%; 3: 51–75%; 4: More than 75%; .: Omitted or invalid; .A: Not administered,Background Questionnaire Variables,B,
ACBG16L,GEN\PRIMARY SCHOOL\DO SIMPLE SUBTRACTION (2023),ScQ-16l,Ordinal,1,0,,,1: Less than 25%; 2: 25–50%; 3: 51–75%; 4: More than 75%,9: Omitted or invalid; Sysmis: Not administered,.: Omitted or invalid; .A: Not administered,1: Less than 25%; 2: 25–50%; 3: 51–75%; 4: More than 75%; 9: Omitted or invalid; Sysmis: Not administered,1: Less than 25%; 2: 25–50%; 3: 51–75%; 4: More than 75%; .: Omitted or invalid; .A: Not administered,Background Questionnaire Variables,B,
ACBG17,GEN\YEARS PRINCIPAL ALTOGETHER (2023),ScQ-17,Ratio,2,0,0,60,,99: Omitted or invalid; Sysmis: Not administered,.: Omitted or invalid; .A: Not administered,99: Omitted or invalid; Sysmis: Not administered,.: Omitted or invalid; .A: Not administered,Background Questionnaire Variables,B,
ACBG18,GEN\YEARS PRINCIPAL AT THIS SCHOOL (2023),ScQ-18,Ratio,2,0,0,60,,99: Omitted or invalid; Sysmis: Not administered,.: Omitted or invalid; .A: Not administered,99: Omitted or invalid; Sysmis: Not administered,.: Omitted or invalid; .A: Not administered,Background Questionnaire Variables,B,
ACBG19,GEN\HIGHEST LEVEL OF FORMAL EDUCATION (2023),ScQ-19,Ordinal,1,0,,,1: Did not complete <Bachelor’s or equivalent level—ISCED Level 6>; 2: <Bachelor’s or equivalent level—ISCED Level 6>; 3: <Master’s or equivalent level—ISCED Level 7>; 4: <Doctor or equivalent level—ISCED Level 8>,9: Omitted or invalid; Sysmis: Not administered,.: Omitted or invalid; .A: Not administered,1: Did not complete <Bachelor’s or equivalent level—ISCED Level 6>; 2: <Bachelor’s or equivalent level—ISCED Level 6>; 3: <Master’s or equivalent level—ISCED Level 7>; 4: <Doctor or equivalent level—ISCED Level 8>; 9: Omitted or invalid; Sysmis: Not administered,1: Did not complete <Bachelor’s or equivalent level—ISCED Level 6>; 2: <Bachelor’s or equivalent level—ISCED Level 6>; 3: <Master’s or equivalent level—ISCED Level 7>; 4: <Doctor or equivalent level—ISCED Level 8>; .: Omitted or invalid; .A: Not administered,Background Questionnaire Variables,B,
ACBG20A,GEN\QUALIFICATIONS IN EDUCATIONAL LEADERSHIP\<CERTIFICATE OR LICENSE> (2023),ScQ-20a,Nominal,1,0,,,1: Yes; 2: No,9: Omitted or invalid; Sysmis: Not administered,.: Omitted or invalid; .A: Not administered,1: Yes; 2: No; 9: Omitted or invalid; Sysmis: Not administered,1: Yes; 2: No; .: Omitted or invalid; .A: Not administered,Background Questionnaire Variables,B,
ACBG20B,GEN\QUALIFICATIONS IN EDUCATIONAL LEADERSHIP\ISCED 7 (2023),ScQ-20b,Nominal,1,0,,,1: Yes; 2: No,9: Omitted or invalid; Sysmis: Not administered,.: Omitted or invalid; .A: Not administered,1: Yes; 2: No; 9: Omitted or invalid; Sysmis: Not administered,1: Yes; 2: No; .: Omitted or invalid; .A: Not administered,Background Questionnaire Variables,B,
ACBG20C,GEN\QUALIFICATIONS IN EDUCATIONAL LEADERSHIP\ISCED 8 (2023),ScQ-20c,Nominal,1,0,,,1: Yes; 2: No,9: Omitted or invalid; Sysmis: Not administered,.: Omitted or invalid; .A: Not administered,1: Yes; 2: No; 9: Omitted or invalid; Sysmis: Not administered,1: Yes; 2: No; .: Omitted or invalid; .A: Not administered,Background Questionnaire Variables,B,
ACBG21A,GEN\COVID\<2019-2020> SCHOOL YEAR NUMBER OF MONTHS CLOSED (2023),ScQ-21a,Ordinal,1,0,,,1: The school did not fully close; 2: Less than 1 month; 3: 1 to 3 months; 4: 4 to 6 months; 5: More than 6 months,9: Omitted or invalid; Sysmis: Not administered,.: Omitted or invalid; .A: Not administered,1: The school did not fully close; 2: Less than 1 month; 3: 1 to 3 months; 4: 4 to 6 months; 5: More than 6 months; 9: Omitted or invalid; Sysmis: Not administered,1: The school did not fully close; 2: Less than 1 month; 3: 1 to 3 months; 4: 4 to 6 months; 5: More than 6 months; .: Omitted or invalid; .A: Not administered,Background Questionnaire Variables,B,
ACBG21B,GEN\COVID\<2020-2021> SCHOOL YEAR NUMBER OF MONTHS CLOSED (2023),ScQ-21b,Ordinal,1,0,,,1: The school did not fully close; 2: Less than 1 month; 3: 1 to 3 months; 4: 4 to 6 months; 5: More than 6 months,9: Omitted or invalid; Sysmis: Not administered,.: Omitted or invalid; .A: Not administered,1: The school did not fully close; 2: Less than 1 month; 3: 1 to 3 months; 4: 4 to 6 months; 5: More than 6 months; 9: Omitted or invalid; Sysmis: Not administered,1: The school did not fully close; 2: Less than 1 month; 3: 1 to 3 months; 4: 4 to 6 months; 5: More than 6 months; .: Omitted or invalid; .A: Not administered,Background Questionnaire Variables,B,
ACBG21C,GEN\COVID\<2021-2022> SCHOOL YEAR NUMBER OF MONTHS CLOSED (2023),ScQ-21c,Ordinal,1,0,,,1: The school did not fully close; 2: Less than 1 month; 3: 1 to 3 months; 4: 4 to 6 months; 5: More than 6 months,9: Omitted or invalid; Sysmis: Not administered,.: Omitted or invalid; .A: Not administered,1: The school did not fully close; 2: Less than 1 month; 3: 1 to 3 months; 4: 4 to 6 months; 5: More than 6 months; 9: Omitted or invalid; Sysmis: Not administered,1: The school did not fully close; 2: Less than 1 month; 3: 1 to 3 months; 4: 4 to 6 months; 5: More than 6 months; .: Omitted or invalid; .A: Not administered,Background Questionnaire Variables,B,
ACBG21D,GEN\COVID\<2022-2023> SCHOOL YEAR NUMBER OF MONTHS CLOSED (2023),ScQ-21d,Ordinal,1,0,,,1: The school did not fully close; 2: Less than 1 month; 3: 1 to 3 months; 4: 4 to 6 months; 5: More than 6 months,9: Omitted or invalid; Sysmis: Not administered,.: Omitted or invalid; .A: Not administered,1: The school did not fully close; 2: Less than 1 month; 3: 1 to 3 months; 4: 4 to 6 months; 5: More than 6 months; 9: Omitted or invalid; Sysmis: Not administered,1: The school did not fully close; 2: Less than 1 month; 3: 1 to 3 months; 4: 4 to 6 months; 5: More than 6 months; .: Omitted or invalid; .A: Not administered,Background Questionnaire Variables,B,
ACBLG02A,GEN\STUDENTS BACKGROUND\ECONOMIC DISADVA (2024),ScQ-02a,Ordinal,1,0,,,1: 0 to 10%; 2: 11 to 25%; 3: 26 to 50%; 4: More than 50%,9: Omitted or invalid; Sysmis: Not administered,.: Omitted or invalid; .A: Not administered,1: 0 to 10%; 2: 11 to 25%; 3: 26 to 50%; 4: More than 50%; 9: Omitted or invalid; Sysmis: Not administered,1: 0 to 10%; 2: 11 to 25%; 3: 26 to 50%; 4: More than 50%; .: Omitted or invalid; .A: Not administered,Background Questionnaire Variables,B,
ACBLG02B,GEN\STUDENTS BACKGROUND\ECONOMIC AFFLUEN (2024),ScQ-02b,Ordinal,1,0,,,1: 0 to 10%; 2: 11 to 25%; 3: 26 to 50%; 4: More than 50%,9: Omitted or invalid; Sysmis: Not administered,.: Omitted or invalid; .A: Not administered,1: 0 to 10%; 2: 11 to 25%; 3: 26 to 50%; 4: More than 50%; 9: Omitted or invalid; Sysmis: Not administered,1: 0 to 10%; 2: 11 to 25%; 3: 26 to 50%; 4: More than 50%; .: Omitted or invalid; .A: Not administered,Background Questionnaire Variables,B,
ACBLG03,GEN\PERCENT OF STUDENTS <LANG OF TEST> (2024),ScQ-03,Ordinal,1,0,,,1: More than 90%; 2: 76 to 90%; 3: 51 to 75%; 4: 26 to 50%; 5: 25% or less,9: Omitted or invalid; Sysmis: Not administered,.: Omitted or invalid; .A: Not administered,1: More than 90%; 2: 76 to 90%; 3: 51 to 75%; 4: 26 to 50%; 5: 25% or less; 9: Omitted or invalid; Sysmis: Not administered,1: More than 90%; 2: 76 to 90%; 3: 51 to 75%; 4: 26 to 50%; 5: 25% or less; .: Omitted or invalid; .A: Not administered,Background Questionnaire Variables,B,
ACBLG04A,GEN\INSTRUCTIONAL DAYS PER YEAR (2024),ScQ-04A,Ratio,3,0,140,365,,999: Omitted or invalid; Sysmis: Not administered,.: Omitted or invalid; .A: Not administered,999: Omitted or invalid; Sysmis: Not administered,.: Omitted or invalid; .A: Not administered,Background Questionnaire Variables,B,
ACBLG04B,GEN\TOTAL INSTRUCTIONAL TIME (2024),ScQ-04B,Ratio,3,0,120,800,,999: Omitted or invalid; Sysmis: Not administered,.: Omitted or invalid; .A: Not administered,999: Omitted or invalid; Sysmis: Not administered,.: Omitted or invalid; .A: Not administered,Background Questionnaire Variables,B,
ACBLG04C,GEN\INSTRUCTIONAL DAYS IN 1 CALENDER WEEK (2024),ScQ-04C,Ordinal,1,0,,,1: 6 days; 2: 5 1/2 days; 3: 5 days; 4: 4 1/2 days; 5: 4 days; 6: Other,9: Omitted or invalid; Sysmis: Not administered,.: Omitted or invalid; .A: Not administered,1: 6 days; 2: 5 1/2 days; 3: 5 days; 4: 4 1/2 days; 5: 4 days; 6: Other; 9: Omitted or invalid; Sysmis: Not administered,1: 6 days; 2: 5 1/2 days; 3: 5 days; 4: 4 1/2 days; 5: 4 days; 6: Other; .: Omitted or invalid; .A: Not administered,Background Questionnaire Variables,B,
ACBLG05,GEN\TOTAL NUMBER COMPUTERS (2024),ScQ-05,Ratio,4,0,0,2000,,9999: Omitted or invalid; Sysmis: Not administered,.: Omitted or invalid; .A: Not administered,9999: Omitted or invalid; Sysmis: Not administered,.: Omitted or invalid; .A: Not administered,Background Questionnaire Variables,B,
ACBLG06A,GEN\ACCESS TO COMPUTERS\LAB CLASSTIME (2024),ScQ-06a,Nominal,1,0,,,1: Yes; 2: No,9: Omitted or invalid; Sysmis: Not administered,.: Omitted or invalid; .A: Not administered,1: Yes; 2: No; 9: Omitted or invalid; Sysmis: Not administered,1: Yes; 2: No; .: Omitted or invalid; .A: Not administered,Background Questionnaire Variables,B,
ACBLG06B,GEN\ACCESS TO COMPUTERS\LAB OUTSIDE CLASS (2024),ScQ-06b,Nominal,1,0,,,1: Yes; 2: No,9: Omitted or invalid; Sysmis: Not administered,.: Omitted or invalid; .A: Not administered,1: Yes; 2: No; 9: Omitted or invalid; Sysmis: Not administered,1: Yes; 2: No; .: Omitted or invalid; .A: Not administered,Background Questionnaire Variables,B,
ACBLG06C,GEN\ACCESS TO COMPUTERS\LAPTOPS DURING CLASS (2024),ScQ-06c,Nominal,1,0,,,1: Yes; 2: No,9: Omitted or invalid; Sysmis: Not administered,.: Omitted or invalid; .A: Not administered,1: Yes; 2: No; 9: Omitted or invalid; Sysmis: Not administered,1: Yes; 2: No; .: Omitted or invalid; .A: Not administered,Background Questionnaire Variables,B,
ACBLG06D,GEN\ACCESS TO COMPUTERS\LAPTOPS AT HOME (2024),ScQ-06d,Nominal,1,0,,,1: Yes; 2: No,9: Omitted or invalid; Sysmis: Not administered,.: Omitted or invalid; .A: Not administered,1: Yes; 2: No; 9: Omitted or invalid; Sysmis: Not administered,1: Yes; 2: No; .: Omitted or invalid; .A: Not administered,Background Questionnaire Variables,B,
ACBLG07,GEN\EXISTING SCIENCE LABORATORY (2024),ScQ-07,Nominal,1,0,,,1: Yes; 2: No,9: Omitted or invalid; Sysmis: Not administered,.: Omitted or invalid; .A: Not administered,1: Yes; 2: No; 9: Omitted or invalid; Sysmis: Not administered,1: Yes; 2: No; .: Omitted or invalid; .A: Not administered,Background Questionnaire Variables,B,
ACBLG08,GEN\ONLINE LEARNING MANAGEMENT SYSTEM (2024),ScQ-08,Nominal,1,0,,,1: Yes; 2: No,9: Omitted or invalid; Sysmis: Not administered,.: Omitted or invalid; .A: Not administered,1: Yes; 2: No; 9: Omitted or invalid; Sysmis: Not administered,1: Yes; 2: No; .: Omitted or invalid; .A: Not administered,Background Questionnaire Variables,B,
ACBLG09,GEN\HIGH SPEED INTERNET (2024),ScQ-09,Nominal,1,0,,,1: Yes; 2: No,9: Omitted or invalid; Sysmis: Not administered,.: Omitted or invalid; .A: Not administered,1: Yes; 2: No; 9: Omitted or invalid; Sysmis: Not administered,1: Yes; 2: No; .: Omitted or invalid; .A: Not administered,Background Questionnaire Variables,B,
ACBLG10AA,GEN\SHORTAGE\GEN\INSTRUCTIONAL MATERIAL (2024),ScQ-10Aa,Ordinal,1,0,,,1: Not at all; 2: A little; 3: Some; 4: A lot,9: Omitted or invalid; Sysmis: Not administered,.: Omitted or invalid; .A: Not administered,1: Not at all; 2: A little; 3: Some; 4: A lot; 9: Omitted or invalid; Sysmis: Not administered,1: Not at all; 2: A little; 3: Some; 4: A lot; .: Omitted or invalid; .A: Not administered,Background Questionnaire Variables,B,
ACBLG10AB,GEN\SHORTAGE\GEN\SUPPLIES (2024),ScQ-10Ab,Ordinal,1,0,,,1: Not at all; 2: A little; 3: Some; 4: A lot,9: Omitted or invalid; Sysmis: Not administered,.: Omitted or invalid; .A: Not administered,1: Not at all; 2: A little; 3: Some; 4: A lot; 9: Omitted or invalid; Sysmis: Not administered,1: Not at all; 2: A little; 3: Some; 4: A lot; .: Omitted or invalid; .A: Not administered,Background Questionnaire Variables,B,
ACBLG10AC,GEN\SHORTAGE\GEN\SCHOOL BUILDINGS (2024),ScQ-10Ac,Ordinal,1,0,,,1: Not at all; 2: A little; 3: Some; 4: A lot,9: Omitted or invalid; Sysmis: Not administered,.: Omitted or invalid; .A: Not administered,1: Not at all; 2: A little; 3: Some; 4: A lot; 9: Omitted or invalid; Sysmis: Not administered,1: Not at all; 2: A little; 3: Some; 4: A lot; .: Omitted or invalid; .A: Not administered,Background Questionnaire Variables,B,
ACBLG10AD,GEN\SHORTAGE\GEN\HEATING SYSTEMS (2024),ScQ-10Ad,Ordinal,1,0,,,1: Not at all; 2: A little; 3: Some; 4: A lot,9: Omitted or invalid; Sysmis: Not administered,.: Omitted or invalid; .A: Not administered,1: Not at all; 2: A little; 3: Some; 4: A lot; 9: Omitted or invalid; Sysmis: Not administered,1: Not at all; 2: A little; 3: Some; 4: A lot; .: Omitted or invalid; .A: Not administered,Background Questionnaire Variables,B,
ACBLG10AE,GEN\SHORTAGE\GEN\INSTRUCTIONAL SPACE (2024),ScQ-10Ae,Ordinal,1,0,,,1: Not at all; 2: A little; 3: Some; 4: A lot,9: Omitted or invalid; Sysmis: Not administered,.: Omitted or invalid; .A: Not administered,1: Not at all; 2: A little; 3: Some; 4: A lot; 9: Omitted or invalid; Sysmis: Not administered,1: Not at all; 2: A little; 3: Some; 4: A lot; .: Omitted or invalid; .A: Not administered,Background Questionnaire Variables,B,
ACBLG10AF,GEN\SHORTAGE\GEN\TECHNOLOGICAL STAFF (2024),ScQ-10Af,Ordinal,1,0,,,1: Not at all; 2: A little; 3: Some; 4: A lot,9: Omitted or invalid; Sysmis: Not administered,.: Omitted or invalid; .A: Not administered,1: Not at all; 2: A little; 3: Some; 4: A lot; 9: Omitted or invalid; Sysmis: Not administered,1: Not at all; 2: A little; 3: Some; 4: A lot; .: Omitted or invalid; .A: Not administered,Background Questionnaire Variables,B,
ACBLG10AG,GEN\SHORTAGE\GEN\AUDIO VISUAL RESOURCES (2024),ScQ-10Ag,Ordinal,1,0,,,1: Not at all; 2: A little; 3: Some; 4: A lot,9: Omitted or invalid; Sysmis: Not administered,.: Omitted or invalid; .A: Not administered,1: Not at all; 2: A little; 3: Some; 4: A lot; 9: Omitted or invalid; Sysmis: Not administered,1: Not at all; 2: A little; 3: Some; 4: A lot; .: Omitted or invalid; .A: Not administered,Background Questionnaire Variables,B,
ACBLG10AH,GEN\SHORTAGE\GEN\DIGITAL DEVICES (2024),ScQ-10Ah,Ordinal,1,0,,,1: Not at all; 2: A little; 3: Some; 4: A lot,9: Omitted or invalid; Sysmis: Not administered,.: Omitted or invalid; .A: Not administered,1: Not at all; 2: A little; 3: Some; 4: A lot; 9: Omitted or invalid; Sysmis: Not administered,1: Not at all; 2: A little; 3: Some; 4: A lot; .: Omitted or invalid; .A: Not administered,Background Questionnaire Variables,B,
ACBLG10AI,GEN\SHORTAGE\GEN\RESOURCES STD WITH DISAB (2024),ScQ-10Ai,Ordinal,1,0,,,1: Not at all; 2: A little; 3: Some; 4: A lot,9: Omitted or invalid; Sysmis: Not administered,.: Omitted or invalid; .A: Not administered,1: Not at all; 2: A little; 3: Some; 4: A lot; 9: Omitted or invalid; Sysmis: Not administered,1: Not at all; 2: A little; 3: Some; 4: A lot; .: Omitted or invalid; .A: Not administered,Background Questionnaire Variables,B,
ACBLG10BA,GEN\SHORTAGE\MAT\TEACH SPEC MATH (2024),ScQ-10Ba,Ordinal,1,0,,,1: Not at all; 2: A little; 3: Some; 4: A lot,9: Omitted or invalid; Sysmis: Not administered,.: Omitted or invalid; .A: Not administered,1: Not at all; 2: A little; 3: Some; 4: A lot; 9: Omitted or invalid; Sysmis: Not administered,1: Not at all; 2: A little; 3: Some; 4: A lot; .: Omitted or invalid; .A: Not administered,Background Questionnaire Variables,B,
ACBLG10BB,GEN\SHORTAGE\MAT\COMPUTER SOFTWARE (2024),ScQ-10Bb,Ordinal,1,0,,,1: Not at all; 2: A little; 3: Some; 4: A lot,9: Omitted or invalid; Sysmis: Not administered,.: Omitted or invalid; .A: Not administered,1: Not at all; 2: A little; 3: Some; 4: A lot; 9: Omitted or invalid; Sysmis: Not administered,1: Not at all; 2: A little; 3: Some; 4: A lot; .: Omitted or invalid; .A: Not administered,Background Questionnaire Variables,B,
ACBLG10BC,GEN\SHORTAGE\MAT\LIBRARY RESOURCES (2024),ScQ-10Bc,Ordinal,1,0,,,1: Not at all; 2: A little; 3: Some; 4: A lot,9: Omitted or invalid; Sysmis: Not administered,.: Omitted or invalid; .A: Not administered,1: Not at all; 2: A little; 3: Some; 4: A lot; 9: Omitted or invalid; Sysmis: Not administered,1: Not at all; 2: A little; 3: Some; 4: A lot; .: Omitted or invalid; .A: Not administered,Background Questionnaire Variables,B,
ACBLG10BD,GEN\SHORTAGE\MAT\CALCULATORS (2024),ScQ-10Bd,Ordinal,1,0,,,1: Not at all; 2: A little; 3: Some; 4: A lot,9: Omitted or invalid; Sysmis: Not administered,.: Omitted or invalid; .A: Not administered,1: Not at all; 2: A little; 3: Some; 4: A lot; 9: Omitted or invalid; Sysmis: Not administered,1: Not at all; 2: A little; 3: Some; 4: A lot; .: Omitted or invalid; .A: Not administered,Background Questionnaire Variables,B,
ACBLG10BE,GEN\SHORTAGE\MAT\CONCRETE OBJECTS (2024),ScQ-10Be,Ordinal,1,0,,,1: Not at all; 2: A little; 3: Some; 4: A lot,9: Omitted or invalid; Sysmis: Not administered,.: Omitted or invalid; .A: Not administered,1: Not at all; 2: A little; 3: Some; 4: A lot; 9: Omitted or invalid; Sysmis: Not administered,1: Not at all; 2: A little; 3: Some; 4: A lot; .: Omitted or invalid; .A: Not administered,Background Questionnaire Variables,B,
ACBLG10CA,GEN\SHORTAGE\SCI\TEACH SPEC SCIENCE (2024),ScQ-10Ca,Ordinal,1,0,,,1: Not at all; 2: A little; 3: Some; 4: A lot,9: Omitted or invalid; Sysmis: Not administered,.: Omitted or invalid; .A: Not administered,1: Not at all; 2: A little; 3: Some; 4: A lot; 9: Omitted or invalid; Sysmis: Not administered,1: Not at all; 2: A little; 3: Some; 4: A lot; .: Omitted or invalid; .A: Not administered,Background Questionnaire Variables,B,
ACBLG10CB,GEN\SHORTAGE\SCI\COMPUTER SOFTWARE (2024),ScQ-10Cb,Ordinal,1,0,,,1: Not at all; 2: A little; 3: Some; 4: A lot,9: Omitted or invalid; Sysmis: Not administered,.: Omitted or invalid; .A: Not administered,1: Not at all; 2: A little; 3: Some; 4: A lot; 9: Omitted or invalid; Sysmis: Not administered,1: Not at all; 2: A little; 3: Some; 4: A lot; .: Omitted or invalid; .A: Not administered,Background Questionnaire Variables,B,
ACBLG10CC,GEN\SHORTAGE\SCI\LIBRARY RESOURCES (2024),ScQ-10Cc,Ordinal,1,0,,,1: Not at all; 2: A little; 3: Some; 4: A lot,9: Omitted or invalid; Sysmis: Not administered,.: Omitted or invalid; .A: Not administered,1: Not at all; 2: A little; 3: Some; 4: A lot; 9: Omitted or invalid; Sysmis: Not administered,1: Not at all; 2: A little; 3: Some; 4: A lot; .: Omitted or invalid; .A: Not administered,Background Questionnaire Variables,B,
ACBLG10CD,GEN\SHORTAGE\SCI\SCIENCE EQUIPMENT (2024),ScQ-10Cd,Ordinal,1,0,,,1: Not at all; 2: A little; 3: Some; 4: A lot,9: Omitted or invalid; Sysmis: Not administered,.: Omitted or invalid; .A: Not administered,1: Not at all; 2: A little; 3: Some; 4: A lot; 9: Omitted or invalid; Sysmis: Not administered,1: Not at all; 2: A little; 3: Some; 4: A lot; .: Omitted or invalid; .A: Not administered,Background Questionnaire Variables,B,
ACBLG11A,GEN\SCH CHARACTER\TCH UNDERSTANDING (2024),ScQ-11a,Ordinal,1,0,,,1: Very high; 2: High; 3: Medium; 4: Low; 5: Very low,9: Omitted or invalid; Sysmis: Not administered,.: Omitted or invalid; .A: Not administered,1: Very high; 2: High; 3: Medium; 4: Low; 5: Very low; 9: Omitted or invalid; Sysmis: Not administered,1: Very high; 2: High; 3: Medium; 4: Low; 5: Very low; .: Omitted or invalid; .A: Not administered,Background Questionnaire Variables,B,
ACBLG11B,GEN\SCH CHARACTER\TCH SUCCESS (2024),ScQ-11b,Ordinal,1,0,,,1: Very high; 2: High; 3: Medium; 4: Low; 5: Very low,9: Omitted or invalid; Sysmis: Not administered,.: Omitted or invalid; .A: Not administered,1: Very high; 2: High; 3: Medium; 4: Low; 5: Very low; 9: Omitted or invalid; Sysmis: Not administered,1: Very high; 2: High; 3: Medium; 4: Low; 5: Very low; .: Omitted or invalid; .A: Not administered,Background Questionnaire Variables,B,
ACBLG11C,GEN\SCH CHARACTER\TCH EXPECTATIONS (2024),ScQ-11c,Ordinal,1,0,,,1: Very high; 2: High; 3: Medium; 4: Low; 5: Very low,9: Omitted or invalid; Sysmis: Not administered,.: Omitted or invalid; .A: Not administered,1: Very high; 2: High; 3: Medium; 4: Low; 5: Very low; 9: Omitted or invalid; Sysmis: Not administered,1: Very high; 2: High; 3: Medium; 4: Low; 5: Very low; .: Omitted or invalid; .A: Not administered,Background Questionnaire Variables,B,
ACBLG11D,GEN\SCH CHARACTER\TCH ABILITY TO INSPIRE (2024),ScQ-11d,Ordinal,1,0,,,1: Very high; 2: High; 3: Medium; 4: Low; 5: Very low,9: Omitted or invalid; Sysmis: Not administered,.: Omitted or invalid; .A: Not administered,1: Very high; 2: High; 3: Medium; 4: Low; 5: Very low; 9: Omitted or invalid; Sysmis: Not administered,1: Very high; 2: High; 3: Medium; 4: Low; 5: Very low; .: Omitted or invalid; .A: Not administered,Background Questionnaire Variables,B,
ACBLG11E,GEN\SCH CHARACTER\PARENTAL INVOLVEMENT (2024),ScQ-11e,Ordinal,1,0,,,1: Very high; 2: High; 3: Medium; 4: Low; 5: Very low,9: Omitted or invalid; Sysmis: Not administered,.: Omitted or invalid; .A: Not administered,1: Very high; 2: High; 3: Medium; 4: Low; 5: Very low; 9: Omitted or invalid; Sysmis: Not administered,1: Very high; 2: High; 3: Medium; 4: Low; 5: Very low; .: Omitted or invalid; .A: Not administered,Background Questionnaire Variables,B,
ACBLG11F,GEN\SCH CHARACTER\PARENTAL COMMITMENT (2024),ScQ-11f,Ordinal,1,0,,,1: Very high; 2: High; 3: Medium; 4: Low; 5: Very low,9: Omitted or invalid; Sysmis: Not administered,.: Omitted or invalid; .A: Not administered,1: Very high; 2: High; 3: Medium; 4: Low; 5: Very low; 9: Omitted or invalid; Sysmis: Not administered,1: Very high; 2: High; 3: Medium; 4: Low; 5: Very low; .: Omitted or invalid; .A: Not administered,Background Questionnaire Variables,B,
ACBLG11G,GEN\SCH CHARACTER\PARENTAL EXPECTATIONS (2024),ScQ-11g,Ordinal,1,0,,,1: Very high; 2: High; 3: Medium; 4: Low; 5: Very low,9: Omitted or invalid; Sysmis: Not administered,.: Omitted or invalid; .A: Not administered,1: Very high; 2: High; 3: Medium; 4: Low; 5: Very low; 9: Omitted or invalid; Sysmis: Not administered,1: Very high; 2: High; 3: Medium; 4: Low; 5: Very low; .: Omitted or invalid; .A: Not administered,Background Questionnaire Variables,B,
ACBLG11H,GEN\SCH CHARACTER\PARENTAL SUPPORT (2024),ScQ-11h,Ordinal,1,0,,,1: Very high; 2: High; 3: Medium; 4: Low; 5: Very low,9: Omitted or invalid; Sysmis: Not administered,.: Omitted or invalid; .A: Not administered,1: Very high; 2: High; 3: Medium; 4: Low; 5: Very low; 9: Omitted or invalid; Sysmis: Not administered,1: Very high; 2: High; 3: Medium; 4: Low; 5: Very low; .: Omitted or invalid; .A: Not administered,Background Questionnaire Variables,B,
ACBLG11I,GEN\SCH CHARACTER\STD DESIRE TO DO WELL (2024),ScQ-11i,Ordinal,1,0,,,1: Very high; 2: High; 3: Medium; 4: Low; 5: Very low,9: Omitted or invalid; Sysmis: Not administered,.: Omitted or invalid; .A: Not administered,1: Very high; 2: High; 3: Medium; 4: Low; 5: Very low; 9: Omitted or invalid; Sysmis: Not administered,1: Very high; 2: High; 3: Medium; 4: Low; 5: Very low; .: Omitted or invalid; .A: Not administered,Background Questionnaire Variables,B,
ACBLG11J,GEN\SCH CHARACTER\STD REACH GOALS (2024),ScQ-11j,Ordinal,1,0,,,1: Very high; 2: High; 3: Medium; 4: Low; 5: Very low,9: Omitted or invalid; Sysmis: Not administered,.: Omitted or invalid; .A: Not administered,1: Very high; 2: High; 3: Medium; 4: Low; 5: Very low; 9: Omitted or invalid; Sysmis: Not administered,1: Very high; 2: High; 3: Medium; 4: Low; 5: Very low; .: Omitted or invalid; .A: Not administered,Background Questionnaire Variables,B,
ACBLG11K,GEN\SCH CHARACTER\STD RESPECT (2024),ScQ-11k,Ordinal,1,0,,,1: Very high; 2: High; 3: Medium; 4: Low; 5: Very low,9: Omitted or invalid; Sysmis: Not administered,.: Omitted or invalid; .A: Not administered,1: Very high; 2: High; 3: Medium; 4: Low; 5: Very low; 9: Omitted or invalid; Sysmis: Not administered,1: Very high; 2: High; 3: Medium; 4: Low; 5: Very low; .: Omitted or invalid; .A: Not administered,Background Questionnaire Variables,B,
ACBLG12A,GEN\AGREEMENT\PROMOTE INTEREST (2024),ScQ-12a,Nominal,1,0,,,1: Agree a lot; 2: Agree a little; 3: Disagree a little; 4: Disagree a lot,9: Omitted or invalid; Sysmis: Not administered,.: Omitted or invalid; .A: Not administered,1: Agree a lot; 2: Agree a little; 3: Disagree a little; 4: Disagree a lot; 9: Omitted or invalid; Sysmis: Not administered,1: Agree a lot; 2: Agree a little; 3: Disagree a little; 4: Disagree a lot; .: Omitted or invalid; .A: Not administered,Background Questionnaire Variables,B,
ACBLG12B,GEN\AGREEMENT\PROVIDE SPECIAL ACTIVITIES (2024),ScQ-12b,Nominal,1,0,,,1: Agree a lot; 2: Agree a little; 3: Disagree a little; 4: Disagree a lot,9: Omitted or invalid; Sysmis: Not administered,.: Omitted or invalid; .A: Not administered,1: Agree a lot; 2: Agree a little; 3: Disagree a little; 4: Disagree a lot; 9: Omitted or invalid; Sysmis: Not administered,1: Agree a lot; 2: Agree a little; 3: Disagree a little; 4: Disagree a lot; .: Omitted or invalid; .A: Not administered,Background Questionnaire Variables,B,
ACBLG12C,GEN\AGREEMENT\EMPHASIZE IMPORTANCE (2024),ScQ-12c,Nominal,1,0,,,1: Agree a lot; 2: Agree a little; 3: Disagree a little; 4: Disagree a lot,9: Omitted or invalid; Sysmis: Not administered,.: Omitted or invalid; .A: Not administered,1: Agree a lot; 2: Agree a little; 3: Disagree a little; 4: Disagree a lot; 9: Omitted or invalid; Sysmis: Not administered,1: Agree a lot; 2: Agree a little; 3: Disagree a little; 4: Disagree a lot; .: Omitted or invalid; .A: Not administered,Background Questionnaire Variables,B,
ACBLG13A,MAT\SCH\REMEDIAL PROGRAMS (2024),ScQ-13a,Nominal,1,0,,,1: Yes; 2: No,9: Omitted or invalid; Sysmis: Not administered,.: Omitted or invalid; .A: Not administered,1: Yes; 2: No; 9: Omitted or invalid; Sysmis: Not administered,1: Yes; 2: No; .: Omitted or invalid; .A: Not administered,Background Questionnaire Variables,B,
ACBLG13B,MAT\SCH\ENRICHMENT PROGRAMS (2024),ScQ-13b,Nominal,1,0,,,1: Yes; 2: No,9: Omitted or invalid; Sysmis: Not administered,.: Omitted or invalid; .A: Not administered,1: Yes; 2: No; 9: Omitted or invalid; Sysmis: Not administered,1: Yes; 2: No; .: Omitted or invalid; .A: Not administered,Background Questionnaire Variables,B,
ACBLG13C,SCI\SCH\REMEDIAL PROGRAMS (2024),ScQ-13c,Nominal,1,0,,,1: Yes; 2: No,9: Omitted or invalid; Sysmis: Not administered,.: Omitted or invalid; .A: Not administered,1: Yes; 2: No; 9: Omitted or invalid; Sysmis: Not administered,1: Yes; 2: No; .: Omitted or invalid; .A: Not administered,Background Questionnaire Variables,B,
ACBLG13D,SCI\SCH\ENRICHMENT PROGRAMS (2024),ScQ-13d,Nominal,1,0,,,1: Yes; 2: No,9: Omitted or invalid; Sysmis: Not administered,.: Omitted or invalid; .A: Not administered,1: Yes; 2: No; 9: Omitted or invalid; Sysmis: Not administered,1: Yes; 2: No; .: Omitted or invalid; .A: Not administered,Background Questionnaire Variables,B,
ACBLG13E,MAT\SCH\ADDTL STAFF SUPPORT MATH (2024),ScQ-13e,Nominal,1,0,,,1: Yes; 2: No,9: Omitted or invalid; Sysmis: Not administered,.: Omitted or invalid; .A: Not administered,1: Yes; 2: No; 9: Omitted or invalid; Sysmis: Not administered,1: Yes; 2: No; .: Omitted or invalid; .A: Not administered,Background Questionnaire Variables,B,
ACBLG13F,SCI\SCH\ADDTL STAFF SUPPORT SCIENCE (2024),ScQ-13f,Nominal,1,0,,,1: Yes; 2: No,9: Omitted or invalid; Sysmis: Not administered,.: Omitted or invalid; .A: Not administered,1: Yes; 2: No; 9: Omitted or invalid; Sysmis: Not administered,1: Yes; 2: No; .: Omitted or invalid; .A: Not administered,Background Questionnaire Variables,B,
ACBLG14A,GEN\AGREEMENT\TCH COMM ACROSS GRADES (2024),ScQ-14a,Nominal,1,0,,,1: Agree a lot; 2: Agree a little; 3: Disagree a little; 4: Disagree a lot,9: Omitted or invalid; Sysmis: Not administered,.: Omitted or invalid; .A: Not administered,1: Agree a lot; 2: Agree a little; 3: Disagree a little; 4: Disagree a lot; 9: Omitted or invalid; Sysmis: Not administered,1: Agree a lot; 2: Agree a little; 3: Disagree a little; 4: Disagree a lot; .: Omitted or invalid; .A: Not administered,Background Questionnaire Variables,B,
ACBLG14B,GEN\AGREEMENT\TCH OPEN TO CHANGE (2024),ScQ-14b,Nominal,1,0,,,1: Agree a lot; 2: Agree a little; 3: Disagree a little; 4: Disagree a lot,9: Omitted or invalid; Sysmis: Not administered,.: Omitted or invalid; .A: Not administered,1: Agree a lot; 2: Agree a little; 3: Disagree a little; 4: Disagree a lot; 9: Omitted or invalid; Sysmis: Not administered,1: Agree a lot; 2: Agree a little; 3: Disagree a little; 4: Disagree a lot; .: Omitted or invalid; .A: Not administered,Background Questionnaire Variables,B,
ACBLG14C,GEN\AGREEMENT\SCHOOL SUPPORT FOR TCH CHANGE (2024),ScQ-14c,Nominal,1,0,,,1: Agree a lot; 2: Agree a little; 3: Disagree a little; 4: Disagree a lot,9: Omitted or invalid; Sysmis: Not administered,.: Omitted or invalid; .A: Not administered,1: Agree a lot; 2: Agree a little; 3: Disagree a little; 4: Disagree a lot; 9: Omitted or invalid; Sysmis: Not administered,1: Agree a lot; 2: Agree a little; 3: Disagree a little; 4: Disagree a lot; .: Omitted or invalid; .A: Not administered,Background Questionnaire Variables,B,
ACBLG14D,GEN\AGREEMENT\TCH PROBLEM SOLVING (2024),ScQ-14d,Nominal,1,0,,,1: Agree a lot; 2: Agree a little; 3: Disagree a little; 4: Disagree a lot,9: Omitted or invalid; Sysmis: Not administered,.: Omitted or invalid; .A: Not administered,1: Agree a lot; 2: Agree a little; 3: Disagree a little; 4: Disagree a lot; 9: Omitted or invalid; Sysmis: Not administered,1: Agree a lot; 2: Agree a little; 3: Disagree a little; 4: Disagree a lot; .: Omitted or invalid; .A: Not administered,Background Questionnaire Variables,B,
ACBLG15A,GEN\SCH ENVIRONMENT\SHARED VISION (2024),ScQ-15a,Ordinal,1,0,,,1: Agree a lot; 2: Agree a little; 3: Disagree a little; 4: Disagree a lot,9: Omitted or invalid; Sysmis: Not administered,.: Omitted or invalid; .A: Not administered,1: Agree a lot; 2: Agree a little; 3: Disagree a little; 4: Disagree a lot; 9: Omitted or invalid; Sysmis: Not administered,1: Agree a lot; 2: Agree a little; 3: Disagree a little; 4: Disagree a lot; .: Omitted or invalid; .A: Not administered,Background Questionnaire Variables,B,
ACBLG15B,GEN\SCH ENVIRONMENT\REVIEWS PRACTICES (2024),ScQ-15b,Ordinal,1,0,,,1: Agree a lot; 2: Agree a little; 3: Disagree a little; 4: Disagree a lot,9: Omitted or invalid; Sysmis: Not administered,.: Omitted or invalid; .A: Not administered,1: Agree a lot; 2: Agree a little; 3: Disagree a little; 4: Disagree a lot; 9: Omitted or invalid; Sysmis: Not administered,1: Agree a lot; 2: Agree a little; 3: Disagree a little; 4: Disagree a lot; .: Omitted or invalid; .A: Not administered,Background Questionnaire Variables,B,
ACBLG15C,GEN\SCH ENVIRONMENT\SCHOOLWIDE APPROACH (2024),ScQ-15c,Ordinal,1,0,,,1: Agree a lot; 2: Agree a little; 3: Disagree a little; 4: Disagree a lot,9: Omitted or invalid; Sysmis: Not administered,.: Omitted or invalid; .A: Not administered,1: Agree a lot; 2: Agree a little; 3: Disagree a little; 4: Disagree a lot; 9: Omitted or invalid; Sysmis: Not administered,1: Agree a lot; 2: Agree a little; 3: Disagree a little; 4: Disagree a lot; .: Omitted or invalid; .A: Not administered,Background Questionnaire Variables,B,
ACBLG15D,GEN\SCH ENVIRONMENT\TEACH TO APPRECIATE (2024),ScQ-15d,Ordinal,1,0,,,1: Agree a lot; 2: Agree a little; 3: Disagree a little; 4: Disagree a lot,9: Omitted or invalid; Sysmis: Not administered,.: Omitted or invalid; .A: Not administered,1: Agree a lot; 2: Agree a little; 3: Disagree a little; 4: Disagree a lot; 9: Omitted or invalid; Sysmis: Not administered,1: Agree a lot; 2: Agree a little; 3: Disagree a little; 4: Disagree a lot; .: Omitted or invalid; .A: Not administered,Background Questionnaire Variables,B,
ACBLG15E,GEN\SCH ENVIRONMENT\TEACH HOW TO TAKE ACTION (2024),ScQ-15e,Ordinal,1,0,,,1: Agree a lot; 2: Agree a little; 3: Disagree a little; 4: Disagree a lot,9: Omitted or invalid; Sysmis: Not administered,.: Omitted or invalid; .A: Not administered,1: Agree a lot; 2: Agree a little; 3: Disagree a little; 4: Disagree a lot; 9: Omitted or invalid; Sysmis: Not administered,1: Agree a lot; 2: Agree a little; 3: Disagree a little; 4: Disagree a lot; .: Omitted or invalid; .A: Not administered,Background Questionnaire Variables,B,
ACBLG15F,GEN\SCH ENVIRONMENT\ENCOURAGE TEACHERS (2024),ScQ-15f,Ordinal,1,0,,,1: Agree a lot; 2: Agree a little; 3: Disagree a little; 4: Disagree a lot,9: Omitted or invalid; Sysmis: Not administered,.: Omitted or invalid; .A: Not administered,1: Agree a lot; 2: Agree a little; 3: Disagree a little; 4: Disagree a lot; 9: Omitted or invalid; Sysmis: Not administered,1: Agree a lot; 2: Agree a little; 3: Disagree a little; 4: Disagree a lot; .: Omitted or invalid; .A: Not administered,Background Questionnaire Variables,B,
ACBLG15G,GEN\SCH ENVIRONMENT\PROMOTES COMMUNITY (2024),ScQ-15g,Ordinal,1,0,,,1: Agree a lot; 2: Agree a little; 3: Disagree a little; 4: Disagree a lot,9: Omitted or invalid; Sysmis: Not administered,.: Omitted or invalid; .A: Not administered,1: Agree a lot; 2: Agree a little; 3: Disagree a little; 4: Disagree a lot; 9: Omitted or invalid; Sysmis: Not administered,1: Agree a lot; 2: Agree a little; 3: Disagree a little; 4: Disagree a lot; .: Omitted or invalid; .A: Not administered,Background Questionnaire Variables,B,
ACBLG15H,GEN\SCH ENVIRONMENT\SCH PROMOTES PARTICIPATION (2024),ScQ-15h,Ordinal,1,0,,,1: Agree a lot; 2: Agree a little; 3: Disagree a little; 4: Disagree a lot,9: Omitted or invalid; Sysmis: Not administered,.: Omitted or invalid; .A: Not administered,1: Agree a lot; 2: Agree a little; 3: Disagree a little; 4: Disagree a lot; 9: Omitted or invalid; Sysmis: Not administered,1: Agree a lot; 2: Agree a little; 3: Disagree a little; 4: Disagree a lot; .: Omitted or invalid; .A: Not administered,Background Questionnaire Variables,B,
ACBLG16,GEN\YEARS PRINCIPAL ALTOGETHER (2024),ScQ-16,Ratio,2,0,0,60,,99: Omitted or invalid; Sysmis: Not administered,.: Omitted or invalid; .A: Not administered,99: Omitted or invalid; Sysmis: Not administered,.: Omitted or invalid; .A: Not administered,Background Questionnaire Variables,B,
ACBLG17,GEN\YEARS PRINCIPAL AT THIS SCHOOL (2024),ScQ-17,Ratio,2,0,0,60,,99: Omitted or invalid; Sysmis: Not administered,.: Omitted or invalid; .A: Not administered,99: Omitted or invalid; Sysmis: Not administered,.: Omitted or invalid; .A: Not administered,Background Questionnaire Variables,B,
ACBLG18,GEN\HIGHEST LEVEL OF FORMAL EDUCATION (2024),ScQ-18,Ordinal,1,0,,,1: Did not complete <Bachelor’s or equivalent level—ISCED Level 6>; 2: <Bachelor’s or equivalent level—ISCED Level 6>; 3: <Master’s or equivalent level—ISCED Level 7>; 4: <Doctor or equivalent level—ISCED Level 8>,9: Omitted or invalid; Sysmis: Not administered,.: Omitted or invalid; .A: Not administered,1: Did not complete <Bachelor’s or equivalent level—ISCED Level 6>; 2: <Bachelor’s or equivalent level—ISCED Level 6>; 3: <Master’s or equivalent level—ISCED Level 7>; 4: <Doctor or equivalent level—ISCED Level 8>; 9: Omitted or invalid; Sysmis: Not administered,1: Did not complete <Bachelor’s or equivalent level—ISCED Level 6>; 2: <Bachelor’s or equivalent level—ISCED Level 6>; 3: <Master’s or equivalent level—ISCED Level 7>; 4: <Doctor or equivalent level—ISCED Level 8>; .: Omitted or invalid; .A: Not administered,Background Questionnaire Variables,B,
ACBLG19A,GEN\QUALIFICATIONS IN EDUCATIONAL LEADERSHIP\<CERTIFICATE OR LICENSE> (2024),ScQ-19a,Nominal,1,0,,,1: Yes; 2: No,9: Omitted or invalid; Sysmis: Not administered,.: Omitted or invalid; .A: Not administered,1: Yes; 2: No; 9: Omitted or invalid; Sysmis: Not administered,1: Yes; 2: No; .: Omitted or invalid; .A: Not administered,Background Questionnaire Variables,B,
ACBLG19B,GEN\QUALIFICATIONS IN EDUCATIONAL LEADERSHIP\ISCED 7 (2024),ScQ-19b,Nominal,1,0,,,1: Yes; 2: No,9: Omitted or invalid; Sysmis: Not administered,.: Omitted or invalid; .A: Not administered,1: Yes; 2: No; 9: Omitted or invalid; Sysmis: Not administered,1: Yes; 2: No; .: Omitted or invalid; .A: Not administered,Background Questionnaire Variables,B,
ACBLG19C,GEN\QUALIFICATIONS IN EDUCATIONAL LEADERSHIP\ISCED 8 (2024),ScQ-19c,Nominal,1,0,,,1: Yes; 2: No,9: Omitted or invalid; Sysmis: Not administered,.: Omitted or invalid; .A: Not administered,1: Yes; 2: No; 9: Omitted or invalid; Sysmis: Not administered,1: Yes; 2: No; .: Omitted or invalid; .A: Not administered,Background Questionnaire Variables,B,
JKCZONE,JACKKNIFE ZONE (2023 & 2024),,Nominal,3,0,,,,999: Omitted or invalid; SYSMIS: Not administered,.: Omitted or invalid; .A: Not administered,999: Omitted or invalid; SYSMIS: Not administered,.: Omitted or invalid; .A: Not administered,Weights,ISC_S,
JKCREP,JACKKNIFE REPLICATE CODE (2023 & 2024),,Nominal,1,0,,,,9: Omitted or invalid; SYSMIS: Not administered,.: Omitted or invalid; .A: Not administered,9: Omitted or invalid; SYSMIS: Not administered,.: Omitted or invalid; .A: Not administered,Weights,ISC_S,
SCHWGT,SCHOOL LEVEL WEIGHT (2023 & 2024),Weights,Scale,13,6,,,,999999: Omitted or invalid; SYSMIS: Not administered,.: Omitted or invalid; .A: Not administered,999999: Omitted or invalid; SYSMIS: Not administered,.: Omitted or invalid; .A: Not administered,Weights,ISC_S,
STOTWGTU,SUM OF STUDENT WEIGHTS (2023 & 2024),Weights,Scale,13,6,,,,999999: Omitted or invalid; SYSMIS: Not administered,.: Omitted or invalid; .A: Not administered,999999: Omitted or invalid; SYSMIS: Not administered,.: Omitted or invalid; .A: Not administered,Weights,ISC_S,
WGTFAC1,SCHOOL WEIGHT FACTOR (2023 & 2024),Weights,Scale,13,6,,,,999999: Omitted or invalid; SYSMIS: Not administered,.: Omitted or invalid; .A: Not administered,999999: Omitted or invalid; SYSMIS: Not administered,.: Omitted or invalid; .A: Not administered,Weights,ISC_S,
WGTADJ1,SCHOOL WEIGHT ADJUSTMENT (2023 & 2024),Weights,Scale,13,6,,,,999999: Omitted or invalid; SYSMIS: Not administered,.: Omitted or invalid; .A: Not administered,999999: Omitted or invalid; SYSMIS: Not administered,.: Omitted or invalid; .A: Not administered,Weights,ISC_S,
ACBGMRS,Instruction Affected by Math Resource Shortage/SCL (2023),BG Scale,Scale,12,5,,,,999999: Omitted or invalid; SYSMIS: Not administered,.: Omitted or invalid; .A: Not administered,999999: Omitted or invalid; SYSMIS: Not administered,.: Omitted or invalid; .A: Not administered,BG Scales and Indices,ISC_D,
ACDGMRS,Instruction Affected by Math Resource Shortage/IDX (2023),BG Scale,Nominal,1,0,,,1: Not Affected; 2: Somewhat Affected; 3: Affected A Lot,9: Omitted or invalid; SYSMIS: Not administered,.: Omitted or invalid; .A: Not administered,1: Not Affected; 2: Somewhat Affected; 3: Affected A Lot; 9: Omitted or invalid; SYSMIS: Not administered,1: Not Affected; 2: Somewhat Affected; 3: Affected A Lot; .: Omitted or invalid; .A: Not administered,BG Scales and Indices,ISC_D,
ACBGSRS,Instruction Affected by Science Resource Shortage/SCL (2023),BG Scale,Scale,12,5,,,,999999: Omitted or invalid; SYSMIS: Not administered,.: Omitted or invalid; .A: Not administered,999999: Omitted or invalid; SYSMIS: Not administered,.: Omitted or invalid; .A: Not administered,BG Scales and Indices,ISC_D,
ACDGSRS,Instruction Affected by Science Resource Shortage/IDX (2023),BG Scale,Nominal,1,0,,,1: Not Affected; 2: Somewhat Affected; 3: Affected A Lot,9: Omitted or invalid; SYSMIS: Not administered,.: Omitted or invalid; .A: Not administered,1: Not Affected; 2: Somewhat Affected; 3: Affected A Lot; 9: Omitted or invalid; SYSMIS: Not administered,1: Not Affected; 2: Somewhat Affected; 3: Affected A Lot; .: Omitted or invalid; .A: Not administered,BG Scales and Indices,ISC_D,
ACBGEAS,School Emphasis on Academic Success-Principal/SCL (2023),BG Scale,Scale,12,5,,,,999999: Omitted or invalid; SYSMIS: Not administered,.: Omitted or invalid; .A: Not administered,999999: Omitted or invalid; SYSMIS: Not administered,.: Omitted or invalid; .A: Not administered,BG Scales and Indices,ISC_D,
ACDGEAS,School Emphasis on Academic Success-Principal/IDX (2023),BG Scale,Nominal,1,0,,,1: Very High Emphasis; 2: High Emphasis; 3: Medium Emphasis,9: Omitted or invalid; SYSMIS: Not administered,.: Omitted or invalid; .A: Not administered,1: Very High Emphasis; 2: High Emphasis; 3: Medium Emphasis; 9: Omitted or invalid; SYSMIS: Not administered,1: Very High Emphasis; 2: High Emphasis; 3: Medium Emphasis; .: Omitted or invalid; .A: Not administered,BG Scales and Indices,ISC_D,
ACBGDAS,School Discipline-Principal/SCL (2023),BG Scale,Scale,12,5,,,,999999: Omitted or invalid; SYSMIS: Not administered,.: Omitted or invalid; .A: Not administered,999999: Omitted or invalid; SYSMIS: Not administered,.: Omitted or invalid; .A: Not administered,BG Scales and Indices,ISC_D,
ACDGDAS,School Discipline-Principal/IDX (2023),BG Scale,Nominal,1,0,,,1: Hardly Any Problems; 2: Minor Problems; 3: Moderate to Severe Problems,9: Omitted or invalid; SYSMIS: Not administered,.: Omitted or invalid; .A: Not administered,1: Hardly Any Problems; 2: Minor Problems; 3: Moderate to Severe Problems; 9: Omitted or invalid; SYSMIS: Not administered,1: Hardly Any Problems; 2: Minor Problems; 3: Moderate to Severe Problems; .: Omitted or invalid; .A: Not administered,BG Scales and Indices,ISC_D,
ACBGLNS,Students Begin with Literacy and Numeracy Skills/SCL (2023),BG Scale,Scale,12,5,,,,999999: Omitted or invalid; SYSMIS: Not administered,.: Omitted or invalid; .A: Not administered,999999: Omitted or invalid; SYSMIS: Not administered,.: Omitted or invalid; .A: Not administered,BG Scales and Indices,ISC_D,
ACDGLNS,Students Begin with Literacy and Numeracy Skills/IDX (2023),BG Scale,Nominal,1,0,,,1: More than 75% Begin with Skills; 2: 25-75% Begin with Skills; 3: Less than 25% Begin with Skills,9: Omitted or invalid; SYSMIS: Not administered,.: Omitted or invalid; .A: Not administered,1: More than 75% Begin with Skills; 2: 25-75% Begin with Skills; 3: Less than 25% Begin with Skills; 9: Omitted or invalid; SYSMIS: Not administered,1: More than 75% Begin with Skills; 2: 25-75% Begin with Skills; 3: Less than 25% Begin with Skills; .: Omitted or invalid; .A: Not administered,BG Scales and Indices,ISC_D,
ACBLGMRS,Instruction Affected by Math Resource Shortage/SCL (2024),BG Scale,Scale,12,5,,,,999999: Omitted or invalid; SYSMIS: Not administered,.: Omitted or invalid; .A: Not administered,999999: Omitted or invalid; SYSMIS: Not administered,.: Omitted or invalid; .A: Not administered,BG Scales and Indices,ISC_D,
ACDLGMRS,Instruction Affected by Math Resource Shortage/IDX (2024),BG Scale,Nominal,1,0,,,1: Not Affected; 2: Somewhat Affected; 3: Affected A Lot,9: Omitted or invalid; SYSMIS: Not administered,.: Omitted or invalid; .A: Not administered,1: Not Affected; 2: Somewhat Affected; 3: Affected A Lot; 9: Omitted or invalid; SYSMIS: Not administered,1: Not Affected; 2: Somewhat Affected; 3: Affected A Lot; .: Omitted or invalid; .A: Not administered,BG Scales and Indices,ISC_D,
ACBLGSRS,Instruction Affected by Science Resource Shortage/SCL (2024),BG Scale,Scale,12,5,,,,999999: Omitted or invalid; SYSMIS: Not administered,.: Omitted or invalid; .A: Not administered,999999: Omitted or invalid; SYSMIS: Not administered,.: Omitted or invalid; .A: Not administered,BG Scales and Indices,ISC_D,
ACDLGSRS,Instruction Affected by Science Resource Shortage/IDX (2024),BG Scale,Nominal,1,0,,,1: Not Affected; 2: Somewhat Affected; 3: Affected A Lot,9: Omitted or invalid; SYSMIS: Not administered,.: Omitted or invalid; .A: Not administered,1: Not Affected; 2: Somewhat Affected; 3: Affected A Lot; 9: Omitted or invalid; SYSMIS: Not administered,1: Not Affected; 2: Somewhat Affected; 3: Affected A Lot; .: Omitted or invalid; .A: Not administered,BG Scales and Indices,ISC_D,
ACBLGEAS,School Emphasis on Academic Success-Principal/SCL (2024),BG Scale,Scale,12,5,,,,999999: Omitted or invalid; SYSMIS: Not administered,.: Omitted or invalid; .A: Not administered,999999: Omitted or invalid; SYSMIS: Not administered,.: Omitted or invalid; .A: Not administered,BG Scales and Indices,ISC_D,
ACDLGEAS,School Emphasis on Academic Success-Principal/IDX (2024),BG Scale,Nominal,1,0,,,1: Very High Emphasis; 2: High Emphasis; 3: Medium Emphasis,9: Omitted or invalid; SYSMIS: Not administered,.: Omitted or invalid; .A: Not administered,1: Very High Emphasis; 2: High Emphasis; 3: Medium Emphasis; 9: Omitted or invalid; SYSMIS: Not administered,1: Very High Emphasis; 2: High Emphasis; 3: Medium Emphasis; .: Omitted or invalid; .A: Not administered,BG Scales and Indices,ISC_D,
ACBLGSIN,School Innovation/SCL (2024),BG Scale,Scale,12,5,,,,999999: Omitted or invalid; SYSMIS: Not administered,.: Omitted or invalid; .A: Not administered,999999: Omitted or invalid; SYSMIS: Not administered,.: Omitted or invalid; .A: Not administered,BG Scales and Indices,ISC_D,
ACDLGSIN,School Innovation/IDX (2024),BG Scale,Nominal,1,0,,,1: Very High Emphasis; 2: High Emphasis; 3: Medium Emphasis,9: Omitted or invalid; SYSMIS: Not administered,.: Omitted or invalid; .A: Not administered,1: Very High Emphasis; 2: High Emphasis; 3: Medium Emphasis; 9: Omitted or invalid; SYSMIS: Not administered,1: Very High Emphasis; 2: High Emphasis; 3: Medium Emphasis; .: Omitted or invalid; .A: Not administered,BG Scales and Indices,ISC_D,
ACDGSBC,School Composition by Socioeconomic Background (2023),Derived,Not defined,1,0,,,1: More Affluent; 2: Neither More Affluent nor More Disadvantaged; 3: More Disadvantaged,9: Omitted or invalid; SYSMIS: Not administered,.: Omitted or invalid; .A: Not administered,1: More Affluent; 2: Neither More Affluent nor More Disadvantaged; 3: More Disadvantaged; 9: Omitted or invalid; SYSMIS: Not administered,1: More Affluent; 2: Neither More Affluent nor More Disadvantaged; 3: More Disadvantaged; .: Omitted or invalid; .A: Not administered,Derived,ISC_D,
ACDGTIHY,Total Instructional Hours per Year (2023),Derived,Ratio,11,6,540,1800,,9999: Omitted or invalid; SYSMIS: Not administered,.: Omitted or invalid; .A: Not administered,9999: Omitted or invalid; SYSMIS: Not administered,.: Omitted or invalid; .A: Not administered,Derived,ISC_D,
ACDLGSBC,School Composition by Socioeconomic Background (2024),Derived,Not defined,1,0,,,1: More Affluent; 2: Neither More Affluent nor More Disadvantaged; 3: More Disadvantaged,9: Omitted or invalid; SYSMIS: Not administered,.: Omitted or invalid; .A: Not administered,1: More Affluent; 2: Neither More Affluent nor More Disadvantaged; 3: More Disadvantaged; 9: Omitted or invalid; SYSMIS: Not administered,1: More Affluent; 2: Neither More Affluent nor More Disadvantaged; 3: More Disadvantaged; .: Omitted or invalid; .A: Not administered,Derived,ISC_D,
ACDLGTIHY,Total Instructional Hours per Year (2024),Derived,Ratio,11,6,540,1800,,9999: Omitted or invalid; SYSMIS: Not administered,.: Omitted or invalid; .A: Not administered,9999: Omitted or invalid; SYSMIS: Not administered,.: Omitted or invalid; .A: Not administered,Derived,ISC_D,
CTY,Country Alpha3,,Not defined,5,0,,,"GEO: Georgia; ITA: Italy; JOR: Jordan; KOR: Korea, Rep. Of; MKD: North Macedonia; MNE: Montenegro; SVN: Slovenia; SWE: Sweden; XKX: Kosovo",,,"GEO: Georgia; ITA: Italy; JOR: Jordan; KOR: Korea, Rep. Of; MKD: North Macedonia; MNE: Montenegro; SVN: Slovenia; SWE: Sweden; XKX: Kosovo","GEO: Georgia; ITA: Italy; JOR: Jordan; KOR: Korea, Rep. Of; MKD: North Macedonia; MNE: Montenegro; SVN: Slovenia; SWE: Sweden; XKX: Kosovo",Calculated at IEA,,
IDCNTRY,Numeric Country Code,,Nominal,10,0,,,"268: Georgia; 380: Italy; 400: Jordan; 410: Korea, Rep. Of; 807: North Macedonia; 499: Montenegro; 705: Slovenia; 752: Sweden; 411: Kosovo",,,"268: Georgia; 380: Italy; 400: Jordan; 410: Korea, Rep. Of; 807: North Macedonia; 499: Montenegro; 705: Slovenia; 752: Sweden; 411: Kosovo","268: Georgia; 380: Italy; 400: Jordan; 410: Korea, Rep. Of; 807: North Macedonia; 499: Montenegro; 705: Slovenia; 752: Sweden; 411: Kosovo",ID Variables,ID,
IDPOP,Population ID,,Nominal,1,0,,,1: Pop 1; 2: Pop 2,,,1: Pop 1; 2: Pop 2;,1: Pop 1; 2: Pop 2,ID Variables,ID,
IDGRADER_23,Standardized Grade ID (2023),,Nominal,1,0,,,1: Lower Grade; 2: Upper Grade,,,1: Lower Grade; 2: Upper Grade;,1: Lower Grade; 2: Upper Grade,Calculated at IEA,IEA_D,
IDGRADER_24,Standardized Grade ID (2024),,Nominal,1,0,,,1: Lower Grade; 2: Upper Grade,,,1: Lower Grade; 2: Upper Grade;,1: Lower Grade; 2: Upper Grade,Calculated at IEA,IEA_D,
IDGRADE_23,Grade ID (2023),,Nominal,1,0,,,3: Grade 3; 4: Grade 4; 5: Grade 5; 6: Grade 6,,,3: Grade 3; 4: Grade 4; 5: Grade 5; 6: Grade 6;,3: Grade 3; 4: Grade 4; 5: Grade 5; 6: Grade 6,Calculated at IEA,IEA_D,
IDGRADE_24,Grade ID (2024),,Nominal,1,0,,,3: Grade 3; 4: Grade 4; 5: Grade 5; 6: Grade 6,,,3: Grade 3; 4: Grade 4; 5: Grade 5; 6: Grade 6;,3: Grade 3; 4: Grade 4; 5: Grade 5; 6: Grade 6,Calculated at IEA,IEA_D,
IDBOOK_23,Booklet ID (2023),,Nominal,2,0,,,0: Student excluded and did not participate; 1: Booklet 01; 2: Booklet 02; 3: Booklet 03; 4: Booklet 04; 5: Booklet 05; 6: Booklet 06; 7: Booklet 07; 8: Booklet 08; 9: Booklet 09; 10: Booklet 10; 11: Booklet 11; 12: Booklet 12; 13: Booklet 13; 14: Booklet 14,,,0: Student excluded and did not participate; 1: Booklet 01; 2: Booklet 02; 3: Booklet 03; 4: Booklet 04; 5: Booklet 05; 6: Booklet 06; 7: Booklet 07; 8: Booklet 08; 9: Booklet 09; 10: Booklet 10; 11: Booklet 11; 12: Booklet 12; 13: Booklet 13; 14: Booklet 14,0: Student excluded and did not participate; 1: Booklet 01; 2: Booklet 02; 3: Booklet 03; 4: Booklet 04; 5: Booklet 05; 6: Booklet 06; 7: Booklet 07; 8: Booklet 08; 9: Booklet 09; 10: Booklet 10; 11: Booklet 11; 12: Booklet 12; 13: Booklet 13; 14: Booklet 14,ID Variables,ID,
IDBOOK_24,Booklet ID (2024),,Nominal,2,0,,,0: Student excluded and did not participate; 1: Booklet 01; 2: Booklet 02; 3: Booklet 03; 4: Booklet 04; 5: Booklet 05; 6: Booklet 06; 7: Booklet 07; 8: Booklet 08; 9: Booklet 09; 10: Booklet 10; 11: Booklet 11; 12: Booklet 12; 13: Booklet 13; 14: Booklet 14,,,0: Student excluded and did not participate; 1: Booklet 01; 2: Booklet 02; 3: Booklet 03; 4: Booklet 04; 5: Booklet 05; 6: Booklet 06; 7: Booklet 07; 8: Booklet 08; 9: Booklet 09; 10: Booklet 10; 11: Booklet 11; 12: Booklet 12; 13: Booklet 13; 14: Booklet 14;,0: Student excluded and did not participate; 1: Booklet 01; 2: Booklet 02; 3: Booklet 03; 4: Booklet 04; 5: Booklet 05; 6: Booklet 06; 7: Booklet 07; 8: Booklet 08; 9: Booklet 09; 10: Booklet 10; 11: Booklet 11; 12: Booklet 12; 13: Booklet 13; 14: Booklet 14,ID Variables,ID,
IDSCHOOL,School ID,,Nominal,4,0,5001,9900,,,,,,ID Variables,ID,
IDCLASS,Class ID,,Nominal,6,0,500101,990001,,,,,,ID Variables,ID,
IDSTUD,Student ID,,Nominal,8,0,50010101,99000101,,,,,,ID Variables,ID,
ITSEX,Sex of Students,,Nominal,1,0,,,1: Girl; 2: Boy,9: Omitted or invalid; Sysmis: Not administered,.: Omitted or invalid; .A: Not administered,1: Girl; 2: Boy; 9: Omitted or invalid; Sysmis: Not administered,1: Girl; 2: Boy; .: Omitted or invalid; .A: Not administered,Calculated at IEA,IEA_D,
ASDAGE_23,Students Age (2023),,Scale,5,2,,,,99: Omitted or invalid; Sysmis: Not administered,.: Omitted or invalid; .A: Not administered,99: Omitted or invalid; Sysmis: Not administered,.: Omitted or invalid; .A: Not administered,Calculated at IEA,IEA_D,
ASDAGE_24,Students Age (2024),,Scale,5,2,,,,99: Omitted or invalid; Sysmis: Not administered,.: Omitted or invalid; .A: Not administered,99: Omitted or invalid; Sysmis: Not administered,.: Omitted or invalid; .A: Not administered,Calculated at IEA,IEA_D,
ITADMINI_23,Test Administrator Position (2023),,Nominal,1,0,,,1: National Center Staff; 2: Teacher from School; 3: Other,9: Omitted or invalid; Sysmis: Not administered,.: Omitted or invalid; .A: Not administered,1: National Center Staff; 2: Teacher from School; 3: Other; 9: Omitted or invalid; Sysmis: Not administered,1: National Center Staff; 2: Teacher from School; 3: Other; .: Omitted or invalid; .A: Not administered,Calculated at IEA,IEA_D,
ITADMINI_24,Test Administrator Position (2024),,Nominal,1,0,,,1: National Center Staff; 2: Teacher from School; 3: Other,9: Omitted or invalid; Sysmis: Not administered,.: Omitted or invalid; .A: Not administered,1: National Center Staff; 2: Teacher from School; 3: Other; 9: Omitted or invalid; Sysmis: Not administered,1: National Center Staff; 2: Teacher from School; 3: Other; .: Omitted or invalid; .A: Not administered,Calculated at IEA,IEA_D,
ILRELIAB_23,Reliability Coding Status (2023),,Nominal,1,0,,,0: False; 1: True,9: Omitted or invalid; Sysmis: Not administered,.: Omitted or invalid; .A: Not administered,0: False; 1: True; 9: Omitted or invalid; Sysmis: Not administered,0: False; 1: True; .: Omitted or invalid; .A: Not administered,Calculated at IEA,IT,
ILRELIAB_24,Reliability Coding Status (2024),,Nominal,1,0,,,0: False; 1: True,9: Omitted or invalid; Sysmis: Not administered,.: Omitted or invalid; .A: Not administered,0: False; 1: True; 9: Omitted or invalid; Sysmis: Not administered,0: False; 1: True; .: Omitted or invalid; .A: Not administered,Calculated at IEA,IT,
ITLANG_SQ_23,Language of Student Questionnaire (2023),,Nominal,2,0,,,5: Albanian; 14: Georgian; 20: Italian; 23: Macedonian; 32: Swedish; 47: Korean; 53: Arabic; 67: Montenegrin (Cyrillic); 79: Slovenian,99: Omitted or invalid; Sysmis: Not administered,.: Omitted or invalid; .A: Not administered,5: Albanian; 14: Georgian; 20: Italian; 23: Macedonian; 32: Swedish; 47: Korean; 53: Arabic; 67: Montenegrin (Cyrillic); 79: Slovenian; 99: Omitted or invalid; Sysmis: Not administered,5: Albanian; 14: Georgian; 20: Italian; 23: Macedonian; 32: Swedish; 47: Korean; 53: Arabic; 67: Montenegrin (Cyrillic); 79: Slovenian; .: Omitted or invalid; .A: Not administered,Calculated at IEA,IEA_D,
ITLANG_SQ_24,Language of Student Questionnaire (2024),,Nominal,2,0,,,5: Albanian; 14: Georgian; 20: Italian; 23: Macedonian; 32: Swedish; 47: Korean; 53: Arabic; 67: Montenegrin (Cyrillic); 79: Slovenian,99: Omitted or invalid; Sysmis: Not administered,.: Omitted or invalid; .A: Not administered,5: Albanian; 14: Georgian; 20: Italian; 23: Macedonian; 32: Swedish; 47: Korean; 53: Arabic; 67: Montenegrin (Cyrillic); 79: Slovenian; 99: Omitted or invalid; Sysmis: Not administered,5: Albanian; 14: Georgian; 20: Italian; 23: Macedonian; 32: Swedish; 47: Korean; 53: Arabic; 67: Montenegrin (Cyrillic); 79: Slovenian; .: Omitted or invalid; .A: Not administered,Calculated at IEA,IEA_D,
LCID_SQ_23,Locale ID of the Student Questionnaire (2023),,Nominal,10,0,,,"1040: Italian (Italy); 1042: Korean (Korea); 1053: Swedish (Sweden); 1060: Slovenian (Slovenia); 1071: Macedonian (North Macedonia); 1079: Georgian (Georgia); 10711: Albanian (Macedonia); 11265: Arabic (Jordan); 20744: Albanian (Kosovo); 20748: Montenegrin (Cyrillic, Montenegro)",9999999999: Omitted or invalid; Sysmis: Not administered,.: Omitted or invalid; .A: Not administered,"1040: Italian (Italy); 1042: Korean (Korea); 1053: Swedish (Sweden); 1060: Slovenian (Slovenia); 1071: Macedonian (North Macedonia); 1079: Georgian (Georgia); 10711: Albanian (Macedonia); 11265: Arabic (Jordan); 20744: Albanian (Kosovo); 20748: Montenegrin (Cyrillic, Montenegro); 9999999999: Omitted or invalid; Sysmis: Not administered","1040: Italian (Italy); 1042: Korean (Korea); 1053: Swedish (Sweden); 1060: Slovenian (Slovenia); 1071: Macedonian (North Macedonia); 1079: Georgian (Georgia); 10711: Albanian (Macedonia); 11265: Arabic (Jordan); 20744: Albanian (Kosovo); 20748: Montenegrin (Cyrillic, Montenegro); .: Omitted or invalid; .A: Not administered",Calculated at IEA,IEA_D,
LCID_SQ_24,Locale ID of the Student Questionnaire (2024),,Nominal,10,0,,,"1040: Italian (Italy); 1042: Korean (Korea); 1053: Swedish (Sweden); 1060: Slovenian (Slovenia); 1071: Macedonian (North Macedonia); 1079: Georgian (Georgia); 10711: Albanian (Macedonia); 11265: Arabic (Jordan); 20744: Albanian (Kosovo); 20748: Montenegrin (Cyrillic, Montenegro)",9999999999: Omitted or invalid; Sysmis: Not administered,.: Omitted or invalid; .A: Not administered,"1040: Italian (Italy); 1042: Korean (Korea); 1053: Swedish (Sweden); 1060: Slovenian (Slovenia); 1071: Macedonian (North Macedonia); 1079: Georgian (Georgia); 10711: Albanian (Macedonia); 11265: Arabic (Jordan); 20744: Albanian (Kosovo); 20748: Montenegrin (Cyrillic, Montenegro); 9999999999: Omitted or invalid; Sysmis: Not administered","1040: Italian (Italy); 1042: Korean (Korea); 1053: Swedish (Sweden); 1060: Slovenian (Slovenia); 1071: Macedonian (North Macedonia); 1079: Georgian (Georgia); 10711: Albanian (Macedonia); 11265: Arabic (Jordan); 20744: Albanian (Kosovo); 20748: Montenegrin (Cyrillic, Montenegro); .: Omitted or invalid; .A: Not administered",Calculated at IEA,IEA_D,
ASBG01,GEN\SEX OF STUDENT (2023),SQG-01,Nominal,1,0,,,1: Girl; 2: Boy; 3: <Other>,9: Omitted or invalid; Sysmis: Not administered,.: Omitted or invalid; .A: Not administered,1: Girl; 2: Boy; 3: <Other>; 9: Omitted or invalid; Sysmis: Not administered,1: Girl; 2: Boy; 3: <Other>; .: Omitted or invalid; .A: Not administered,Background Questionnaire Variables,B,
ASBG03,GEN\OFTEN SPEAK <LANG OF TEST> AT HOME (2023),SQG-03,Ordinal,1,0,,,1: I always speak <language of test> at home; 2: I almost always speak <language of test> at home; 3: I sometimes speak <language of test> and sometimes speak another language at home; 4: I never speak <language of test> at home,9: Omitted or invalid; Sysmis: Not administered,.: Omitted or invalid; .A: Not administered,1: I always speak <language of test> at home; 2: I almost always speak <language of test> at home; 3: I sometimes speak <language of test> and sometimes speak another language at home; 4: I never speak <language of test> at home; 9: Omitted or invalid; Sysmis: Not administered,1: I always speak <language of test> at home; 2: I almost always speak <language of test> at home; 3: I sometimes speak <language of test> and sometimes speak another language at home; 4: I never speak <language of test> at home; .: Omitted or invalid; .A: Not administered,Background Questionnaire Variables,B,
ASBG04,GEN\AMOUNT OF BOOKS IN YOUR HOME (2023),SQG-04,Ordinal,1,0,,,1: None or very few (0–10 books); 2: Enough to fill one shelf (11–25 books); 3: Enough to fill one bookcase (26–100 books); 4: Enough to fill two bookcases (101–200 books); 5: Enough to fill three or more bookcases (more than 200),9: Omitted or invalid; Sysmis: Not administered,.: Omitted or invalid; .A: Not administered,1: None or very few (0–10 books); 2: Enough to fill one shelf (11–25 books); 3: Enough to fill one bookcase (26–100 books); 4: Enough to fill two bookcases (101–200 books); 5: Enough to fill three or more bookcases (more than 200); 9: Omitted or invalid; Sysmis: Not administered,1: None or very few (0–10 books); 2: Enough to fill one shelf (11–25 books); 3: Enough to fill one bookcase (26–100 books); 4: Enough to fill two bookcases (101–200 books); 5: Enough to fill three or more bookcases (more than 200); .: Omitted or invalid; .A: Not administered,Background Questionnaire Variables,B,
ASBG05A,GEN\HOME POSSESS\OWN COMPUTER (2023),SQG-05a,Nominal,1,0,,,1: Yes; 2: No,9: Omitted or invalid; Sysmis: Not administered,.: Omitted or invalid; .A: Not administered,1: Yes; 2: No; 9: Omitted or invalid; Sysmis: Not administered,1: Yes; 2: No; .: Omitted or invalid; .A: Not administered,Background Questionnaire Variables,B,
ASBG05B,GEN\HOME POSSESS\SHARED COMPUTER (2023),SQG-05b,Nominal,1,0,,,1: Yes; 2: No,9: Omitted or invalid; Sysmis: Not administered,.: Omitted or invalid; .A: Not administered,1: Yes; 2: No; 9: Omitted or invalid; Sysmis: Not administered,1: Yes; 2: No; .: Omitted or invalid; .A: Not administered,Background Questionnaire Variables,B,
ASBG05C,GEN\HOME POSSESS\SMARTPHONE (2023),SQG-05c,Nominal,1,0,,,1: Yes; 2: No,9: Omitted or invalid; Sysmis: Not administered,.: Omitted or invalid; .A: Not administered,1: Yes; 2: No; 9: Omitted or invalid; Sysmis: Not administered,1: Yes; 2: No; .: Omitted or invalid; .A: Not administered,Background Questionnaire Variables,B,
ASBG05D,GEN\HOME POSSESS\INTERNET ACCESS (2023),SQG-05d,Nominal,1,0,,,1: Yes; 2: No,9: Omitted or invalid; Sysmis: Not administered,.: Omitted or invalid; .A: Not administered,1: Yes; 2: No; 9: Omitted or invalid; Sysmis: Not administered,1: Yes; 2: No; .: Omitted or invalid; .A: Not administered,Background Questionnaire Variables,B,
ASBG05E,GEN\HOME POSSESS\STUDY DESK (2023),SQG-05e,Nominal,1,0,,,1: Yes; 2: No,9: Omitted or invalid; Sysmis: Not administered,.: Omitted or invalid; .A: Not administered,1: Yes; 2: No; 9: Omitted or invalid; Sysmis: Not administered,1: Yes; 2: No; .: Omitted or invalid; .A: Not administered,Background Questionnaire Variables,B,
ASBG05F,GEN\HOME POSSESS\OWN ROOM (2023),SQG-05f,Nominal,1,0,,,1: Yes; 2: No,9: Omitted or invalid; Sysmis: Not administered,.: Omitted or invalid; .A: Not administered,1: Yes; 2: No; 9: Omitted or invalid; Sysmis: Not administered,1: Yes; 2: No; .: Omitted or invalid; .A: Not administered,Background Questionnaire Variables,B,
ASBG05G,GEN\HOME POSSESS\<COUNTRY SPECIFIC> (2023),SQG-05g,Nominal,1,0,,,1: Yes; 2: No,9: Omitted or invalid; Sysmis: Not administered,.: Omitted or invalid; .A: Not administered,1: Yes; 2: No; 9: Omitted or invalid; Sysmis: Not administered,1: Yes; 2: No; .: Omitted or invalid; .A: Not administered,Background Questionnaire Variables,B,
ASBG05H,GEN\HOME POSSESS\<COUNTRY SPECIFIC> (2023),SQG-05h,Nominal,1,0,,,1: Yes; 2: No,9: Omitted or invalid; Sysmis: Not administered,.: Omitted or invalid; .A: Not administered,1: Yes; 2: No; 9: Omitted or invalid; Sysmis: Not administered,1: Yes; 2: No; .: Omitted or invalid; .A: Not administered,Background Questionnaire Variables,B,
ASBG05I,GEN\HOME POSSESS\<COUNTRY SPECIFIC> (2023),SQG-05i,Nominal,1,0,,,1: Yes; 2: No,9: Omitted or invalid; Sysmis: Not administered,.: Omitted or invalid; .A: Not administered,1: Yes; 2: No; 9: Omitted or invalid; Sysmis: Not administered,1: Yes; 2: No; .: Omitted or invalid; .A: Not administered,Background Questionnaire Variables,B,
ASBG05J,GEN\HOME POSSESS\<COUNTRY SPECIFIC> (2023),SQG-05j,Nominal,1,0,,,1: Yes; 2: No,9: Omitted or invalid; Sysmis: Not administered,.: Omitted or invalid; .A: Not administered,1: Yes; 2: No; 9: Omitted or invalid; Sysmis: Not administered,1: Yes; 2: No; .: Omitted or invalid; .A: Not administered,Background Questionnaire Variables,B,
ASBG06A,GEN\WERE YOUR <PARENTS/GUARDIAN A> BORN IN <COUNTRY> (2023),SQG-06A,Nominal,1,0,,,1: Yes; 2: No; 3: I don’t know; 4: Not applicable,9: Omitted or invalid; Sysmis: Not administered,.: Omitted or invalid; .A: Not administered,1: Yes; 2: No; 3: I don’t know; 4: Not applicable; 9: Omitted or invalid; Sysmis: Not administered,1: Yes; 2: No; 3: I don’t know; 4: Not applicable; .: Omitted or invalid; .A: Not administered,Background Questionnaire Variables,B,
ASBG06B,GEN\WERE YOUR <PARENTS/GUARDIAN B> BORN IN <COUNTRY> (2023),SQG-06B,Nominal,1,0,,,1: Yes; 2: No; 3: I don’t know; 4: Not applicable,9: Omitted or invalid; Sysmis: Not administered,.: Omitted or invalid; .A: Not administered,1: Yes; 2: No; 3: I don’t know; 4: Not applicable; 9: Omitted or invalid; Sysmis: Not administered,1: Yes; 2: No; 3: I don’t know; 4: Not applicable; .: Omitted or invalid; .A: Not administered,Background Questionnaire Variables,B,
ASBG07,GEN\WERE YOU BORN IN <COUNTRY> (2023),SQG-07,Nominal,1,0,,,1: Yes; 2: No,9: Omitted or invalid; Sysmis: Not administered,.: Omitted or invalid; .A: Not administered,1: Yes; 2: No; 9: Omitted or invalid; Sysmis: Not administered,1: Yes; 2: No; .: Omitted or invalid; .A: Not administered,Background Questionnaire Variables,B,
ASBG08,GEN\ABOUT HOW OFTEN ABSENT FROM SCHOOL (2023),SQG-08,Ordinal,1,0,,,1: Once a week; 2: Once every two weeks; 3: Once a month; 4: Once every two months; 5: Never or almost never,9: Omitted or invalid; Sysmis: Not administered,.: Omitted or invalid; .A: Not administered,1: Once a week; 2: Once every two weeks; 3: Once a month; 4: Once every two months; 5: Never or almost never; 9: Omitted or invalid; Sysmis: Not administered,1: Once a week; 2: Once every two weeks; 3: Once a month; 4: Once every two months; 5: Never or almost never; .: Omitted or invalid; .A: Not administered,Background Questionnaire Variables,B,
ASBG09A,GEN\HOW OFTEN\TIRED (2023),SQG-09a,Ordinal,1,0,,,1: Every day; 2: Almost every day; 3: Sometimes; 4: Never,9: Omitted or invalid; Sysmis: Not administered,.: Omitted or invalid; .A: Not administered,1: Every day; 2: Almost every day; 3: Sometimes; 4: Never; 9: Omitted or invalid; Sysmis: Not administered,1: Every day; 2: Almost every day; 3: Sometimes; 4: Never; .: Omitted or invalid; .A: Not administered,Background Questionnaire Variables,B,
ASBG09B,GEN\HOW OFTEN\HUNGRY (2023),SQG-09b,Ordinal,1,0,,,1: Every day; 2: Almost every day; 3: Sometimes; 4: Never,9: Omitted or invalid; Sysmis: Not administered,.: Omitted or invalid; .A: Not administered,1: Every day; 2: Almost every day; 3: Sometimes; 4: Never; 9: Omitted or invalid; Sysmis: Not administered,1: Every day; 2: Almost every day; 3: Sometimes; 4: Never; .: Omitted or invalid; .A: Not administered,Background Questionnaire Variables,B,
ASBG10A,GEN\AGREE\WRITE TEXT ON COMPUTER (2023),SQG-10a,Ordinal,1,0,,,1: Agree a lot; 2: Agree a little; 3: Disagree a little; 4: Disagree a lot,9: Omitted or invalid; Sysmis: Not administered,.: Omitted or invalid; .A: Not administered,1: Agree a lot; 2: Agree a little; 3: Disagree a little; 4: Disagree a lot; 9: Omitted or invalid; Sysmis: Not administered,1: Agree a lot; 2: Agree a little; 3: Disagree a little; 4: Disagree a lot; .: Omitted or invalid; .A: Not administered,Background Questionnaire Variables,B,
ASBG10B,GEN\AGREE\CREATE PRESENTATIONS ON COMPUTER (2023),SQG-10b,Ordinal,1,0,,,1: Agree a lot; 2: Agree a little; 3: Disagree a little; 4: Disagree a lot,9: Omitted or invalid; Sysmis: Not administered,.: Omitted or invalid; .A: Not administered,1: Agree a lot; 2: Agree a little; 3: Disagree a little; 4: Disagree a lot; 9: Omitted or invalid; Sysmis: Not administered,1: Agree a lot; 2: Agree a little; 3: Disagree a little; 4: Disagree a lot; .: Omitted or invalid; .A: Not administered,Background Questionnaire Variables,B,
ASBG10C,GEN\AGREE\CREATE GRAPHS ON COMPUTER (2023),SQG-10c,Ordinal,1,0,,,1: Agree a lot; 2: Agree a little; 3: Disagree a little; 4: Disagree a lot,9: Omitted or invalid; Sysmis: Not administered,.: Omitted or invalid; .A: Not administered,1: Agree a lot; 2: Agree a little; 3: Disagree a little; 4: Disagree a lot; 9: Omitted or invalid; Sysmis: Not administered,1: Agree a lot; 2: Agree a little; 3: Disagree a little; 4: Disagree a lot; .: Omitted or invalid; .A: Not administered,Background Questionnaire Variables,B,
ASBG10D,GEN\AGREE\FIND INFORMATION ONLINE (2023),SQG-10d,Ordinal,1,0,,,1: Agree a lot; 2: Agree a little; 3: Disagree a little; 4: Disagree a lot,9: Omitted or invalid; Sysmis: Not administered,.: Omitted or invalid; .A: Not administered,1: Agree a lot; 2: Agree a little; 3: Disagree a little; 4: Disagree a lot; 9: Omitted or invalid; Sysmis: Not administered,1: Agree a lot; 2: Agree a little; 3: Disagree a little; 4: Disagree a lot; .: Omitted or invalid; .A: Not administered,Background Questionnaire Variables,B,
ASBG10E,GEN\AGREE\TELL IF WEBSITE IS TRUSTWORTHY (2023),SQG-10e,Ordinal,1,0,,,1: Agree a lot; 2: Agree a little; 3: Disagree a little; 4: Disagree a lot,9: Omitted or invalid; Sysmis: Not administered,.: Omitted or invalid; .A: Not administered,1: Agree a lot; 2: Agree a little; 3: Disagree a little; 4: Disagree a lot; 9: Omitted or invalid; Sysmis: Not administered,1: Agree a lot; 2: Agree a little; 3: Disagree a little; 4: Disagree a lot; .: Omitted or invalid; .A: Not administered,Background Questionnaire Variables,B,
ASBG10F,GEN\AGREE\NEW THINGS ON COMPUTER (2023),SQG-10f,Ordinal,1,0,,,1: Agree a lot; 2: Agree a little; 3: Disagree a little; 4: Disagree a lot,9: Omitted or invalid; Sysmis: Not administered,.: Omitted or invalid; .A: Not administered,1: Agree a lot; 2: Agree a little; 3: Disagree a little; 4: Disagree a lot; 9: Omitted or invalid; Sysmis: Not administered,1: Agree a lot; 2: Agree a little; 3: Disagree a little; 4: Disagree a lot; .: Omitted or invalid; .A: Not administered,Background Questionnaire Variables,B,
ASBG10G,GEN\AGREE\HELP FRIENDS AND FAMILY (2023),SQG-10g,Ordinal,1,0,,,1: Agree a lot; 2: Agree a little; 3: Disagree a little; 4: Disagree a lot,9: Omitted or invalid; Sysmis: Not administered,.: Omitted or invalid; .A: Not administered,1: Agree a lot; 2: Agree a little; 3: Disagree a little; 4: Disagree a lot; 9: Omitted or invalid; Sysmis: Not administered,1: Agree a lot; 2: Agree a little; 3: Disagree a little; 4: Disagree a lot; .: Omitted or invalid; .A: Not administered,Background Questionnaire Variables,B,
ASBG11A,GEN\AGREE\PROTECTION OF PLANTS AND ANIMALS (2023),SQG-11a,Ordinal,1,0,,,1: Agree a lot; 2: Agree a little; 3: Disagree a little; 4: Disagree a lot,9: Omitted or invalid; Sysmis: Not administered,.: Omitted or invalid; .A: Not administered,1: Agree a lot; 2: Agree a little; 3: Disagree a little; 4: Disagree a lot; 9: Omitted or invalid; Sysmis: Not administered,1: Agree a lot; 2: Agree a little; 3: Disagree a little; 4: Disagree a lot; .: Omitted or invalid; .A: Not administered,Background Questionnaire Variables,B,
ASBG11B,GEN\AGREE\SAD WHEN NATURE DESTROYED (2023),SQG-11b,Ordinal,1,0,,,1: Agree a lot; 2: Agree a little; 3: Disagree a little; 4: Disagree a lot,9: Omitted or invalid; Sysmis: Not administered,.: Omitted or invalid; .A: Not administered,1: Agree a lot; 2: Agree a little; 3: Disagree a little; 4: Disagree a lot; 9: Omitted or invalid; Sysmis: Not administered,1: Agree a lot; 2: Agree a little; 3: Disagree a little; 4: Disagree a lot; .: Omitted or invalid; .A: Not administered,Background Questionnaire Variables,B,
ASBG11C,GEN\AGREE\LEARN ABOUT PLANTS AND ANIMALS (2023),SQG-11c,Ordinal,1,0,,,1: Agree a lot; 2: Agree a little; 3: Disagree a little; 4: Disagree a lot,9: Omitted or invalid; Sysmis: Not administered,.: Omitted or invalid; .A: Not administered,1: Agree a lot; 2: Agree a little; 3: Disagree a little; 4: Disagree a lot; 9: Omitted or invalid; Sysmis: Not administered,1: Agree a lot; 2: Agree a little; 3: Disagree a little; 4: Disagree a lot; .: Omitted or invalid; .A: Not administered,Background Questionnaire Variables,B,
ASBG11D,GEN\AGREE\ENJOY BEING IN NATURE (2023),SQG-11d,Ordinal,1,0,,,1: Agree a lot; 2: Agree a little; 3: Disagree a little; 4: Disagree a lot,9: Omitted or invalid; Sysmis: Not administered,.: Omitted or invalid; .A: Not administered,1: Agree a lot; 2: Agree a little; 3: Disagree a little; 4: Disagree a lot; 9: Omitted or invalid; Sysmis: Not administered,1: Agree a lot; 2: Agree a little; 3: Disagree a little; 4: Disagree a lot; .: Omitted or invalid; .A: Not administered,Background Questionnaire Variables,B,
ASBG11E,GEN\AGREE\CLIMATE CHANGE AS HIGH PRIORITY (2023),SQG-11e,Ordinal,1,0,,,1: Agree a lot; 2: Agree a little; 3: Disagree a little; 4: Disagree a lot,9: Omitted or invalid; Sysmis: Not administered,.: Omitted or invalid; .A: Not administered,1: Agree a lot; 2: Agree a little; 3: Disagree a little; 4: Disagree a lot; 9: Omitted or invalid; Sysmis: Not administered,1: Agree a lot; 2: Agree a little; 3: Disagree a little; 4: Disagree a lot; .: Omitted or invalid; .A: Not administered,Background Questionnaire Variables,B,
ASBG12A,GEN\HELP ENVIRONMENT\REUSE THINGS (2023),SQG-12a,Ordinal,1,0,,,1: Every day; 2: Almost every day; 3: Sometimes; 4: Never,9: Omitted or invalid; Sysmis: Not administered,.: Omitted or invalid; .A: Not administered,1: Every day; 2: Almost every day; 3: Sometimes; 4: Never; 9: Omitted or invalid; Sysmis: Not administered,1: Every day; 2: Almost every day; 3: Sometimes; 4: Never; .: Omitted or invalid; .A: Not administered,Background Questionnaire Variables,B,
ASBG12B,GEN\HELP ENVIRONMENT\SAVE RESOURCES (2023),SQG-12b,Ordinal,1,0,,,1: Every day; 2: Almost every day; 3: Sometimes; 4: Never,9: Omitted or invalid; Sysmis: Not administered,.: Omitted or invalid; .A: Not administered,1: Every day; 2: Almost every day; 3: Sometimes; 4: Never; 9: Omitted or invalid; Sysmis: Not administered,1: Every day; 2: Almost every day; 3: Sometimes; 4: Never; .: Omitted or invalid; .A: Not administered,Background Questionnaire Variables,B,
ASBG12C,GEN\HELP ENVIRONMENT\TALK ABOUT ENVIRONMENT (2023),SQG-12c,Ordinal,1,0,,,1: Every day; 2: Almost every day; 3: Sometimes; 4: Never,9: Omitted or invalid; Sysmis: Not administered,.: Omitted or invalid; .A: Not administered,1: Every day; 2: Almost every day; 3: Sometimes; 4: Never; 9: Omitted or invalid; Sysmis: Not administered,1: Every day; 2: Almost every day; 3: Sometimes; 4: Never; .: Omitted or invalid; .A: Not administered,Background Questionnaire Variables,B,
ASBG12D,GEN\HELP ENVIRONMENT\LEARN ABOUT ENVIRONMENT (2023),SQG-12d,Ordinal,1,0,,,1: Every day; 2: Almost every day; 3: Sometimes; 4: Never,9: Omitted or invalid; Sysmis: Not administered,.: Omitted or invalid; .A: Not administered,1: Every day; 2: Almost every day; 3: Sometimes; 4: Never; 9: Omitted or invalid; Sysmis: Not administered,1: Every day; 2: Almost every day; 3: Sometimes; 4: Never; .: Omitted or invalid; .A: Not administered,Background Questionnaire Variables,B,
ASBG12E,GEN\HELP ENVIRONMENT\PARTICIPATE IN ACTIVITIES (2023),SQG-12e,Ordinal,1,0,,,1: Every day; 2: Almost every day; 3: Sometimes; 4: Never,9: Omitted or invalid; Sysmis: Not administered,.: Omitted or invalid; .A: Not administered,1: Every day; 2: Almost every day; 3: Sometimes; 4: Never; 9: Omitted or invalid; Sysmis: Not administered,1: Every day; 2: Almost every day; 3: Sometimes; 4: Never; .: Omitted or invalid; .A: Not administered,Background Questionnaire Variables,B,
ASBG12F,GEN\HELP ENVIRONMENT\TELL FRIENDS (2023),SQG-12f,Ordinal,1,0,,,1: Every day; 2: Almost every day; 3: Sometimes; 4: Never,9: Omitted or invalid; Sysmis: Not administered,.: Omitted or invalid; .A: Not administered,1: Every day; 2: Almost every day; 3: Sometimes; 4: Never; 9: Omitted or invalid; Sysmis: Not administered,1: Every day; 2: Almost every day; 3: Sometimes; 4: Never; .: Omitted or invalid; .A: Not administered,Background Questionnaire Variables,B,
ASBG13A,GEN\AGREE\BEING IN SCHOOL (2023),SQG-13a,Ordinal,1,0,,,1: Agree a lot; 2: Agree a little; 3: Disagree a little; 4: Disagree a lot,9: Omitted or invalid; Sysmis: Not administered,.: Omitted or invalid; .A: Not administered,1: Agree a lot; 2: Agree a little; 3: Disagree a little; 4: Disagree a lot; 9: Omitted or invalid; Sysmis: Not administered,1: Agree a lot; 2: Agree a little; 3: Disagree a little; 4: Disagree a lot; .: Omitted or invalid; .A: Not administered,Background Questionnaire Variables,B,
ASBG13B,GEN\AGREE\SAFE AT SCHOOL (2023),SQG-13b,Ordinal,1,0,,,1: Agree a lot; 2: Agree a little; 3: Disagree a little; 4: Disagree a lot,9: Omitted or invalid; Sysmis: Not administered,.: Omitted or invalid; .A: Not administered,1: Agree a lot; 2: Agree a little; 3: Disagree a little; 4: Disagree a lot; 9: Omitted or invalid; Sysmis: Not administered,1: Agree a lot; 2: Agree a little; 3: Disagree a little; 4: Disagree a lot; .: Omitted or invalid; .A: Not administered,Background Questionnaire Variables,B,
ASBG13C,GEN\AGREE\BELONG AT SCHOOL (2023),SQG-13c,Ordinal,1,0,,,1: Agree a lot; 2: Agree a little; 3: Disagree a little; 4: Disagree a lot,9: Omitted or invalid; Sysmis: Not administered,.: Omitted or invalid; .A: Not administered,1: Agree a lot; 2: Agree a little; 3: Disagree a little; 4: Disagree a lot; 9: Omitted or invalid; Sysmis: Not administered,1: Agree a lot; 2: Agree a little; 3: Disagree a little; 4: Disagree a lot; .: Omitted or invalid; .A: Not administered,Background Questionnaire Variables,B,
ASBG13D,GEN\AGREE\TEACHERS CARE (2023),SQG-13d,Ordinal,1,0,,,1: Agree a lot; 2: Agree a little; 3: Disagree a little; 4: Disagree a lot,9: Omitted or invalid; Sysmis: Not administered,.: Omitted or invalid; .A: Not administered,1: Agree a lot; 2: Agree a little; 3: Disagree a little; 4: Disagree a lot; 9: Omitted or invalid; Sysmis: Not administered,1: Agree a lot; 2: Agree a little; 3: Disagree a little; 4: Disagree a lot; .: Omitted or invalid; .A: Not administered,Background Questionnaire Variables,B,
ASBG13E,GEN\AGREE\PROUD TO GO TO THIS SCHOOL (2023),SQG-13e,Ordinal,1,0,,,1: Agree a lot; 2: Agree a little; 3: Disagree a little; 4: Disagree a lot,9: Omitted or invalid; Sysmis: Not administered,.: Omitted or invalid; .A: Not administered,1: Agree a lot; 2: Agree a little; 3: Disagree a little; 4: Disagree a lot; 9: Omitted or invalid; Sysmis: Not administered,1: Agree a lot; 2: Agree a little; 3: Disagree a little; 4: Disagree a lot; .: Omitted or invalid; .A: Not administered,Background Questionnaire Variables,B,
ASBG13F,GEN\AGREE\FRIENDS AT SCHOOL (2023),SQG-13f,Ordinal,1,0,,,1: Agree a lot; 2: Agree a little; 3: Disagree a little; 4: Disagree a lot,9: Omitted or invalid; Sysmis: Not administered,.: Omitted or invalid; .A: Not administered,1: Agree a lot; 2: Agree a little; 3: Disagree a little; 4: Disagree a lot; 9: Omitted or invalid; Sysmis: Not administered,1: Agree a lot; 2: Agree a little; 3: Disagree a little; 4: Disagree a lot; .: Omitted or invalid; .A: Not administered,Background Questionnaire Variables,B,
ASBG13G,GEN\AGREE\STUDENTS LIKE (2023),SQG-13g,Ordinal,1,0,,,1: Agree a lot; 2: Agree a little; 3: Disagree a little; 4: Disagree a lot,9: Omitted or invalid; Sysmis: Not administered,.: Omitted or invalid; .A: Not administered,1: Agree a lot; 2: Agree a little; 3: Disagree a little; 4: Disagree a lot; 9: Omitted or invalid; Sysmis: Not administered,1: Agree a lot; 2: Agree a little; 3: Disagree a little; 4: Disagree a lot; .: Omitted or invalid; .A: Not administered,Background Questionnaire Variables,B,
ASBG14A,GEN\HOW OFTEN\MADE FUN OF (2023),SQG-14a,Ordinal,1,0,,,1: At least once a week; 2: Once or twice a month; 3: A few times a year; 4: Never,9: Omitted or invalid; Sysmis: Not administered,.: Omitted or invalid; .A: Not administered,1: At least once a week; 2: Once or twice a month; 3: A few times a year; 4: Never; 9: Omitted or invalid; Sysmis: Not administered,1: At least once a week; 2: Once or twice a month; 3: A few times a year; 4: Never; .: Omitted or invalid; .A: Not administered,Background Questionnaire Variables,B,
ASBG14B,GEN\HOW OFTEN\LEFT OUT OF GAMES (2023),SQG-14b,Ordinal,1,0,,,1: At least once a week; 2: Once or twice a month; 3: A few times a year; 4: Never,9: Omitted or invalid; Sysmis: Not administered,.: Omitted or invalid; .A: Not administered,1: At least once a week; 2: Once or twice a month; 3: A few times a year; 4: Never; 9: Omitted or invalid; Sysmis: Not administered,1: At least once a week; 2: Once or twice a month; 3: A few times a year; 4: Never; .: Omitted or invalid; .A: Not administered,Background Questionnaire Variables,B,
ASBG14C,GEN\HOW OFTEN\SPREADING LIES ABOUT ME (2023),SQG-14c,Ordinal,1,0,,,1: At least once a week; 2: Once or twice a month; 3: A few times a year; 4: Never,9: Omitted or invalid; Sysmis: Not administered,.: Omitted or invalid; .A: Not administered,1: At least once a week; 2: Once or twice a month; 3: A few times a year; 4: Never; 9: Omitted or invalid; Sysmis: Not administered,1: At least once a week; 2: Once or twice a month; 3: A few times a year; 4: Never; .: Omitted or invalid; .A: Not administered,Background Questionnaire Variables,B,
ASBG14D,GEN\HOW OFTEN\STEALING STH FROM ME (2023),SQG-14d,Ordinal,1,0,,,1: At least once a week; 2: Once or twice a month; 3: A few times a year; 4: Never,9: Omitted or invalid; Sysmis: Not administered,.: Omitted or invalid; .A: Not administered,1: At least once a week; 2: Once or twice a month; 3: A few times a year; 4: Never; 9: Omitted or invalid; Sysmis: Not administered,1: At least once a week; 2: Once or twice a month; 3: A few times a year; 4: Never; .: Omitted or invalid; .A: Not administered,Background Questionnaire Variables,B,
ASBG14E,GEN\HOW OFTEN\DAMAGING STH OF MINE (2023),SQG-14e,Ordinal,1,0,,,1: At least once a week; 2: Once or twice a month; 3: A few times a year; 4: Never,9: Omitted or invalid; Sysmis: Not administered,.: Omitted or invalid; .A: Not administered,1: At least once a week; 2: Once or twice a month; 3: A few times a year; 4: Never; 9: Omitted or invalid; Sysmis: Not administered,1: At least once a week; 2: Once or twice a month; 3: A few times a year; 4: Never; .: Omitted or invalid; .A: Not administered,Background Questionnaire Variables,B,
ASBG14F,GEN\HOW OFTEN\HURT BY OTHERS (2023),SQG-14f,Ordinal,1,0,,,1: At least once a week; 2: Once or twice a month; 3: A few times a year; 4: Never,9: Omitted or invalid; Sysmis: Not administered,.: Omitted or invalid; .A: Not administered,1: At least once a week; 2: Once or twice a month; 3: A few times a year; 4: Never; 9: Omitted or invalid; Sysmis: Not administered,1: At least once a week; 2: Once or twice a month; 3: A few times a year; 4: Never; .: Omitted or invalid; .A: Not administered,Background Questionnaire Variables,B,
ASBG14G,GEN\HOW OFTEN\FORCE TO DO STH (2023),SQG-14g,Ordinal,1,0,,,1: At least once a week; 2: Once or twice a month; 3: A few times a year; 4: Never,9: Omitted or invalid; Sysmis: Not administered,.: Omitted or invalid; .A: Not administered,1: At least once a week; 2: Once or twice a month; 3: A few times a year; 4: Never; 9: Omitted or invalid; Sysmis: Not administered,1: At least once a week; 2: Once or twice a month; 3: A few times a year; 4: Never; .: Omitted or invalid; .A: Not administered,Background Questionnaire Variables,B,
ASBG14H,GEN\HOW OFTEN\SENT HURTFUL MESSAGES (2023),SQG-14h,Ordinal,1,0,,,1: At least once a week; 2: Once or twice a month; 3: A few times a year; 4: Never,9: Omitted or invalid; Sysmis: Not administered,.: Omitted or invalid; .A: Not administered,1: At least once a week; 2: Once or twice a month; 3: A few times a year; 4: Never; 9: Omitted or invalid; Sysmis: Not administered,1: At least once a week; 2: Once or twice a month; 3: A few times a year; 4: Never; .: Omitted or invalid; .A: Not administered,Background Questionnaire Variables,B,
ASBG14I,GEN\HOW OFTEN\SHARED THINGS ONLINE (2023),SQG-14i,Ordinal,1,0,,,1: At least once a week; 2: Once or twice a month; 3: A few times a year; 4: Never,9: Omitted or invalid; Sysmis: Not administered,.: Omitted or invalid; .A: Not administered,1: At least once a week; 2: Once or twice a month; 3: A few times a year; 4: Never; 9: Omitted or invalid; Sysmis: Not administered,1: At least once a week; 2: Once or twice a month; 3: A few times a year; 4: Never; .: Omitted or invalid; .A: Not administered,Background Questionnaire Variables,B,
ASBG14J,GEN\HOW OFTEN\SHARED PHOTOS ONLINE (2023),SQG-14j,Ordinal,1,0,,,1: At least once a week; 2: Once or twice a month; 3: A few times a year; 4: Never,9: Omitted or invalid; Sysmis: Not administered,.: Omitted or invalid; .A: Not administered,1: At least once a week; 2: Once or twice a month; 3: A few times a year; 4: Never; 9: Omitted or invalid; Sysmis: Not administered,1: At least once a week; 2: Once or twice a month; 3: A few times a year; 4: Never; .: Omitted or invalid; .A: Not administered,Background Questionnaire Variables,B,
ASBG14K,GEN\HOW OFTEN\THREATENED (2023),SQG-14k,Ordinal,1,0,,,1: At least once a week; 2: Once or twice a month; 3: A few times a year; 4: Never,9: Omitted or invalid; Sysmis: Not administered,.: Omitted or invalid; .A: Not administered,1: At least once a week; 2: Once or twice a month; 3: A few times a year; 4: Never; 9: Omitted or invalid; Sysmis: Not administered,1: At least once a week; 2: Once or twice a month; 3: A few times a year; 4: Never; .: Omitted or invalid; .A: Not administered,Background Questionnaire Variables,B,
ASBM01,MAT\HOW OFTEN\WORK ON YOUR OWN (2023),SQMS-01,Ordinal,1,0,,,1: Every or almost every lesson; 2: About half the lessons; 3: Some lessons; 4: Never,9: Omitted or invalid; Sysmis: Not administered,.: Omitted or invalid; .A: Not administered,1: Every or almost every lesson; 2: About half the lessons; 3: Some lessons; 4: Never; 9: Omitted or invalid; Sysmis: Not administered,1: Every or almost every lesson; 2: About half the lessons; 3: Some lessons; 4: Never; .: Omitted or invalid; .A: Not administered,Background Questionnaire Variables,B,
ASBM02A,MAT\AGREE\ENJOY LEARNING MATHEMATICS (2023),SQMS-02a,Ordinal,1,0,,,1: Agree a lot; 2: Agree a little; 3: Disagree a little; 4: Disagree a lot,9: Omitted or invalid; Sysmis: Not administered,.: Omitted or invalid; .A: Not administered,1: Agree a lot; 2: Agree a little; 3: Disagree a little; 4: Disagree a lot; 9: Omitted or invalid; Sysmis: Not administered,1: Agree a lot; 2: Agree a little; 3: Disagree a little; 4: Disagree a lot; .: Omitted or invalid; .A: Not administered,Background Questionnaire Variables,B,
ASBM02B,MAT\AGREE\WISH HAVE NOT TO STUDY MATH (2023),SQMS-02b,Ordinal,1,0,,,1: Agree a lot; 2: Agree a little; 3: Disagree a little; 4: Disagree a lot,9: Omitted or invalid; Sysmis: Not administered,.: Omitted or invalid; .A: Not administered,1: Agree a lot; 2: Agree a little; 3: Disagree a little; 4: Disagree a lot; 9: Omitted or invalid; Sysmis: Not administered,1: Agree a lot; 2: Agree a little; 3: Disagree a little; 4: Disagree a lot; .: Omitted or invalid; .A: Not administered,Background Questionnaire Variables,B,
ASBM02C,MAT\AGREE\MATH IS BORING (2023),SQMS-02c,Ordinal,1,0,,,1: Agree a lot; 2: Agree a little; 3: Disagree a little; 4: Disagree a lot,9: Omitted or invalid; Sysmis: Not administered,.: Omitted or invalid; .A: Not administered,1: Agree a lot; 2: Agree a little; 3: Disagree a little; 4: Disagree a lot; 9: Omitted or invalid; Sysmis: Not administered,1: Agree a lot; 2: Agree a little; 3: Disagree a little; 4: Disagree a lot; .: Omitted or invalid; .A: Not administered,Background Questionnaire Variables,B,
ASBM02D,MAT\AGREE\LEARN INTERESTING THINGS (2023),SQMS-02d,Ordinal,1,0,,,1: Agree a lot; 2: Agree a little; 3: Disagree a little; 4: Disagree a lot,9: Omitted or invalid; Sysmis: Not administered,.: Omitted or invalid; .A: Not administered,1: Agree a lot; 2: Agree a little; 3: Disagree a little; 4: Disagree a lot; 9: Omitted or invalid; Sysmis: Not administered,1: Agree a lot; 2: Agree a little; 3: Disagree a little; 4: Disagree a lot; .: Omitted or invalid; .A: Not administered,Background Questionnaire Variables,B,
ASBM02E,MAT\AGREE\LIKE MATHEMATICS (2023),SQMS-02e,Ordinal,1,0,,,1: Agree a lot; 2: Agree a little; 3: Disagree a little; 4: Disagree a lot,9: Omitted or invalid; Sysmis: Not administered,.: Omitted or invalid; .A: Not administered,1: Agree a lot; 2: Agree a little; 3: Disagree a little; 4: Disagree a lot; 9: Omitted or invalid; Sysmis: Not administered,1: Agree a lot; 2: Agree a little; 3: Disagree a little; 4: Disagree a lot; .: Omitted or invalid; .A: Not administered,Background Questionnaire Variables,B,
ASBM02F,MAT\AGREE\SCHOOLWORK INVOLVES NUMBERS (2023),SQMS-02f,Ordinal,1,0,,,1: Agree a lot; 2: Agree a little; 3: Disagree a little; 4: Disagree a lot,9: Omitted or invalid; Sysmis: Not administered,.: Omitted or invalid; .A: Not administered,1: Agree a lot; 2: Agree a little; 3: Disagree a little; 4: Disagree a lot; 9: Omitted or invalid; Sysmis: Not administered,1: Agree a lot; 2: Agree a little; 3: Disagree a little; 4: Disagree a lot; .: Omitted or invalid; .A: Not administered,Background Questionnaire Variables,B,
ASBM02G,MAT\AGREE\LIKE MATH PROBLEMS (2023),SQMS-02g,Ordinal,1,0,,,1: Agree a lot; 2: Agree a little; 3: Disagree a little; 4: Disagree a lot,9: Omitted or invalid; Sysmis: Not administered,.: Omitted or invalid; .A: Not administered,1: Agree a lot; 2: Agree a little; 3: Disagree a little; 4: Disagree a lot; 9: Omitted or invalid; Sysmis: Not administered,1: Agree a lot; 2: Agree a little; 3: Disagree a little; 4: Disagree a lot; .: Omitted or invalid; .A: Not administered,Background Questionnaire Variables,B,
ASBM02H,MAT\AGREE\LOOK FORWARD TO MATH LESSONS (2023),SQMS-02h,Ordinal,1,0,,,1: Agree a lot; 2: Agree a little; 3: Disagree a little; 4: Disagree a lot,9: Omitted or invalid; Sysmis: Not administered,.: Omitted or invalid; .A: Not administered,1: Agree a lot; 2: Agree a little; 3: Disagree a little; 4: Disagree a lot; 9: Omitted or invalid; Sysmis: Not administered,1: Agree a lot; 2: Agree a little; 3: Disagree a little; 4: Disagree a lot; .: Omitted or invalid; .A: Not administered,Background Questionnaire Variables,B,
ASBM02I,MAT\AGREE\MATH FAVORITE SUBJECT (2023),SQMS-02i,Ordinal,1,0,,,1: Agree a lot; 2: Agree a little; 3: Disagree a little; 4: Disagree a lot,9: Omitted or invalid; Sysmis: Not administered,.: Omitted or invalid; .A: Not administered,1: Agree a lot; 2: Agree a little; 3: Disagree a little; 4: Disagree a lot; 9: Omitted or invalid; Sysmis: Not administered,1: Agree a lot; 2: Agree a little; 3: Disagree a little; 4: Disagree a lot; .: Omitted or invalid; .A: Not administered,Background Questionnaire Variables,B,
ASBM03A,MAT\AGREE\TEACHER MAKES IT CLEAR (2023),SQMS-03a,Ordinal,1,0,,,1: Agree a lot; 2: Agree a little; 3: Disagree a little; 4: Disagree a lot,9: Omitted or invalid; Sysmis: Not administered,.: Omitted or invalid; .A: Not administered,1: Agree a lot; 2: Agree a little; 3: Disagree a little; 4: Disagree a lot; 9: Omitted or invalid; Sysmis: Not administered,1: Agree a lot; 2: Agree a little; 3: Disagree a little; 4: Disagree a lot; .: Omitted or invalid; .A: Not administered,Background Questionnaire Variables,B,
ASBM03B,MAT\AGREE\TEACHER IS EASY TO UNDERSTAND (2023),SQMS-03b,Ordinal,1,0,,,1: Agree a lot; 2: Agree a little; 3: Disagree a little; 4: Disagree a lot,9: Omitted or invalid; Sysmis: Not administered,.: Omitted or invalid; .A: Not administered,1: Agree a lot; 2: Agree a little; 3: Disagree a little; 4: Disagree a lot; 9: Omitted or invalid; Sysmis: Not administered,1: Agree a lot; 2: Agree a little; 3: Disagree a little; 4: Disagree a lot; .: Omitted or invalid; .A: Not administered,Background Questionnaire Variables,B,
ASBM03C,MAT\AGREE\CLEAR ANSWERS (2023),SQMS-03c,Ordinal,1,0,,,1: Agree a lot; 2: Agree a little; 3: Disagree a little; 4: Disagree a lot,9: Omitted or invalid; Sysmis: Not administered,.: Omitted or invalid; .A: Not administered,1: Agree a lot; 2: Agree a little; 3: Disagree a little; 4: Disagree a lot; 9: Omitted or invalid; Sysmis: Not administered,1: Agree a lot; 2: Agree a little; 3: Disagree a little; 4: Disagree a lot; .: Omitted or invalid; .A: Not administered,Background Questionnaire Variables,B,
ASBM03D,MAT\AGREE\TEACHER GOOD AT EXPLAINING (2023),SQMS-03d,Ordinal,1,0,,,1: Agree a lot; 2: Agree a little; 3: Disagree a little; 4: Disagree a lot,9: Omitted or invalid; Sysmis: Not administered,.: Omitted or invalid; .A: Not administered,1: Agree a lot; 2: Agree a little; 3: Disagree a little; 4: Disagree a lot; 9: Omitted or invalid; Sysmis: Not administered,1: Agree a lot; 2: Agree a little; 3: Disagree a little; 4: Disagree a lot; .: Omitted or invalid; .A: Not administered,Background Questionnaire Variables,B,
ASBM03E,MAT\AGREE\TEACHER DOES A VARIETY (2023),SQMS-03e,Ordinal,1,0,,,1: Agree a lot; 2: Agree a little; 3: Disagree a little; 4: Disagree a lot,9: Omitted or invalid; Sysmis: Not administered,.: Omitted or invalid; .A: Not administered,1: Agree a lot; 2: Agree a little; 3: Disagree a little; 4: Disagree a lot; 9: Omitted or invalid; Sysmis: Not administered,1: Agree a lot; 2: Agree a little; 3: Disagree a little; 4: Disagree a lot; .: Omitted or invalid; .A: Not administered,Background Questionnaire Variables,B,
ASBM03F,MAT\AGREE\TEACHER EXPLAINS AGAIN (2023),SQMS-03f,Ordinal,1,0,,,1: Agree a lot; 2: Agree a little; 3: Disagree a little; 4: Disagree a lot,9: Omitted or invalid; Sysmis: Not administered,.: Omitted or invalid; .A: Not administered,1: Agree a lot; 2: Agree a little; 3: Disagree a little; 4: Disagree a lot; 9: Omitted or invalid; Sysmis: Not administered,1: Agree a lot; 2: Agree a little; 3: Disagree a little; 4: Disagree a lot; .: Omitted or invalid; .A: Not administered,Background Questionnaire Variables,B,
ASBM03G,MAT\AGREE\TEACHER GIVES FEEDBACK (2023),SQMS-03g,Ordinal,1,0,,,1: Agree a lot; 2: Agree a little; 3: Disagree a little; 4: Disagree a lot,9: Omitted or invalid; Sysmis: Not administered,.: Omitted or invalid; .A: Not administered,1: Agree a lot; 2: Agree a little; 3: Disagree a little; 4: Disagree a lot; 9: Omitted or invalid; Sysmis: Not administered,1: Agree a lot; 2: Agree a little; 3: Disagree a little; 4: Disagree a lot; .: Omitted or invalid; .A: Not administered,Background Questionnaire Variables,B,
ASBM03H,MAT\AGREE\TEACHER ASKS TO SHOW (2023),SQMS-03h,Ordinal,1,0,,,1: Agree a lot; 2: Agree a little; 3: Disagree a little; 4: Disagree a lot,9: Omitted or invalid; Sysmis: Not administered,.: Omitted or invalid; .A: Not administered,1: Agree a lot; 2: Agree a little; 3: Disagree a little; 4: Disagree a lot; 9: Omitted or invalid; Sysmis: Not administered,1: Agree a lot; 2: Agree a little; 3: Disagree a little; 4: Disagree a lot; .: Omitted or invalid; .A: Not administered,Background Questionnaire Variables,B,
ASBM03I,MAT\AGREE\TEACHER ASKS TO EXPLAIN (2023),SQMS-03i,Ordinal,1,0,,,1: Agree a lot; 2: Agree a little; 3: Disagree a little; 4: Disagree a lot,9: Omitted or invalid; Sysmis: Not administered,.: Omitted or invalid; .A: Not administered,1: Agree a lot; 2: Agree a little; 3: Disagree a little; 4: Disagree a lot; 9: Omitted or invalid; Sysmis: Not administered,1: Agree a lot; 2: Agree a little; 3: Disagree a little; 4: Disagree a lot; .: Omitted or invalid; .A: Not administered,Background Questionnaire Variables,B,
ASBM04A,MAT\HOW OFTEN\STUDENTS NOT LISTEN (2023),SQMS-04a,Ordinal,1,0,,,1: Every or almost every lesson; 2: About half the lessons; 3: Some lessons; 4: Never,9: Omitted or invalid; Sysmis: Not administered,.: Omitted or invalid; .A: Not administered,1: Every or almost every lesson; 2: About half the lessons; 3: Some lessons; 4: Never; 9: Omitted or invalid; Sysmis: Not administered,1: Every or almost every lesson; 2: About half the lessons; 3: Some lessons; 4: Never; .: Omitted or invalid; .A: Not administered,Background Questionnaire Variables,B,
ASBM04B,MAT\HOW OFTEN\DISRUPTIVE NOISE (2023),SQMS-04b,Ordinal,1,0,,,1: Every or almost every lesson; 2: About half the lessons; 3: Some lessons; 4: Never,9: Omitted or invalid; Sysmis: Not administered,.: Omitted or invalid; .A: Not administered,1: Every or almost every lesson; 2: About half the lessons; 3: Some lessons; 4: Never; 9: Omitted or invalid; Sysmis: Not administered,1: Every or almost every lesson; 2: About half the lessons; 3: Some lessons; 4: Never; .: Omitted or invalid; .A: Not administered,Background Questionnaire Variables,B,
ASBM04C,MAT\HOW OFTEN\WAIT LONG TIME TO QUIET (2023),SQMS-04c,Ordinal,1,0,,,1: Every or almost every lesson; 2: About half the lessons; 3: Some lessons; 4: Never,9: Omitted or invalid; Sysmis: Not administered,.: Omitted or invalid; .A: Not administered,1: Every or almost every lesson; 2: About half the lessons; 3: Some lessons; 4: Never; 9: Omitted or invalid; Sysmis: Not administered,1: Every or almost every lesson; 2: About half the lessons; 3: Some lessons; 4: Never; .: Omitted or invalid; .A: Not administered,Background Questionnaire Variables,B,
ASBM04D,MAT\HOW OFTEN\STUDENTS INTERRUPT TCH (2023),SQMS-04d,Ordinal,1,0,,,1: Every or almost every lesson; 2: About half the lessons; 3: Some lessons; 4: Never,9: Omitted or invalid; Sysmis: Not administered,.: Omitted or invalid; .A: Not administered,1: Every or almost every lesson; 2: About half the lessons; 3: Some lessons; 4: Never; 9: Omitted or invalid; Sysmis: Not administered,1: Every or almost every lesson; 2: About half the lessons; 3: Some lessons; 4: Never; .: Omitted or invalid; .A: Not administered,Background Questionnaire Variables,B,
ASBM04E,MAT\HOW OFTEN\KEEP TELLING RULES (2023),SQMS-04e,Ordinal,1,0,,,1: Every or almost every lesson; 2: About half the lessons; 3: Some lessons; 4: Never,9: Omitted or invalid; Sysmis: Not administered,.: Omitted or invalid; .A: Not administered,1: Every or almost every lesson; 2: About half the lessons; 3: Some lessons; 4: Never; 9: Omitted or invalid; Sysmis: Not administered,1: Every or almost every lesson; 2: About half the lessons; 3: Some lessons; 4: Never; .: Omitted or invalid; .A: Not administered,Background Questionnaire Variables,B,
ASBM04F,MAT\HOW OFTEN\OTHER STDS BEHAVIOR (2023),SQMS-04f,Ordinal,1,0,,,1: Every or almost every lesson; 2: About half the lessons; 3: Some lessons; 4: Never,9: Omitted or invalid; Sysmis: Not administered,.: Omitted or invalid; .A: Not administered,1: Every or almost every lesson; 2: About half the lessons; 3: Some lessons; 4: Never; 9: Omitted or invalid; Sysmis: Not administered,1: Every or almost every lesson; 2: About half the lessons; 3: Some lessons; 4: Never; .: Omitted or invalid; .A: Not administered,Background Questionnaire Variables,B,
ASBM05A,MAT\AGREE\USUALLY DO WELL IN MATH (2023),SQMS-05a,Ordinal,1,0,,,1: Agree a lot; 2: Agree a little; 3: Disagree a little; 4: Disagree a lot,9: Omitted or invalid; Sysmis: Not administered,.: Omitted or invalid; .A: Not administered,1: Agree a lot; 2: Agree a little; 3: Disagree a little; 4: Disagree a lot; 9: Omitted or invalid; Sysmis: Not administered,1: Agree a lot; 2: Agree a little; 3: Disagree a little; 4: Disagree a lot; .: Omitted or invalid; .A: Not administered,Background Questionnaire Variables,B,
ASBM05B,MAT\AGREE\HARDER FOR ME THAN FOR OTHERS (2023),SQMS-05b,Ordinal,1,0,,,1: Agree a lot; 2: Agree a little; 3: Disagree a little; 4: Disagree a lot,9: Omitted or invalid; Sysmis: Not administered,.: Omitted or invalid; .A: Not administered,1: Agree a lot; 2: Agree a little; 3: Disagree a little; 4: Disagree a lot; 9: Omitted or invalid; Sysmis: Not administered,1: Agree a lot; 2: Agree a little; 3: Disagree a little; 4: Disagree a lot; .: Omitted or invalid; .A: Not administered,Background Questionnaire Variables,B,
ASBM05C,MAT\AGREE\JUST NOT GOOD IN MATH (2023),SQMS-05c,Ordinal,1,0,,,1: Agree a lot; 2: Agree a little; 3: Disagree a little; 4: Disagree a lot,9: Omitted or invalid; Sysmis: Not administered,.: Omitted or invalid; .A: Not administered,1: Agree a lot; 2: Agree a little; 3: Disagree a little; 4: Disagree a lot; 9: Omitted or invalid; Sysmis: Not administered,1: Agree a lot; 2: Agree a little; 3: Disagree a little; 4: Disagree a lot; .: Omitted or invalid; .A: Not administered,Background Questionnaire Variables,B,
ASBM05D,MAT\AGREE\MATHEMATICS IS EASY FOR ME (2023),SQMS-05d,Ordinal,1,0,,,1: Agree a lot; 2: Agree a little; 3: Disagree a little; 4: Disagree a lot,9: Omitted or invalid; Sysmis: Not administered,.: Omitted or invalid; .A: Not administered,1: Agree a lot; 2: Agree a little; 3: Disagree a little; 4: Disagree a lot; 9: Omitted or invalid; Sysmis: Not administered,1: Agree a lot; 2: Agree a little; 3: Disagree a little; 4: Disagree a lot; .: Omitted or invalid; .A: Not administered,Background Questionnaire Variables,B,
ASBM05E,MAT\AGREE\GOOD AT WORKING OUT PROBLEMS (2023),SQMS-05e,Ordinal,1,0,,,1: Agree a lot; 2: Agree a little; 3: Disagree a little; 4: Disagree a lot,9: Omitted or invalid; Sysmis: Not administered,.: Omitted or invalid; .A: Not administered,1: Agree a lot; 2: Agree a little; 3: Disagree a little; 4: Disagree a lot; 9: Omitted or invalid; Sysmis: Not administered,1: Agree a lot; 2: Agree a little; 3: Disagree a little; 4: Disagree a lot; .: Omitted or invalid; .A: Not administered,Background Questionnaire Variables,B,
ASBM05F,MAT\AGREE\MATHEMATICS HARDER FOR ME (2023),SQMS-05f,Ordinal,1,0,,,1: Agree a lot; 2: Agree a little; 3: Disagree a little; 4: Disagree a lot,9: Omitted or invalid; Sysmis: Not administered,.: Omitted or invalid; .A: Not administered,1: Agree a lot; 2: Agree a little; 3: Disagree a little; 4: Disagree a lot; 9: Omitted or invalid; Sysmis: Not administered,1: Agree a lot; 2: Agree a little; 3: Disagree a little; 4: Disagree a lot; .: Omitted or invalid; .A: Not administered,Background Questionnaire Variables,B,
ASBM05G,MAT\AGREE\MATH MAKES ME CONFUSED (2023),SQMS-05g,Ordinal,1,0,,,1: Agree a lot; 2: Agree a little; 3: Disagree a little; 4: Disagree a lot,9: Omitted or invalid; Sysmis: Not administered,.: Omitted or invalid; .A: Not administered,1: Agree a lot; 2: Agree a little; 3: Disagree a little; 4: Disagree a lot; 9: Omitted or invalid; Sysmis: Not administered,1: Agree a lot; 2: Agree a little; 3: Disagree a little; 4: Disagree a lot; .: Omitted or invalid; .A: Not administered,Background Questionnaire Variables,B,
ASBS06,SCI\HOW OFTEN CONDUCT EXPERIMENTS (2023),SQMS-06,Ordinal,1,0,,,1: At least once a week; 2: Once or twice a month; 3: A few times a year; 4: Never,9: Omitted or invalid; Sysmis: Not administered,.: Omitted or invalid; .A: Not administered,1: At least once a week; 2: Once or twice a month; 3: A few times a year; 4: Never; 9: Omitted or invalid; Sysmis: Not administered,1: At least once a week; 2: Once or twice a month; 3: A few times a year; 4: Never; .: Omitted or invalid; .A: Not administered,Background Questionnaire Variables,B,
ASBS07A,SCI\AGREE\ENJOY LEARNING SCIENCE (2023),SQMS-07a,Ordinal,1,0,,,1: Agree a lot; 2: Agree a little; 3: Disagree a little; 4: Disagree a lot,9: Omitted or invalid; Sysmis: Not administered,.: Omitted or invalid; .A: Not administered,1: Agree a lot; 2: Agree a little; 3: Disagree a little; 4: Disagree a lot; 9: Omitted or invalid; Sysmis: Not administered,1: Agree a lot; 2: Agree a little; 3: Disagree a little; 4: Disagree a lot; .: Omitted or invalid; .A: Not administered,Background Questionnaire Variables,B,
ASBS07B,SCI\AGREE\WISH HAVE NOT TO STUDY SCIENCE (2023),SQMS-07b,Ordinal,1,0,,,1: Agree a lot; 2: Agree a little; 3: Disagree a little; 4: Disagree a lot,9: Omitted or invalid; Sysmis: Not administered,.: Omitted or invalid; .A: Not administered,1: Agree a lot; 2: Agree a little; 3: Disagree a little; 4: Disagree a lot; 9: Omitted or invalid; Sysmis: Not administered,1: Agree a lot; 2: Agree a little; 3: Disagree a little; 4: Disagree a lot; .: Omitted or invalid; .A: Not administered,Background Questionnaire Variables,B,
ASBS07C,SCI\AGREE\SCIENCE IS BORING (2023),SQMS-07c,Ordinal,1,0,,,1: Agree a lot; 2: Agree a little; 3: Disagree a little; 4: Disagree a lot,9: Omitted or invalid; Sysmis: Not administered,.: Omitted or invalid; .A: Not administered,1: Agree a lot; 2: Agree a little; 3: Disagree a little; 4: Disagree a lot; 9: Omitted or invalid; Sysmis: Not administered,1: Agree a lot; 2: Agree a little; 3: Disagree a little; 4: Disagree a lot; .: Omitted or invalid; .A: Not administered,Background Questionnaire Variables,B,
ASBS07D,SCI\AGREE\LEARN INTERESTING THINGS (2023),SQMS-07d,Ordinal,1,0,,,1: Agree a lot; 2: Agree a little; 3: Disagree a little; 4: Disagree a lot,9: Omitted or invalid; Sysmis: Not administered,.: Omitted or invalid; .A: Not administered,1: Agree a lot; 2: Agree a little; 3: Disagree a little; 4: Disagree a lot; 9: Omitted or invalid; Sysmis: Not administered,1: Agree a lot; 2: Agree a little; 3: Disagree a little; 4: Disagree a lot; .: Omitted or invalid; .A: Not administered,Background Questionnaire Variables,B,
ASBS07E,SCI\AGREE\LIKE SCIENCE (2023),SQMS-07e,Ordinal,1,0,,,1: Agree a lot; 2: Agree a little; 3: Disagree a little; 4: Disagree a lot,9: Omitted or invalid; Sysmis: Not administered,.: Omitted or invalid; .A: Not administered,1: Agree a lot; 2: Agree a little; 3: Disagree a little; 4: Disagree a lot; 9: Omitted or invalid; Sysmis: Not administered,1: Agree a lot; 2: Agree a little; 3: Disagree a little; 4: Disagree a lot; .: Omitted or invalid; .A: Not administered,Background Questionnaire Variables,B,
ASBS07F,SCI\AGREE\LOOK FORWARD TO LEARN (2023),SQMS-07f,Ordinal,1,0,,,1: Agree a lot; 2: Agree a little; 3: Disagree a little; 4: Disagree a lot,9: Omitted or invalid; Sysmis: Not administered,.: Omitted or invalid; .A: Not administered,1: Agree a lot; 2: Agree a little; 3: Disagree a little; 4: Disagree a lot; 9: Omitted or invalid; Sysmis: Not administered,1: Agree a lot; 2: Agree a little; 3: Disagree a little; 4: Disagree a lot; .: Omitted or invalid; .A: Not administered,Background Questionnaire Variables,B,
ASBS07G,SCI\AGREE\SCIENCE TEACHES ME (2023),SQMS-07g,Ordinal,1,0,,,1: Agree a lot; 2: Agree a little; 3: Disagree a little; 4: Disagree a lot,9: Omitted or invalid; Sysmis: Not administered,.: Omitted or invalid; .A: Not administered,1: Agree a lot; 2: Agree a little; 3: Disagree a little; 4: Disagree a lot; 9: Omitted or invalid; Sysmis: Not administered,1: Agree a lot; 2: Agree a little; 3: Disagree a little; 4: Disagree a lot; .: Omitted or invalid; .A: Not administered,Background Questionnaire Variables,B,
ASBS07H,SCI\AGREE\SCIENCE EXPERIMENTS (2023),SQMS-07h,Ordinal,1,0,,,1: Agree a lot; 2: Agree a little; 3: Disagree a little; 4: Disagree a lot,9: Omitted or invalid; Sysmis: Not administered,.: Omitted or invalid; .A: Not administered,1: Agree a lot; 2: Agree a little; 3: Disagree a little; 4: Disagree a lot; 9: Omitted or invalid; Sysmis: Not administered,1: Agree a lot; 2: Agree a little; 3: Disagree a little; 4: Disagree a lot; .: Omitted or invalid; .A: Not administered,Background Questionnaire Variables,B,
ASBS07I,SCI\AGREE\FAVORITE SUBJECT (2023),SQMS-07i,Ordinal,1,0,,,1: Agree a lot; 2: Agree a little; 3: Disagree a little; 4: Disagree a lot,9: Omitted or invalid; Sysmis: Not administered,.: Omitted or invalid; .A: Not administered,1: Agree a lot; 2: Agree a little; 3: Disagree a little; 4: Disagree a lot; 9: Omitted or invalid; Sysmis: Not administered,1: Agree a lot; 2: Agree a little; 3: Disagree a little; 4: Disagree a lot; .: Omitted or invalid; .A: Not administered,Background Questionnaire Variables,B,
ASBS08A,SCI\AGREE\TEACHER MAKES IT CLEAR (2023),SQMS-08a,Ordinal,1,0,,,1: Agree a lot; 2: Agree a little; 3: Disagree a little; 4: Disagree a lot,9: Omitted or invalid; Sysmis: Not administered,.: Omitted or invalid; .A: Not administered,1: Agree a lot; 2: Agree a little; 3: Disagree a little; 4: Disagree a lot; 9: Omitted or invalid; Sysmis: Not administered,1: Agree a lot; 2: Agree a little; 3: Disagree a little; 4: Disagree a lot; .: Omitted or invalid; .A: Not administered,Background Questionnaire Variables,B,
ASBS08B,SCI\AGREE\TEACHER EASY TO UNDERSTAND (2023),SQMS-08b,Ordinal,1,0,,,1: Agree a lot; 2: Agree a little; 3: Disagree a little; 4: Disagree a lot,9: Omitted or invalid; Sysmis: Not administered,.: Omitted or invalid; .A: Not administered,1: Agree a lot; 2: Agree a little; 3: Disagree a little; 4: Disagree a lot; 9: Omitted or invalid; Sysmis: Not administered,1: Agree a lot; 2: Agree a little; 3: Disagree a little; 4: Disagree a lot; .: Omitted or invalid; .A: Not administered,Background Questionnaire Variables,B,
ASBS08C,SCI\AGREE\CLEAR ANSWERS (2023),SQMS-08c,Ordinal,1,0,,,1: Agree a lot; 2: Agree a little; 3: Disagree a little; 4: Disagree a lot,9: Omitted or invalid; Sysmis: Not administered,.: Omitted or invalid; .A: Not administered,1: Agree a lot; 2: Agree a little; 3: Disagree a little; 4: Disagree a lot; 9: Omitted or invalid; Sysmis: Not administered,1: Agree a lot; 2: Agree a little; 3: Disagree a little; 4: Disagree a lot; .: Omitted or invalid; .A: Not administered,Background Questionnaire Variables,B,
ASBS08D,SCI\AGREE\TEACHER GOOD AT EXPLAINING (2023),SQMS-08d,Ordinal,1,0,,,1: Agree a lot; 2: Agree a little; 3: Disagree a little; 4: Disagree a lot,9: Omitted or invalid; Sysmis: Not administered,.: Omitted or invalid; .A: Not administered,1: Agree a lot; 2: Agree a little; 3: Disagree a little; 4: Disagree a lot; 9: Omitted or invalid; Sysmis: Not administered,1: Agree a lot; 2: Agree a little; 3: Disagree a little; 4: Disagree a lot; .: Omitted or invalid; .A: Not administered,Background Questionnaire Variables,B,
ASBS08E,SCI\AGREE\TEACHER DOES A VARIETY (2023),SQMS-08e,Ordinal,1,0,,,1: Agree a lot; 2: Agree a little; 3: Disagree a little; 4: Disagree a lot,9: Omitted or invalid; Sysmis: Not administered,.: Omitted or invalid; .A: Not administered,1: Agree a lot; 2: Agree a little; 3: Disagree a little; 4: Disagree a lot; 9: Omitted or invalid; Sysmis: Not administered,1: Agree a lot; 2: Agree a little; 3: Disagree a little; 4: Disagree a lot; .: Omitted or invalid; .A: Not administered,Background Questionnaire Variables,B,
ASBS08F,SCI\AGREE\TEACHER EXPLAINS AGAIN (2023),SQMS-08f,Ordinal,1,0,,,1: Agree a lot; 2: Agree a little; 3: Disagree a little; 4: Disagree a lot,9: Omitted or invalid; Sysmis: Not administered,.: Omitted or invalid; .A: Not administered,1: Agree a lot; 2: Agree a little; 3: Disagree a little; 4: Disagree a lot; 9: Omitted or invalid; Sysmis: Not administered,1: Agree a lot; 2: Agree a little; 3: Disagree a little; 4: Disagree a lot; .: Omitted or invalid; .A: Not administered,Background Questionnaire Variables,B,
ASBS08G,SCI\AGREE\TEACHER GIVES FEEDBACK (2023),SQMS-08g,Ordinal,1,0,,,1: Agree a lot; 2: Agree a little; 3: Disagree a little; 4: Disagree a lot,9: Omitted or invalid; Sysmis: Not administered,.: Omitted or invalid; .A: Not administered,1: Agree a lot; 2: Agree a little; 3: Disagree a little; 4: Disagree a lot; 9: Omitted or invalid; Sysmis: Not administered,1: Agree a lot; 2: Agree a little; 3: Disagree a little; 4: Disagree a lot; .: Omitted or invalid; .A: Not administered,Background Questionnaire Variables,B,
ASBS08H,SCI\AGREE\TEACHER ASKS TO SHOW (2023),SQMS-08h,Ordinal,1,0,,,1: Agree a lot; 2: Agree a little; 3: Disagree a little; 4: Disagree a lot,9: Omitted or invalid; Sysmis: Not administered,.: Omitted or invalid; .A: Not administered,1: Agree a lot; 2: Agree a little; 3: Disagree a little; 4: Disagree a lot; 9: Omitted or invalid; Sysmis: Not administered,1: Agree a lot; 2: Agree a little; 3: Disagree a little; 4: Disagree a lot; .: Omitted or invalid; .A: Not administered,Background Questionnaire Variables,B,
ASBS08I,SCI\AGREE\TEACHER ASKS TO EXPLAIN (2023),SQMS-08i,Ordinal,1,0,,,1: Agree a lot; 2: Agree a little; 3: Disagree a little; 4: Disagree a lot,9: Omitted or invalid; Sysmis: Not administered,.: Omitted or invalid; .A: Not administered,1: Agree a lot; 2: Agree a little; 3: Disagree a little; 4: Disagree a lot; 9: Omitted or invalid; Sysmis: Not administered,1: Agree a lot; 2: Agree a little; 3: Disagree a little; 4: Disagree a lot; .: Omitted or invalid; .A: Not administered,Background Questionnaire Variables,B,
ASBS09A,SCI\HOW OFTEN\STUDENTS NOT LISTEN (2023),SQMS-09a,Ordinal,1,0,,,1: Every or almost every lesson; 2: About half the lessons; 3: Some lessons; 4: Never,9: Omitted or invalid; Sysmis: Not administered,.: Omitted or invalid; .A: Not administered,1: Every or almost every lesson; 2: About half the lessons; 3: Some lessons; 4: Never; 9: Omitted or invalid; Sysmis: Not administered,1: Every or almost every lesson; 2: About half the lessons; 3: Some lessons; 4: Never; .: Omitted or invalid; .A: Not administered,Background Questionnaire Variables,B,
ASBS09B,SCI\HOW OFTEN\DISRUPTIVE NOISE (2023),SQMS-09b,Ordinal,1,0,,,1: Every or almost every lesson; 2: About half the lessons; 3: Some lessons; 4: Never,9: Omitted or invalid; Sysmis: Not administered,.: Omitted or invalid; .A: Not administered,1: Every or almost every lesson; 2: About half the lessons; 3: Some lessons; 4: Never; 9: Omitted or invalid; Sysmis: Not administered,1: Every or almost every lesson; 2: About half the lessons; 3: Some lessons; 4: Never; .: Omitted or invalid; .A: Not administered,Background Questionnaire Variables,B,
ASBS09C,SCI\HOW OFTEN\WAIT LONG TIME TO QUIET (2023),SQMS-09c,Ordinal,1,0,,,1: Every or almost every lesson; 2: About half the lessons; 3: Some lessons; 4: Never,9: Omitted or invalid; Sysmis: Not administered,.: Omitted or invalid; .A: Not administered,1: Every or almost every lesson; 2: About half the lessons; 3: Some lessons; 4: Never; 9: Omitted or invalid; Sysmis: Not administered,1: Every or almost every lesson; 2: About half the lessons; 3: Some lessons; 4: Never; .: Omitted or invalid; .A: Not administered,Background Questionnaire Variables,B,
ASBS09D,SCI\HOW OFTEN\STUDENTS INTERRUPT TCH (2023),SQMS-09d,Ordinal,1,0,,,1: Every or almost every lesson; 2: About half the lessons; 3: Some lessons; 4: Never,9: Omitted or invalid; Sysmis: Not administered,.: Omitted or invalid; .A: Not administered,1: Every or almost every lesson; 2: About half the lessons; 3: Some lessons; 4: Never; 9: Omitted or invalid; Sysmis: Not administered,1: Every or almost every lesson; 2: About half the lessons; 3: Some lessons; 4: Never; .: Omitted or invalid; .A: Not administered,Background Questionnaire Variables,B,
ASBS09E,SCI\HOW OFTEN\KEEP TELLING RULES (2023),SQMS-09e,Ordinal,1,0,,,1: Every or almost every lesson; 2: About half the lessons; 3: Some lessons; 4: Never,9: Omitted or invalid; Sysmis: Not administered,.: Omitted or invalid; .A: Not administered,1: Every or almost every lesson; 2: About half the lessons; 3: Some lessons; 4: Never; 9: Omitted or invalid; Sysmis: Not administered,1: Every or almost every lesson; 2: About half the lessons; 3: Some lessons; 4: Never; .: Omitted or invalid; .A: Not administered,Background Questionnaire Variables,B,
ASBS09F,SCI\HOW OFTEN\OTHER STDS BEHAVIOR (2023),SQMS-09f,Ordinal,1,0,,,1: Every or almost every lesson; 2: About half the lessons; 3: Some lessons; 4: Never,9: Omitted or invalid; Sysmis: Not administered,.: Omitted or invalid; .A: Not administered,1: Every or almost every lesson; 2: About half the lessons; 3: Some lessons; 4: Never; 9: Omitted or invalid; Sysmis: Not administered,1: Every or almost every lesson; 2: About half the lessons; 3: Some lessons; 4: Never; .: Omitted or invalid; .A: Not administered,Background Questionnaire Variables,B,
ASBS10A,SCI\AGREE\USUALLY DO WELL IN SCIENCE (2023),SQMS-10a,Ordinal,1,0,,,1: Agree a lot; 2: Agree a little; 3: Disagree a little; 4: Disagree a lot,9: Omitted or invalid; Sysmis: Not administered,.: Omitted or invalid; .A: Not administered,1: Agree a lot; 2: Agree a little; 3: Disagree a little; 4: Disagree a lot; 9: Omitted or invalid; Sysmis: Not administered,1: Agree a lot; 2: Agree a little; 3: Disagree a little; 4: Disagree a lot; .: Omitted or invalid; .A: Not administered,Background Questionnaire Variables,B,
ASBS10B,SCI\AGREE\HARDER FOR ME THAN FOR OTHERS (2023),SQMS-10b,Ordinal,1,0,,,1: Agree a lot; 2: Agree a little; 3: Disagree a little; 4: Disagree a lot,9: Omitted or invalid; Sysmis: Not administered,.: Omitted or invalid; .A: Not administered,1: Agree a lot; 2: Agree a little; 3: Disagree a little; 4: Disagree a lot; 9: Omitted or invalid; Sysmis: Not administered,1: Agree a lot; 2: Agree a little; 3: Disagree a little; 4: Disagree a lot; .: Omitted or invalid; .A: Not administered,Background Questionnaire Variables,B,
ASBS10C,SCI\AGREE\JUST NOT GOOD AT SCIENCE (2023),SQMS-10c,Ordinal,1,0,,,1: Agree a lot; 2: Agree a little; 3: Disagree a little; 4: Disagree a lot,9: Omitted or invalid; Sysmis: Not administered,.: Omitted or invalid; .A: Not administered,1: Agree a lot; 2: Agree a little; 3: Disagree a little; 4: Disagree a lot; 9: Omitted or invalid; Sysmis: Not administered,1: Agree a lot; 2: Agree a little; 3: Disagree a little; 4: Disagree a lot; .: Omitted or invalid; .A: Not administered,Background Questionnaire Variables,B,
ASBS10D,SCI\AGREE\SCIENCE IS EASY FOR ME (2023),SQMS-10d,Ordinal,1,0,,,1: Agree a lot; 2: Agree a little; 3: Disagree a little; 4: Disagree a lot,9: Omitted or invalid; Sysmis: Not administered,.: Omitted or invalid; .A: Not administered,1: Agree a lot; 2: Agree a little; 3: Disagree a little; 4: Disagree a lot; 9: Omitted or invalid; Sysmis: Not administered,1: Agree a lot; 2: Agree a little; 3: Disagree a little; 4: Disagree a lot; .: Omitted or invalid; .A: Not administered,Background Questionnaire Variables,B,
ASBS10E,SCI\AGREE\SCIENCE HARDER FOR ME (2023),SQMS-10e,Ordinal,1,0,,,1: Agree a lot; 2: Agree a little; 3: Disagree a little; 4: Disagree a lot,9: Omitted or invalid; Sysmis: Not administered,.: Omitted or invalid; .A: Not administered,1: Agree a lot; 2: Agree a little; 3: Disagree a little; 4: Disagree a lot; 9: Omitted or invalid; Sysmis: Not administered,1: Agree a lot; 2: Agree a little; 3: Disagree a little; 4: Disagree a lot; .: Omitted or invalid; .A: Not administered,Background Questionnaire Variables,B,
ASBS10F,SCI\AGREE\SCIENCE MAKES ME CONFUSED (2023),SQMS-10f,Ordinal,1,0,,,1: Agree a lot; 2: Agree a little; 3: Disagree a little; 4: Disagree a lot,9: Omitted or invalid; Sysmis: Not administered,.: Omitted or invalid; .A: Not administered,1: Agree a lot; 2: Agree a little; 3: Disagree a little; 4: Disagree a lot; 9: Omitted or invalid; Sysmis: Not administered,1: Agree a lot; 2: Agree a little; 3: Disagree a little; 4: Disagree a lot; .: Omitted or invalid; .A: Not administered,Background Questionnaire Variables,B,
ASBLG01,GEN\SEX OF STUDENT (2024),SQG-01,Nominal,1,0,,,1: Girl; 2: Boy; 3: <Other>,9: Omitted or invalid; Sysmis: Not administered,.: Omitted or invalid; .A: Not administered,1: Girl; 2: Boy; 3: <Other>; 9: Omitted or invalid; Sysmis: Not administered,1: Girl; 2: Boy; 3: <Other>; .: Omitted or invalid; .A: Not administered,Background Questionnaire Variables,B,
ASBLG03,GEN\OFTEN SPEAK <LANG OF TEST> AT HOME (2024),SQG-03,Ordinal,1,0,,,1: I always speak <language of test> at home; 2: I almost always speak <language of test> at home; 3: I sometimes speak <language of test> and sometimes speak another language at home; 4: I never speak <language of test> at home,9: Omitted or invalid; Sysmis: Not administered,.: Omitted or invalid; .A: Not administered,1: I always speak <language of test> at home; 2: I almost always speak <language of test> at home; 3: I sometimes speak <language of test> and sometimes speak another language at home; 4: I never speak <language of test> at home; 9: Omitted or invalid; Sysmis: Not administered,1: I always speak <language of test> at home; 2: I almost always speak <language of test> at home; 3: I sometimes speak <language of test> and sometimes speak another language at home; 4: I never speak <language of test> at home; .: Omitted or invalid; .A: Not administered,Background Questionnaire Variables,B,
ASBLG04,GEN\AMOUNT OF BOOKS IN YOUR HOME (2024),SQG-04,Ordinal,1,0,,,1: None or very few (0–10 books); 2: Enough to fill one shelf (11–25 books); 3: Enough to fill one bookcase (26–100 books); 4: Enough to fill two bookcases (101–200 books); 5: Enough to fill three or more bookcases (more than 200),9: Omitted or invalid; Sysmis: Not administered,.: Omitted or invalid; .A: Not administered,1: None or very few (0–10 books); 2: Enough to fill one shelf (11–25 books); 3: Enough to fill one bookcase (26–100 books); 4: Enough to fill two bookcases (101–200 books); 5: Enough to fill three or more bookcases (more than 200); 9: Omitted or invalid; Sysmis: Not administered,1: None or very few (0–10 books); 2: Enough to fill one shelf (11–25 books); 3: Enough to fill one bookcase (26–100 books); 4: Enough to fill two bookcases (101–200 books); 5: Enough to fill three or more bookcases (more than 200); .: Omitted or invalid; .A: Not administered,Background Questionnaire Variables,B,
ASBLG05A,GEN\HOME POSSESS\OWN COMPUTER (2024),SQG-05a,Nominal,1,0,,,1: Yes; 2: No,9: Omitted or invalid; Sysmis: Not administered,.: Omitted or invalid; .A: Not administered,1: Yes; 2: No; 9: Omitted or invalid; Sysmis: Not administered,1: Yes; 2: No; .: Omitted or invalid; .A: Not administered,Background Questionnaire Variables,B,
ASBLG05B,GEN\HOME POSSESS\SHARED COMPUTER (2024),SQG-05b,Nominal,1,0,,,1: Yes; 2: No,9: Omitted or invalid; Sysmis: Not administered,.: Omitted or invalid; .A: Not administered,1: Yes; 2: No; 9: Omitted or invalid; Sysmis: Not administered,1: Yes; 2: No; .: Omitted or invalid; .A: Not administered,Background Questionnaire Variables,B,
ASBLG05C,GEN\HOME POSSESS\SMARTPHONE (2024),SQG-05c,Nominal,1,0,,,1: Yes; 2: No,9: Omitted or invalid; Sysmis: Not administered,.: Omitted or invalid; .A: Not administered,1: Yes; 2: No; 9: Omitted or invalid; Sysmis: Not administered,1: Yes; 2: No; .: Omitted or invalid; .A: Not administered,Background Questionnaire Variables,B,
ASBLG05D,GEN\HOME POSSESS\INTERNET ACCESS (2024),SQG-05d,Nominal,1,0,,,1: Yes; 2: No,9: Omitted or invalid; Sysmis: Not administered,.: Omitted or invalid; .A: Not administered,1: Yes; 2: No; 9: Omitted or invalid; Sysmis: Not administered,1: Yes; 2: No; .: Omitted or invalid; .A: Not administered,Background Questionnaire Variables,B,
ASBLG05E,GEN\HOME POSSESS\STUDY DESK (2024),SQG-05e,Nominal,1,0,,,1: Yes; 2: No,9: Omitted or invalid; Sysmis: Not administered,.: Omitted or invalid; .A: Not administered,1: Yes; 2: No; 9: Omitted or invalid; Sysmis: Not administered,1: Yes; 2: No; .: Omitted or invalid; .A: Not administered,Background Questionnaire Variables,B,
ASBLG05F,GEN\HOME POSSESS\OWN ROOM (2024),SQG-05f,Nominal,1,0,,,1: Yes; 2: No,9: Omitted or invalid; Sysmis: Not administered,.: Omitted or invalid; .A: Not administered,1: Yes; 2: No; 9: Omitted or invalid; Sysmis: Not administered,1: Yes; 2: No; .: Omitted or invalid; .A: Not administered,Background Questionnaire Variables,B,
ASBLG06,GEN\ABOUT HOW OFTEN ABSENT FROM SCHOOL (2024),SQG-06,Ordinal,1,0,,,1: Once a week; 2: Once every two weeks; 3: Once a month; 4: Once every two months; 5: Never or almost never,9: Omitted or invalid; Sysmis: Not administered,.: Omitted or invalid; .A: Not administered,1: Once a week; 2: Once every two weeks; 3: Once a month; 4: Once every two months; 5: Never or almost never; 9: Omitted or invalid; Sysmis: Not administered,1: Once a week; 2: Once every two weeks; 3: Once a month; 4: Once every two months; 5: Never or almost never; .: Omitted or invalid; .A: Not administered,Background Questionnaire Variables,B,
ASBLG07A,GEN\HOW OFTEN\TIRED (2024),SQG-07a,Ordinal,1,0,,,1: Every day; 2: Almost every day; 3: Sometimes; 4: Never,9: Omitted or invalid; Sysmis: Not administered,.: Omitted or invalid; .A: Not administered,1: Every day; 2: Almost every day; 3: Sometimes; 4: Never; 9: Omitted or invalid; Sysmis: Not administered,1: Every day; 2: Almost every day; 3: Sometimes; 4: Never; .: Omitted or invalid; .A: Not administered,Background Questionnaire Variables,B,
ASBLG07B,GEN\HOW OFTEN\HUNGRY (2024),SQG-07b,Ordinal,1,0,,,1: Every day; 2: Almost every day; 3: Sometimes; 4: Never,9: Omitted or invalid; Sysmis: Not administered,.: Omitted or invalid; .A: Not administered,1: Every day; 2: Almost every day; 3: Sometimes; 4: Never; 9: Omitted or invalid; Sysmis: Not administered,1: Every day; 2: Almost every day; 3: Sometimes; 4: Never; .: Omitted or invalid; .A: Not administered,Background Questionnaire Variables,B,
ASBLG07C,GEN\HOW OFTEN\UNWELL (2024),SQG-07c,Nominal,1,0,,,1: Every day; 2: Almost every day; 3: Sometimes; 4: Never,9: Omitted or invalid; Sysmis: Not administered,.: Omitted or invalid; .A: Not administered,1: Every day; 2: Almost every day; 3: Sometimes; 4: Never; 9: Omitted or invalid; Sysmis: Not administered,1: Every day; 2: Almost every day; 3: Sometimes; 4: Never; .: Omitted or invalid; .A: Not administered,Background Questionnaire Variables,B,
ASBLG07D,GEN\HOW OFTEN\HAPPY (2024),SQG-07d,Nominal,1,0,,,1: Every day; 2: Almost every day; 3: Sometimes; 4: Never,9: Omitted or invalid; Sysmis: Not administered,.: Omitted or invalid; .A: Not administered,1: Every day; 2: Almost every day; 3: Sometimes; 4: Never; 9: Omitted or invalid; Sysmis: Not administered,1: Every day; 2: Almost every day; 3: Sometimes; 4: Never; .: Omitted or invalid; .A: Not administered,Background Questionnaire Variables,B,
ASBLG07E,GEN\HOW OFTEN\WORRIED ABOUT SCHOOL (2024),SQG-07e,Nominal,1,0,,,1: Every day; 2: Almost every day; 3: Sometimes; 4: Never,9: Omitted or invalid; Sysmis: Not administered,.: Omitted or invalid; .A: Not administered,1: Every day; 2: Almost every day; 3: Sometimes; 4: Never; 9: Omitted or invalid; Sysmis: Not administered,1: Every day; 2: Almost every day; 3: Sometimes; 4: Never; .: Omitted or invalid; .A: Not administered,Background Questionnaire Variables,B,
ASBLG08A,GEN\AGREE\WRITE TEXT ON COMPUTER (2024),SQG-08a,Ordinal,1,0,,,1: Agree a lot; 2: Agree a little; 3: Disagree a little; 4: Disagree a lot,9: Omitted or invalid; Sysmis: Not administered,.: Omitted or invalid; .A: Not administered,1: Agree a lot; 2: Agree a little; 3: Disagree a little; 4: Disagree a lot; 9: Omitted or invalid; Sysmis: Not administered,1: Agree a lot; 2: Agree a little; 3: Disagree a little; 4: Disagree a lot; .: Omitted or invalid; .A: Not administered,Background Questionnaire Variables,B,
ASBLG08B,GEN\AGREE\CREATE PRESENTATIONS ON COMPUTER (2024),SQG-08b,Ordinal,1,0,,,1: Agree a lot; 2: Agree a little; 3: Disagree a little; 4: Disagree a lot,9: Omitted or invalid; Sysmis: Not administered,.: Omitted or invalid; .A: Not administered,1: Agree a lot; 2: Agree a little; 3: Disagree a little; 4: Disagree a lot; 9: Omitted or invalid; Sysmis: Not administered,1: Agree a lot; 2: Agree a little; 3: Disagree a little; 4: Disagree a lot; .: Omitted or invalid; .A: Not administered,Background Questionnaire Variables,B,
ASBLG08C,GEN\AGREE\CREATE GRAPHS ON COMPUTER (2024),SQG-08c,Ordinal,1,0,,,1: Agree a lot; 2: Agree a little; 3: Disagree a little; 4: Disagree a lot,9: Omitted or invalid; Sysmis: Not administered,.: Omitted or invalid; .A: Not administered,1: Agree a lot; 2: Agree a little; 3: Disagree a little; 4: Disagree a lot; 9: Omitted or invalid; Sysmis: Not administered,1: Agree a lot; 2: Agree a little; 3: Disagree a little; 4: Disagree a lot; .: Omitted or invalid; .A: Not administered,Background Questionnaire Variables,B,
ASBLG08D,GEN\AGREE\FIND INFORMATION ONLINE (2024),SQG-08d,Ordinal,1,0,,,1: Agree a lot; 2: Agree a little; 3: Disagree a little; 4: Disagree a lot,9: Omitted or invalid; Sysmis: Not administered,.: Omitted or invalid; .A: Not administered,1: Agree a lot; 2: Agree a little; 3: Disagree a little; 4: Disagree a lot; 9: Omitted or invalid; Sysmis: Not administered,1: Agree a lot; 2: Agree a little; 3: Disagree a little; 4: Disagree a lot; .: Omitted or invalid; .A: Not administered,Background Questionnaire Variables,B,
ASBLG08E,GEN\AGREE\TELL IF WEBSITE IS TRUSTWORTHY (2024),SQG-08e,Ordinal,1,0,,,1: Agree a lot; 2: Agree a little; 3: Disagree a little; 4: Disagree a lot,9: Omitted or invalid; Sysmis: Not administered,.: Omitted or invalid; .A: Not administered,1: Agree a lot; 2: Agree a little; 3: Disagree a little; 4: Disagree a lot; 9: Omitted or invalid; Sysmis: Not administered,1: Agree a lot; 2: Agree a little; 3: Disagree a little; 4: Disagree a lot; .: Omitted or invalid; .A: Not administered,Background Questionnaire Variables,B,
ASBLG08F,GEN\AGREE\NEW THINGS ON COMPUTER (2024),SQG-08f,Ordinal,1,0,,,1: Agree a lot; 2: Agree a little; 3: Disagree a little; 4: Disagree a lot,9: Omitted or invalid; Sysmis: Not administered,.: Omitted or invalid; .A: Not administered,1: Agree a lot; 2: Agree a little; 3: Disagree a little; 4: Disagree a lot; 9: Omitted or invalid; Sysmis: Not administered,1: Agree a lot; 2: Agree a little; 3: Disagree a little; 4: Disagree a lot; .: Omitted or invalid; .A: Not administered,Background Questionnaire Variables,B,
ASBLG08G,GEN\AGREE\HELP FRIENDS AND FAMILY (2024),SQG-08g,Ordinal,1,0,,,1: Agree a lot; 2: Agree a little; 3: Disagree a little; 4: Disagree a lot,9: Omitted or invalid; Sysmis: Not administered,.: Omitted or invalid; .A: Not administered,1: Agree a lot; 2: Agree a little; 3: Disagree a little; 4: Disagree a lot; 9: Omitted or invalid; Sysmis: Not administered,1: Agree a lot; 2: Agree a little; 3: Disagree a little; 4: Disagree a lot; .: Omitted or invalid; .A: Not administered,Background Questionnaire Variables,B,
ASBLG09A,GEN\AGREE\PROTECTION OF PLANTS AND ANIMALS (2024),SQG-09a,Ordinal,1,0,,,1: Agree a lot; 2: Agree a little; 3: Disagree a little; 4: Disagree a lot,9: Omitted or invalid; Sysmis: Not administered,.: Omitted or invalid; .A: Not administered,1: Agree a lot; 2: Agree a little; 3: Disagree a little; 4: Disagree a lot; 9: Omitted or invalid; Sysmis: Not administered,1: Agree a lot; 2: Agree a little; 3: Disagree a little; 4: Disagree a lot; .: Omitted or invalid; .A: Not administered,Background Questionnaire Variables,B,
ASBLG09B,GEN\AGREE\SAD WHEN NATURE DESTROYED (2024),SQG-09b,Ordinal,1,0,,,1: Agree a lot; 2: Agree a little; 3: Disagree a little; 4: Disagree a lot,9: Omitted or invalid; Sysmis: Not administered,.: Omitted or invalid; .A: Not administered,1: Agree a lot; 2: Agree a little; 3: Disagree a little; 4: Disagree a lot; 9: Omitted or invalid; Sysmis: Not administered,1: Agree a lot; 2: Agree a little; 3: Disagree a little; 4: Disagree a lot; .: Omitted or invalid; .A: Not administered,Background Questionnaire Variables,B,
ASBLG09C,GEN\AGREE\LEARN ABOUT PLANTS AND ANIMALS (2024),SQG-09c,Ordinal,1,0,,,1: Agree a lot; 2: Agree a little; 3: Disagree a little; 4: Disagree a lot,9: Omitted or invalid; Sysmis: Not administered,.: Omitted or invalid; .A: Not administered,1: Agree a lot; 2: Agree a little; 3: Disagree a little; 4: Disagree a lot; 9: Omitted or invalid; Sysmis: Not administered,1: Agree a lot; 2: Agree a little; 3: Disagree a little; 4: Disagree a lot; .: Omitted or invalid; .A: Not administered,Background Questionnaire Variables,B,
ASBLG09D,GEN\AGREE\ENJOY BEING IN NATURE (2024),SQG-09d,Ordinal,1,0,,,1: Agree a lot; 2: Agree a little; 3: Disagree a little; 4: Disagree a lot,9: Omitted or invalid; Sysmis: Not administered,.: Omitted or invalid; .A: Not administered,1: Agree a lot; 2: Agree a little; 3: Disagree a little; 4: Disagree a lot; 9: Omitted or invalid; Sysmis: Not administered,1: Agree a lot; 2: Agree a little; 3: Disagree a little; 4: Disagree a lot; .: Omitted or invalid; .A: Not administered,Background Questionnaire Variables,B,
ASBLG09E,GEN\AGREE\CLIMATE CHANGE AS HIGH PRIORITY (2024),SQG-09e,Ordinal,1,0,,,1: Agree a lot; 2: Agree a little; 3: Disagree a little; 4: Disagree a lot,9: Omitted or invalid; Sysmis: Not administered,.: Omitted or invalid; .A: Not administered,1: Agree a lot; 2: Agree a little; 3: Disagree a little; 4: Disagree a lot; 9: Omitted or invalid; Sysmis: Not administered,1: Agree a lot; 2: Agree a little; 3: Disagree a little; 4: Disagree a lot; .: Omitted or invalid; .A: Not administered,Background Questionnaire Variables,B,
ASBLG10A,GEN\HELP ENVIRONMENT\REUSE THINGS (2024),SQG-10a,Ordinal,1,0,,,1: Every day; 2: Almost every day; 3: Sometimes; 4: Never,9: Omitted or invalid; Sysmis: Not administered,.: Omitted or invalid; .A: Not administered,1: Every day; 2: Almost every day; 3: Sometimes; 4: Never; 9: Omitted or invalid; Sysmis: Not administered,1: Every day; 2: Almost every day; 3: Sometimes; 4: Never; .: Omitted or invalid; .A: Not administered,Background Questionnaire Variables,B,
ASBLG10B,GEN\HELP ENVIRONMENT\SAVE RESOURCES (2024),SQG-10b,Ordinal,1,0,,,1: Every day; 2: Almost every day; 3: Sometimes; 4: Never,9: Omitted or invalid; Sysmis: Not administered,.: Omitted or invalid; .A: Not administered,1: Every day; 2: Almost every day; 3: Sometimes; 4: Never; 9: Omitted or invalid; Sysmis: Not administered,1: Every day; 2: Almost every day; 3: Sometimes; 4: Never; .: Omitted or invalid; .A: Not administered,Background Questionnaire Variables,B,
ASBLG10C,GEN\HELP ENVIRONMENT\TALK ABOUT ENVIRONMENT (2024),SQG-10c,Ordinal,1,0,,,1: Every day; 2: Almost every day; 3: Sometimes; 4: Never,9: Omitted or invalid; Sysmis: Not administered,.: Omitted or invalid; .A: Not administered,1: Every day; 2: Almost every day; 3: Sometimes; 4: Never; 9: Omitted or invalid; Sysmis: Not administered,1: Every day; 2: Almost every day; 3: Sometimes; 4: Never; .: Omitted or invalid; .A: Not administered,Background Questionnaire Variables,B,
ASBLG10D,GEN\HELP ENVIRONMENT\LEARN ABOUT ENVIRONMENT (2024),SQG-10d,Ordinal,1,0,,,1: Every day; 2: Almost every day; 3: Sometimes; 4: Never,9: Omitted or invalid; Sysmis: Not administered,.: Omitted or invalid; .A: Not administered,1: Every day; 2: Almost every day; 3: Sometimes; 4: Never; 9: Omitted or invalid; Sysmis: Not administered,1: Every day; 2: Almost every day; 3: Sometimes; 4: Never; .: Omitted or invalid; .A: Not administered,Background Questionnaire Variables,B,
ASBLG10E,GEN\HELP ENVIRONMENT\PARTICIPATE IN ACTIVITIES (2024),SQG-10e,Ordinal,1,0,,,1: Every day; 2: Almost every day; 3: Sometimes; 4: Never,9: Omitted or invalid; Sysmis: Not administered,.: Omitted or invalid; .A: Not administered,1: Every day; 2: Almost every day; 3: Sometimes; 4: Never; 9: Omitted or invalid; Sysmis: Not administered,1: Every day; 2: Almost every day; 3: Sometimes; 4: Never; .: Omitted or invalid; .A: Not administered,Background Questionnaire Variables,B,
ASBLG10F,GEN\HELP ENVIRONMENT\TELL FRIENDS (2024),SQG-10f,Ordinal,1,0,,,1: Every day; 2: Almost every day; 3: Sometimes; 4: Never,9: Omitted or invalid; Sysmis: Not administered,.: Omitted or invalid; .A: Not administered,1: Every day; 2: Almost every day; 3: Sometimes; 4: Never; 9: Omitted or invalid; Sysmis: Not administered,1: Every day; 2: Almost every day; 3: Sometimes; 4: Never; .: Omitted or invalid; .A: Not administered,Background Questionnaire Variables,B,
ASBLG11A,GEN\AGREE\BEING IN SCHOOL (2024),SQG-11a,Ordinal,1,0,,,1: Agree a lot; 2: Agree a little; 3: Disagree a little; 4: Disagree a lot,9: Omitted or invalid; Sysmis: Not administered,.: Omitted or invalid; .A: Not administered,1: Agree a lot; 2: Agree a little; 3: Disagree a little; 4: Disagree a lot; 9: Omitted or invalid; Sysmis: Not administered,1: Agree a lot; 2: Agree a little; 3: Disagree a little; 4: Disagree a lot; .: Omitted or invalid; .A: Not administered,Background Questionnaire Variables,B,
ASBLG11B,GEN\AGREE\SAFE AT SCHOOL (2024),SQG-11b,Ordinal,1,0,,,1: Agree a lot; 2: Agree a little; 3: Disagree a little; 4: Disagree a lot,9: Omitted or invalid; Sysmis: Not administered,.: Omitted or invalid; .A: Not administered,1: Agree a lot; 2: Agree a little; 3: Disagree a little; 4: Disagree a lot; 9: Omitted or invalid; Sysmis: Not administered,1: Agree a lot; 2: Agree a little; 3: Disagree a little; 4: Disagree a lot; .: Omitted or invalid; .A: Not administered,Background Questionnaire Variables,B,
ASBLG11C,GEN\AGREE\BELONG AT SCHOOL (2024),SQG-11c,Ordinal,1,0,,,1: Agree a lot; 2: Agree a little; 3: Disagree a little; 4: Disagree a lot,9: Omitted or invalid; Sysmis: Not administered,.: Omitted or invalid; .A: Not administered,1: Agree a lot; 2: Agree a little; 3: Disagree a little; 4: Disagree a lot; 9: Omitted or invalid; Sysmis: Not administered,1: Agree a lot; 2: Agree a little; 3: Disagree a little; 4: Disagree a lot; .: Omitted or invalid; .A: Not administered,Background Questionnaire Variables,B,
ASBLG11D,GEN\AGREE\TEACHERS CARE (2024),SQG-11d,Ordinal,1,0,,,1: Agree a lot; 2: Agree a little; 3: Disagree a little; 4: Disagree a lot,9: Omitted or invalid; Sysmis: Not administered,.: Omitted or invalid; .A: Not administered,1: Agree a lot; 2: Agree a little; 3: Disagree a little; 4: Disagree a lot; 9: Omitted or invalid; Sysmis: Not administered,1: Agree a lot; 2: Agree a little; 3: Disagree a little; 4: Disagree a lot; .: Omitted or invalid; .A: Not administered,Background Questionnaire Variables,B,
ASBLG11E,GEN\AGREE\PROUD TO GO TO THIS SCHOOL (2024),SQG-11e,Ordinal,1,0,,,1: Agree a lot; 2: Agree a little; 3: Disagree a little; 4: Disagree a lot,9: Omitted or invalid; Sysmis: Not administered,.: Omitted or invalid; .A: Not administered,1: Agree a lot; 2: Agree a little; 3: Disagree a little; 4: Disagree a lot; 9: Omitted or invalid; Sysmis: Not administered,1: Agree a lot; 2: Agree a little; 3: Disagree a little; 4: Disagree a lot; .: Omitted or invalid; .A: Not administered,Background Questionnaire Variables,B,
ASBLG11F,GEN\AGREE\FRIENDS AT SCHOOL (2024),SQG-11f,Ordinal,1,0,,,1: Agree a lot; 2: Agree a little; 3: Disagree a little; 4: Disagree a lot,9: Omitted or invalid; Sysmis: Not administered,.: Omitted or invalid; .A: Not administered,1: Agree a lot; 2: Agree a little; 3: Disagree a little; 4: Disagree a lot; 9: Omitted or invalid; Sysmis: Not administered,1: Agree a lot; 2: Agree a little; 3: Disagree a little; 4: Disagree a lot; .: Omitted or invalid; .A: Not administered,Background Questionnaire Variables,B,
ASBLG11G,GEN\AGREE\STUDENTS LIKE (2024),SQG-11g,Ordinal,1,0,,,1: Agree a lot; 2: Agree a little; 3: Disagree a little; 4: Disagree a lot,9: Omitted or invalid; Sysmis: Not administered,.: Omitted or invalid; .A: Not administered,1: Agree a lot; 2: Agree a little; 3: Disagree a little; 4: Disagree a lot; 9: Omitted or invalid; Sysmis: Not administered,1: Agree a lot; 2: Agree a little; 3: Disagree a little; 4: Disagree a lot; .: Omitted or invalid; .A: Not administered,Background Questionnaire Variables,B,
ASBLG11H,GEN\AGREE\SATISFIED WITH SCHOOL (2024),SQG-11h,Nominal,1,0,,,1: Agree a lot; 2: Agree a little; 3: Disagree a little; 4: Disagree a lot,9: Omitted or invalid; Sysmis: Not administered,.: Omitted or invalid; .A: Not administered,1: Agree a lot; 2: Agree a little; 3: Disagree a little; 4: Disagree a lot; 9: Omitted or invalid; Sysmis: Not administered,1: Agree a lot; 2: Agree a little; 3: Disagree a little; 4: Disagree a lot; .: Omitted or invalid; .A: Not administered,Background Questionnaire Variables,B,
ASBLG12A,GEN\HOW OFTEN\MADE FUN OF (2024),SQG-12a,Ordinal,1,0,,,1: At least once a week; 2: Once or twice a month; 3: A few times a year; 4: Never,9: Omitted or invalid; Sysmis: Not administered,.: Omitted or invalid; .A: Not administered,1: At least once a week; 2: Once or twice a month; 3: A few times a year; 4: Never; 9: Omitted or invalid; Sysmis: Not administered,1: At least once a week; 2: Once or twice a month; 3: A few times a year; 4: Never; .: Omitted or invalid; .A: Not administered,Background Questionnaire Variables,B,
ASBLG12B,GEN\HOW OFTEN\LEFT OUT OF GAMES (2024),SQG-12b,Ordinal,1,0,,,1: At least once a week; 2: Once or twice a month; 3: A few times a year; 4: Never,9: Omitted or invalid; Sysmis: Not administered,.: Omitted or invalid; .A: Not administered,1: At least once a week; 2: Once or twice a month; 3: A few times a year; 4: Never; 9: Omitted or invalid; Sysmis: Not administered,1: At least once a week; 2: Once or twice a month; 3: A few times a year; 4: Never; .: Omitted or invalid; .A: Not administered,Background Questionnaire Variables,B,
ASBLG12C,GEN\HOW OFTEN\SPREADING LIES ABOUT ME (2024),SQG-12c,Ordinal,1,0,,,1: At least once a week; 2: Once or twice a month; 3: A few times a year; 4: Never,9: Omitted or invalid; Sysmis: Not administered,.: Omitted or invalid; .A: Not administered,1: At least once a week; 2: Once or twice a month; 3: A few times a year; 4: Never; 9: Omitted or invalid; Sysmis: Not administered,1: At least once a week; 2: Once or twice a month; 3: A few times a year; 4: Never; .: Omitted or invalid; .A: Not administered,Background Questionnaire Variables,B,
ASBLG12D,GEN\HOW OFTEN\STEALING STH FROM ME (2024),SQG-12d,Ordinal,1,0,,,1: At least once a week; 2: Once or twice a month; 3: A few times a year; 4: Never,9: Omitted or invalid; Sysmis: Not administered,.: Omitted or invalid; .A: Not administered,1: At least once a week; 2: Once or twice a month; 3: A few times a year; 4: Never; 9: Omitted or invalid; Sysmis: Not administered,1: At least once a week; 2: Once or twice a month; 3: A few times a year; 4: Never; .: Omitted or invalid; .A: Not administered,Background Questionnaire Variables,B,
ASBLG12E,GEN\HOW OFTEN\DAMAGING STH OF MINE (2024),SQG-12e,Ordinal,1,0,,,1: At least once a week; 2: Once or twice a month; 3: A few times a year; 4: Never,9: Omitted or invalid; Sysmis: Not administered,.: Omitted or invalid; .A: Not administered,1: At least once a week; 2: Once or twice a month; 3: A few times a year; 4: Never; 9: Omitted or invalid; Sysmis: Not administered,1: At least once a week; 2: Once or twice a month; 3: A few times a year; 4: Never; .: Omitted or invalid; .A: Not administered,Background Questionnaire Variables,B,
ASBLG12F,GEN\HOW OFTEN\HURT BY OTHERS (2024),SQG-12f,Ordinal,1,0,,,1: At least once a week; 2: Once or twice a month; 3: A few times a year; 4: Never,9: Omitted or invalid; Sysmis: Not administered,.: Omitted or invalid; .A: Not administered,1: At least once a week; 2: Once or twice a month; 3: A few times a year; 4: Never; 9: Omitted or invalid; Sysmis: Not administered,1: At least once a week; 2: Once or twice a month; 3: A few times a year; 4: Never; .: Omitted or invalid; .A: Not administered,Background Questionnaire Variables,B,
ASBLG12G,GEN\HOW OFTEN\FORCE TO DO STH (2024),SQG-12g,Ordinal,1,0,,,1: At least once a week; 2: Once or twice a month; 3: A few times a year; 4: Never,9: Omitted or invalid; Sysmis: Not administered,.: Omitted or invalid; .A: Not administered,1: At least once a week; 2: Once or twice a month; 3: A few times a year; 4: Never; 9: Omitted or invalid; Sysmis: Not administered,1: At least once a week; 2: Once or twice a month; 3: A few times a year; 4: Never; .: Omitted or invalid; .A: Not administered,Background Questionnaire Variables,B,
ASBLG12H,GEN\HOW OFTEN\SENT HURTFUL MESSAGES (2024),SQG-12h,Ordinal,1,0,,,1: At least once a week; 2: Once or twice a month; 3: A few times a year; 4: Never,9: Omitted or invalid; Sysmis: Not administered,.: Omitted or invalid; .A: Not administered,1: At least once a week; 2: Once or twice a month; 3: A few times a year; 4: Never; 9: Omitted or invalid; Sysmis: Not administered,1: At least once a week; 2: Once or twice a month; 3: A few times a year; 4: Never; .: Omitted or invalid; .A: Not administered,Background Questionnaire Variables,B,
ASBLG12I,GEN\HOW OFTEN\SHARED THINGS ONLINE (2024),SQG-12i,Ordinal,1,0,,,1: At least once a week; 2: Once or twice a month; 3: A few times a year; 4: Never,9: Omitted or invalid; Sysmis: Not administered,.: Omitted or invalid; .A: Not administered,1: At least once a week; 2: Once or twice a month; 3: A few times a year; 4: Never; 9: Omitted or invalid; Sysmis: Not administered,1: At least once a week; 2: Once or twice a month; 3: A few times a year; 4: Never; .: Omitted or invalid; .A: Not administered,Background Questionnaire Variables,B,
ASBLG12J,GEN\HOW OFTEN\SHARED PHOTOS ONLINE (2024),SQG-12j,Ordinal,1,0,,,1: At least once a week; 2: Once or twice a month; 3: A few times a year; 4: Never,9: Omitted or invalid; Sysmis: Not administered,.: Omitted or invalid; .A: Not administered,1: At least once a week; 2: Once or twice a month; 3: A few times a year; 4: Never; 9: Omitted or invalid; Sysmis: Not administered,1: At least once a week; 2: Once or twice a month; 3: A few times a year; 4: Never; .: Omitted or invalid; .A: Not administered,Background Questionnaire Variables,B,
ASBLG12K,GEN\HOW OFTEN\THREATENED (2024),SQG-12k,Ordinal,1,0,,,1: At least once a week; 2: Once or twice a month; 3: A few times a year; 4: Never,9: Omitted or invalid; Sysmis: Not administered,.: Omitted or invalid; .A: Not administered,1: At least once a week; 2: Once or twice a month; 3: A few times a year; 4: Never; 9: Omitted or invalid; Sysmis: Not administered,1: At least once a week; 2: Once or twice a month; 3: A few times a year; 4: Never; .: Omitted or invalid; .A: Not administered,Background Questionnaire Variables,B,
ASBLM01,MAT\HOW OFTEN\WORK ON YOUR OWN (2024),SQMS-01,Ordinal,1,0,,,1: Every or almost every lesson; 2: About half the lessons; 3: Some lessons; 4: Never,9: Omitted or invalid; Sysmis: Not administered,.: Omitted or invalid; .A: Not administered,1: Every or almost every lesson; 2: About half the lessons; 3: Some lessons; 4: Never; 9: Omitted or invalid; Sysmis: Not administered,1: Every or almost every lesson; 2: About half the lessons; 3: Some lessons; 4: Never; .: Omitted or invalid; .A: Not administered,Background Questionnaire Variables,B,
ASBLM02A,MAT\AGREE\ENJOY LEARNING MATHEMATICS (2024),SQMS-02a,Ordinal,1,0,,,1: Agree a lot; 2: Agree a little; 3: Disagree a little; 4: Disagree a lot,9: Omitted or invalid; Sysmis: Not administered,.: Omitted or invalid; .A: Not administered,1: Agree a lot; 2: Agree a little; 3: Disagree a little; 4: Disagree a lot; 9: Omitted or invalid; Sysmis: Not administered,1: Agree a lot; 2: Agree a little; 3: Disagree a little; 4: Disagree a lot; .: Omitted or invalid; .A: Not administered,Background Questionnaire Variables,B,
ASBLM02B,MAT\AGREE\LEARN INTERESTING THINGS (2024),SQMS-02b,Ordinal,1,0,,,1: Agree a lot; 2: Agree a little; 3: Disagree a little; 4: Disagree a lot,9: Omitted or invalid; Sysmis: Not administered,.: Omitted or invalid; .A: Not administered,1: Agree a lot; 2: Agree a little; 3: Disagree a little; 4: Disagree a lot; 9: Omitted or invalid; Sysmis: Not administered,1: Agree a lot; 2: Agree a little; 3: Disagree a little; 4: Disagree a lot; .: Omitted or invalid; .A: Not administered,Background Questionnaire Variables,B,
ASBLM02C,MAT\AGREE\LIKE MATHEMATICS (2024),SQMS-02c,Ordinal,1,0,,,1: Agree a lot; 2: Agree a little; 3: Disagree a little; 4: Disagree a lot,9: Omitted or invalid; Sysmis: Not administered,.: Omitted or invalid; .A: Not administered,1: Agree a lot; 2: Agree a little; 3: Disagree a little; 4: Disagree a lot; 9: Omitted or invalid; Sysmis: Not administered,1: Agree a lot; 2: Agree a little; 3: Disagree a little; 4: Disagree a lot; .: Omitted or invalid; .A: Not administered,Background Questionnaire Variables,B,
ASBLM02D,MAT\AGREE\SCHOOLWORK INVOLVES NUMBERS (2024),SQMS-02d,Ordinal,1,0,,,1: Agree a lot; 2: Agree a little; 3: Disagree a little; 4: Disagree a lot,9: Omitted or invalid; Sysmis: Not administered,.: Omitted or invalid; .A: Not administered,1: Agree a lot; 2: Agree a little; 3: Disagree a little; 4: Disagree a lot; 9: Omitted or invalid; Sysmis: Not administered,1: Agree a lot; 2: Agree a little; 3: Disagree a little; 4: Disagree a lot; .: Omitted or invalid; .A: Not administered,Background Questionnaire Variables,B,
ASBLM02E,MAT\AGREE\LIKE MATH PROBLEMS (2024),SQMS-02e,Ordinal,1,0,,,1: Agree a lot; 2: Agree a little; 3: Disagree a little; 4: Disagree a lot,9: Omitted or invalid; Sysmis: Not administered,.: Omitted or invalid; .A: Not administered,1: Agree a lot; 2: Agree a little; 3: Disagree a little; 4: Disagree a lot; 9: Omitted or invalid; Sysmis: Not administered,1: Agree a lot; 2: Agree a little; 3: Disagree a little; 4: Disagree a lot; .: Omitted or invalid; .A: Not administered,Background Questionnaire Variables,B,
ASBLM02F,MAT\AGREE\LOOK FORWARD TO MATH LESSONS (2024),SQMS-02f,Ordinal,1,0,,,1: Agree a lot; 2: Agree a little; 3: Disagree a little; 4: Disagree a lot,9: Omitted or invalid; Sysmis: Not administered,.: Omitted or invalid; .A: Not administered,1: Agree a lot; 2: Agree a little; 3: Disagree a little; 4: Disagree a lot; 9: Omitted or invalid; Sysmis: Not administered,1: Agree a lot; 2: Agree a little; 3: Disagree a little; 4: Disagree a lot; .: Omitted or invalid; .A: Not administered,Background Questionnaire Variables,B,
ASBLM02G,MAT\AGREE\MATH FAVORITE SUBJECT (2024),SQMS-02g,Ordinal,1,0,,,1: Agree a lot; 2: Agree a little; 3: Disagree a little; 4: Disagree a lot,9: Omitted or invalid; Sysmis: Not administered,.: Omitted or invalid; .A: Not administered,1: Agree a lot; 2: Agree a little; 3: Disagree a little; 4: Disagree a lot; 9: Omitted or invalid; Sysmis: Not administered,1: Agree a lot; 2: Agree a little; 3: Disagree a little; 4: Disagree a lot; .: Omitted or invalid; .A: Not administered,Background Questionnaire Variables,B,
ASBLM03A,MAT\AGREE\TEACHER MAKES IT CLEAR (2024),SQMS-03a,Ordinal,1,0,,,1: Agree a lot; 2: Agree a little; 3: Disagree a little; 4: Disagree a lot,9: Omitted or invalid; Sysmis: Not administered,.: Omitted or invalid; .A: Not administered,1: Agree a lot; 2: Agree a little; 3: Disagree a little; 4: Disagree a lot; 9: Omitted or invalid; Sysmis: Not administered,1: Agree a lot; 2: Agree a little; 3: Disagree a little; 4: Disagree a lot; .: Omitted or invalid; .A: Not administered,Background Questionnaire Variables,B,
ASBLM03B,MAT\AGREE\TEACHER IS EASY TO UNDERSTAND (2024),SQMS-03b,Ordinal,1,0,,,1: Agree a lot; 2: Agree a little; 3: Disagree a little; 4: Disagree a lot,9: Omitted or invalid; Sysmis: Not administered,.: Omitted or invalid; .A: Not administered,1: Agree a lot; 2: Agree a little; 3: Disagree a little; 4: Disagree a lot; 9: Omitted or invalid; Sysmis: Not administered,1: Agree a lot; 2: Agree a little; 3: Disagree a little; 4: Disagree a lot; .: Omitted or invalid; .A: Not administered,Background Questionnaire Variables,B,
ASBLM03C,MAT\AGREE\CLEAR ANSWERS (2024),SQMS-03c,Ordinal,1,0,,,1: Agree a lot; 2: Agree a little; 3: Disagree a little; 4: Disagree a lot,9: Omitted or invalid; Sysmis: Not administered,.: Omitted or invalid; .A: Not administered,1: Agree a lot; 2: Agree a little; 3: Disagree a little; 4: Disagree a lot; 9: Omitted or invalid; Sysmis: Not administered,1: Agree a lot; 2: Agree a little; 3: Disagree a little; 4: Disagree a lot; .: Omitted or invalid; .A: Not administered,Background Questionnaire Variables,B,
ASBLM03D,MAT\AGREE\TEACHER GOOD AT EXPLAINING (2024),SQMS-03d,Ordinal,1,0,,,1: Agree a lot; 2: Agree a little; 3: Disagree a little; 4: Disagree a lot,9: Omitted or invalid; Sysmis: Not administered,.: Omitted or invalid; .A: Not administered,1: Agree a lot; 2: Agree a little; 3: Disagree a little; 4: Disagree a lot; 9: Omitted or invalid; Sysmis: Not administered,1: Agree a lot; 2: Agree a little; 3: Disagree a little; 4: Disagree a lot; .: Omitted or invalid; .A: Not administered,Background Questionnaire Variables,B,
ASBLM03E,MAT\AGREE\TEACHER DOES A VARIETY (2024),SQMS-03e,Ordinal,1,0,,,1: Agree a lot; 2: Agree a little; 3: Disagree a little; 4: Disagree a lot,9: Omitted or invalid; Sysmis: Not administered,.: Omitted or invalid; .A: Not administered,1: Agree a lot; 2: Agree a little; 3: Disagree a little; 4: Disagree a lot; 9: Omitted or invalid; Sysmis: Not administered,1: Agree a lot; 2: Agree a little; 3: Disagree a little; 4: Disagree a lot; .: Omitted or invalid; .A: Not administered,Background Questionnaire Variables,B,
ASBLM03F,MAT\AGREE\TEACHER EXPLAINS AGAIN (2024),SQMS-03f,Ordinal,1,0,,,1: Agree a lot; 2: Agree a little; 3: Disagree a little; 4: Disagree a lot,9: Omitted or invalid; Sysmis: Not administered,.: Omitted or invalid; .A: Not administered,1: Agree a lot; 2: Agree a little; 3: Disagree a little; 4: Disagree a lot; 9: Omitted or invalid; Sysmis: Not administered,1: Agree a lot; 2: Agree a little; 3: Disagree a little; 4: Disagree a lot; .: Omitted or invalid; .A: Not administered,Background Questionnaire Variables,B,
ASBLM03G,MAT\AGREE\TEACHER GIVES FEEDBACK (2024),SQMS-03g,Ordinal,1,0,,,1: Agree a lot; 2: Agree a little; 3: Disagree a little; 4: Disagree a lot,9: Omitted or invalid; Sysmis: Not administered,.: Omitted or invalid; .A: Not administered,1: Agree a lot; 2: Agree a little; 3: Disagree a little; 4: Disagree a lot; 9: Omitted or invalid; Sysmis: Not administered,1: Agree a lot; 2: Agree a little; 3: Disagree a little; 4: Disagree a lot; .: Omitted or invalid; .A: Not administered,Background Questionnaire Variables,B,
ASBLM03H,MAT\AGREE\TEACHER ASKS TO SHOW (2024),SQMS-03h,Ordinal,1,0,,,1: Agree a lot; 2: Agree a little; 3: Disagree a little; 4: Disagree a lot,9: Omitted or invalid; Sysmis: Not administered,.: Omitted or invalid; .A: Not administered,1: Agree a lot; 2: Agree a little; 3: Disagree a little; 4: Disagree a lot; 9: Omitted or invalid; Sysmis: Not administered,1: Agree a lot; 2: Agree a little; 3: Disagree a little; 4: Disagree a lot; .: Omitted or invalid; .A: Not administered,Background Questionnaire Variables,B,
ASBLM03I,MAT\AGREE\TEACHER ASKS TO EXPLAIN (2024),SQMS-03i,Ordinal,1,0,,,1: Agree a lot; 2: Agree a little; 3: Disagree a little; 4: Disagree a lot,9: Omitted or invalid; Sysmis: Not administered,.: Omitted or invalid; .A: Not administered,1: Agree a lot; 2: Agree a little; 3: Disagree a little; 4: Disagree a lot; 9: Omitted or invalid; Sysmis: Not administered,1: Agree a lot; 2: Agree a little; 3: Disagree a little; 4: Disagree a lot; .: Omitted or invalid; .A: Not administered,Background Questionnaire Variables,B,
ASBLM04A,MAT\HOW OFTEN\STUDENTS NOT LISTEN (2024),SQMS-04a,Ordinal,1,0,,,1: Every or almost every lesson; 2: About half the lessons; 3: Some lessons; 4: Never,9: Omitted or invalid; Sysmis: Not administered,.: Omitted or invalid; .A: Not administered,1: Every or almost every lesson; 2: About half the lessons; 3: Some lessons; 4: Never; 9: Omitted or invalid; Sysmis: Not administered,1: Every or almost every lesson; 2: About half the lessons; 3: Some lessons; 4: Never; .: Omitted or invalid; .A: Not administered,Background Questionnaire Variables,B,
ASBLM04B,MAT\HOW OFTEN\DISRUPTIVE NOISE (2024),SQMS-04b,Ordinal,1,0,,,1: Every or almost every lesson; 2: About half the lessons; 3: Some lessons; 4: Never,9: Omitted or invalid; Sysmis: Not administered,.: Omitted or invalid; .A: Not administered,1: Every or almost every lesson; 2: About half the lessons; 3: Some lessons; 4: Never; 9: Omitted or invalid; Sysmis: Not administered,1: Every or almost every lesson; 2: About half the lessons; 3: Some lessons; 4: Never; .: Omitted or invalid; .A: Not administered,Background Questionnaire Variables,B,
ASBLM04C,MAT\HOW OFTEN\WAIT LONG TIME TO QUIET (2024),SQMS-04c,Ordinal,1,0,,,1: Every or almost every lesson; 2: About half the lessons; 3: Some lessons; 4: Never,9: Omitted or invalid; Sysmis: Not administered,.: Omitted or invalid; .A: Not administered,1: Every or almost every lesson; 2: About half the lessons; 3: Some lessons; 4: Never; 9: Omitted or invalid; Sysmis: Not administered,1: Every or almost every lesson; 2: About half the lessons; 3: Some lessons; 4: Never; .: Omitted or invalid; .A: Not administered,Background Questionnaire Variables,B,
ASBLM04D,MAT\HOW OFTEN\STUDENTS INTERRUPT TCH (2024),SQMS-04d,Ordinal,1,0,,,1: Every or almost every lesson; 2: About half the lessons; 3: Some lessons; 4: Never,9: Omitted or invalid; Sysmis: Not administered,.: Omitted or invalid; .A: Not administered,1: Every or almost every lesson; 2: About half the lessons; 3: Some lessons; 4: Never; 9: Omitted or invalid; Sysmis: Not administered,1: Every or almost every lesson; 2: About half the lessons; 3: Some lessons; 4: Never; .: Omitted or invalid; .A: Not administered,Background Questionnaire Variables,B,
ASBLM04E,MAT\HOW OFTEN\KEEP TELLING RULES (2024),SQMS-04e,Ordinal,1,0,,,1: Every or almost every lesson; 2: About half the lessons; 3: Some lessons; 4: Never,9: Omitted or invalid; Sysmis: Not administered,.: Omitted or invalid; .A: Not administered,1: Every or almost every lesson; 2: About half the lessons; 3: Some lessons; 4: Never; 9: Omitted or invalid; Sysmis: Not administered,1: Every or almost every lesson; 2: About half the lessons; 3: Some lessons; 4: Never; .: Omitted or invalid; .A: Not administered,Background Questionnaire Variables,B,
ASBLM04F,MAT\HOW OFTEN\OTHER STDS BEHAVIOR (2024),SQMS-04f,Ordinal,1,0,,,1: Every or almost every lesson; 2: About half the lessons; 3: Some lessons; 4: Never,9: Omitted or invalid; Sysmis: Not administered,.: Omitted or invalid; .A: Not administered,1: Every or almost every lesson; 2: About half the lessons; 3: Some lessons; 4: Never; 9: Omitted or invalid; Sysmis: Not administered,1: Every or almost every lesson; 2: About half the lessons; 3: Some lessons; 4: Never; .: Omitted or invalid; .A: Not administered,Background Questionnaire Variables,B,
ASBLM05A,MAT\AGREE\USUALLY DO WELL IN MATH (2024),SQMS-05a,Ordinal,1,0,,,1: Agree a lot; 2: Agree a little; 3: Disagree a little; 4: Disagree a lot,9: Omitted or invalid; Sysmis: Not administered,.: Omitted or invalid; .A: Not administered,1: Agree a lot; 2: Agree a little; 3: Disagree a little; 4: Disagree a lot; 9: Omitted or invalid; Sysmis: Not administered,1: Agree a lot; 2: Agree a little; 3: Disagree a little; 4: Disagree a lot; .: Omitted or invalid; .A: Not administered,Background Questionnaire Variables,B,
ASBLM05B,MAT\AGREE\HARDER FOR ME THAN FOR OTHERS (2024),SQMS-05b,Ordinal,1,0,,,1: Agree a lot; 2: Agree a little; 3: Disagree a little; 4: Disagree a lot,9: Omitted or invalid; Sysmis: Not administered,.: Omitted or invalid; .A: Not administered,1: Agree a lot; 2: Agree a little; 3: Disagree a little; 4: Disagree a lot; 9: Omitted or invalid; Sysmis: Not administered,1: Agree a lot; 2: Agree a little; 3: Disagree a little; 4: Disagree a lot; .: Omitted or invalid; .A: Not administered,Background Questionnaire Variables,B,
ASBLM05C,MAT\AGREE\JUST NOT GOOD IN MATH (2024),SQMS-05c,Ordinal,1,0,,,1: Agree a lot; 2: Agree a little; 3: Disagree a little; 4: Disagree a lot,9: Omitted or invalid; Sysmis: Not administered,.: Omitted or invalid; .A: Not administered,1: Agree a lot; 2: Agree a little; 3: Disagree a little; 4: Disagree a lot; 9: Omitted or invalid; Sysmis: Not administered,1: Agree a lot; 2: Agree a little; 3: Disagree a little; 4: Disagree a lot; .: Omitted or invalid; .A: Not administered,Background Questionnaire Variables,B,
ASBLM05D,MAT\AGREE\MATHEMATICS IS EASY FOR ME (2024),SQMS-05d,Ordinal,1,0,,,1: Agree a lot; 2: Agree a little; 3: Disagree a little; 4: Disagree a lot,9: Omitted or invalid; Sysmis: Not administered,.: Omitted or invalid; .A: Not administered,1: Agree a lot; 2: Agree a little; 3: Disagree a little; 4: Disagree a lot; 9: Omitted or invalid; Sysmis: Not administered,1: Agree a lot; 2: Agree a little; 3: Disagree a little; 4: Disagree a lot; .: Omitted or invalid; .A: Not administered,Background Questionnaire Variables,B,
ASBLM05E,MAT\AGREE\GOOD AT WORKING OUT PROBLEMS (2024),SQMS-05e,Ordinal,1,0,,,1: Agree a lot; 2: Agree a little; 3: Disagree a little; 4: Disagree a lot,9: Omitted or invalid; Sysmis: Not administered,.: Omitted or invalid; .A: Not administered,1: Agree a lot; 2: Agree a little; 3: Disagree a little; 4: Disagree a lot; 9: Omitted or invalid; Sysmis: Not administered,1: Agree a lot; 2: Agree a little; 3: Disagree a little; 4: Disagree a lot; .: Omitted or invalid; .A: Not administered,Background Questionnaire Variables,B,
ASBLM05F,MAT\AGREE\MATHEMATICS HARDER FOR ME (2024),SQMS-05f,Ordinal,1,0,,,1: Agree a lot; 2: Agree a little; 3: Disagree a little; 4: Disagree a lot,9: Omitted or invalid; Sysmis: Not administered,.: Omitted or invalid; .A: Not administered,1: Agree a lot; 2: Agree a little; 3: Disagree a little; 4: Disagree a lot; 9: Omitted or invalid; Sysmis: Not administered,1: Agree a lot; 2: Agree a little; 3: Disagree a little; 4: Disagree a lot; .: Omitted or invalid; .A: Not administered,Background Questionnaire Variables,B,
ASBLM05G,MAT\AGREE\MATH MAKES ME CONFUSED (2024),SQMS-05g,Ordinal,1,0,,,1: Agree a lot; 2: Agree a little; 3: Disagree a little; 4: Disagree a lot,9: Omitted or invalid; Sysmis: Not administered,.: Omitted or invalid; .A: Not administered,1: Agree a lot; 2: Agree a little; 3: Disagree a little; 4: Disagree a lot; 9: Omitted or invalid; Sysmis: Not administered,1: Agree a lot; 2: Agree a little; 3: Disagree a little; 4: Disagree a lot; .: Omitted or invalid; .A: Not administered,Background Questionnaire Variables,B,
ASBLS06,SCI\HOW OFTEN CONDUCT EXPERIMENTS (2024),SQMS-06,Ordinal,1,0,,,1: At least once a week; 2: Once or twice a month; 3: A few times a year; 4: Never,9: Omitted or invalid; Sysmis: Not administered,.: Omitted or invalid; .A: Not administered,1: At least once a week; 2: Once or twice a month; 3: A few times a year; 4: Never; 9: Omitted or invalid; Sysmis: Not administered,1: At least once a week; 2: Once or twice a month; 3: A few times a year; 4: Never; .: Omitted or invalid; .A: Not administered,Background Questionnaire Variables,B,
ASBLS07A,SCI\AGREE\ENJOY LEARNING SCIENCE (2024),SQMS-07a,Ordinal,1,0,,,1: Agree a lot; 2: Agree a little; 3: Disagree a little; 4: Disagree a lot,9: Omitted or invalid; Sysmis: Not administered,.: Omitted or invalid; .A: Not administered,1: Agree a lot; 2: Agree a little; 3: Disagree a little; 4: Disagree a lot; 9: Omitted or invalid; Sysmis: Not administered,1: Agree a lot; 2: Agree a little; 3: Disagree a little; 4: Disagree a lot; .: Omitted or invalid; .A: Not administered,Background Questionnaire Variables,B,
ASBLS07B,SCI\AGREE\LEARN INTERESTING THINGS (2024),SQMS-07b,Ordinal,1,0,,,1: Agree a lot; 2: Agree a little; 3: Disagree a little; 4: Disagree a lot,9: Omitted or invalid; Sysmis: Not administered,.: Omitted or invalid; .A: Not administered,1: Agree a lot; 2: Agree a little; 3: Disagree a little; 4: Disagree a lot; 9: Omitted or invalid; Sysmis: Not administered,1: Agree a lot; 2: Agree a little; 3: Disagree a little; 4: Disagree a lot; .: Omitted or invalid; .A: Not administered,Background Questionnaire Variables,B,
ASBLS07C,SCI\AGREE\LIKE SCIENCE (2024),SQMS-07c,Ordinal,1,0,,,1: Agree a lot; 2: Agree a little; 3: Disagree a little; 4: Disagree a lot,9: Omitted or invalid; Sysmis: Not administered,.: Omitted or invalid; .A: Not administered,1: Agree a lot; 2: Agree a little; 3: Disagree a little; 4: Disagree a lot; 9: Omitted or invalid; Sysmis: Not administered,1: Agree a lot; 2: Agree a little; 3: Disagree a little; 4: Disagree a lot; .: Omitted or invalid; .A: Not administered,Background Questionnaire Variables,B,
ASBLS07D,SCI\AGREE\LOOK FORWARD TO LEARN (2024),SQMS-07d,Ordinal,1,0,,,1: Agree a lot; 2: Agree a little; 3: Disagree a little; 4: Disagree a lot,9: Omitted or invalid; Sysmis: Not administered,.: Omitted or invalid; .A: Not administered,1: Agree a lot; 2: Agree a little; 3: Disagree a little; 4: Disagree a lot; 9: Omitted or invalid; Sysmis: Not administered,1: Agree a lot; 2: Agree a little; 3: Disagree a little; 4: Disagree a lot; .: Omitted or invalid; .A: Not administered,Background Questionnaire Variables,B,
ASBLS07E,SCI\AGREE\SCIENCE TEACHES ME (2024),SQMS-07e,Ordinal,1,0,,,1: Agree a lot; 2: Agree a little; 3: Disagree a little; 4: Disagree a lot,9: Omitted or invalid; Sysmis: Not administered,.: Omitted or invalid; .A: Not administered,1: Agree a lot; 2: Agree a little; 3: Disagree a little; 4: Disagree a lot; 9: Omitted or invalid; Sysmis: Not administered,1: Agree a lot; 2: Agree a little; 3: Disagree a little; 4: Disagree a lot; .: Omitted or invalid; .A: Not administered,Background Questionnaire Variables,B,
ASBLS07F,SCI\AGREE\SCIENCE EXPERIMENTS (2024),SQMS-07f,Ordinal,1,0,,,1: Agree a lot; 2: Agree a little; 3: Disagree a little; 4: Disagree a lot,9: Omitted or invalid; Sysmis: Not administered,.: Omitted or invalid; .A: Not administered,1: Agree a lot; 2: Agree a little; 3: Disagree a little; 4: Disagree a lot; 9: Omitted or invalid; Sysmis: Not administered,1: Agree a lot; 2: Agree a little; 3: Disagree a little; 4: Disagree a lot; .: Omitted or invalid; .A: Not administered,Background Questionnaire Variables,B,
ASBLS07G,SCI\AGREE\FAVORITE SUBJECT (2024),SQMS-07g,Ordinal,1,0,,,1: Agree a lot; 2: Agree a little; 3: Disagree a little; 4: Disagree a lot,9: Omitted or invalid; Sysmis: Not administered,.: Omitted or invalid; .A: Not administered,1: Agree a lot; 2: Agree a little; 3: Disagree a little; 4: Disagree a lot; 9: Omitted or invalid; Sysmis: Not administered,1: Agree a lot; 2: Agree a little; 3: Disagree a little; 4: Disagree a lot; .: Omitted or invalid; .A: Not administered,Background Questionnaire Variables,B,
ASBLS08A,SCI\AGREE\TEACHER MAKES IT CLEAR (2024),SQMS-08a,Ordinal,1,0,,,1: Agree a lot; 2: Agree a little; 3: Disagree a little; 4: Disagree a lot,9: Omitted or invalid; Sysmis: Not administered,.: Omitted or invalid; .A: Not administered,1: Agree a lot; 2: Agree a little; 3: Disagree a little; 4: Disagree a lot; 9: Omitted or invalid; Sysmis: Not administered,1: Agree a lot; 2: Agree a little; 3: Disagree a little; 4: Disagree a lot; .: Omitted or invalid; .A: Not administered,Background Questionnaire Variables,B,
ASBLS08B,SCI\AGREE\TEACHER EASY TO UNDERSTAND (2024),SQMS-08b,Ordinal,1,0,,,1: Agree a lot; 2: Agree a little; 3: Disagree a little; 4: Disagree a lot,9: Omitted or invalid; Sysmis: Not administered,.: Omitted or invalid; .A: Not administered,1: Agree a lot; 2: Agree a little; 3: Disagree a little; 4: Disagree a lot; 9: Omitted or invalid; Sysmis: Not administered,1: Agree a lot; 2: Agree a little; 3: Disagree a little; 4: Disagree a lot; .: Omitted or invalid; .A: Not administered,Background Questionnaire Variables,B,
ASBLS08C,SCI\AGREE\CLEAR ANSWERS (2024),SQMS-08c,Ordinal,1,0,,,1: Agree a lot; 2: Agree a little; 3: Disagree a little; 4: Disagree a lot,9: Omitted or invalid; Sysmis: Not administered,.: Omitted or invalid; .A: Not administered,1: Agree a lot; 2: Agree a little; 3: Disagree a little; 4: Disagree a lot; 9: Omitted or invalid; Sysmis: Not administered,1: Agree a lot; 2: Agree a little; 3: Disagree a little; 4: Disagree a lot; .: Omitted or invalid; .A: Not administered,Background Questionnaire Variables,B,
ASBLS08D,SCI\AGREE\TEACHER GOOD AT EXPLAINING (2024),SQMS-08d,Ordinal,1,0,,,1: Agree a lot; 2: Agree a little; 3: Disagree a little; 4: Disagree a lot,9: Omitted or invalid; Sysmis: Not administered,.: Omitted or invalid; .A: Not administered,1: Agree a lot; 2: Agree a little; 3: Disagree a little; 4: Disagree a lot; 9: Omitted or invalid; Sysmis: Not administered,1: Agree a lot; 2: Agree a little; 3: Disagree a little; 4: Disagree a lot; .: Omitted or invalid; .A: Not administered,Background Questionnaire Variables,B,
ASBLS08E,SCI\AGREE\TEACHER DOES A VARIETY (2024),SQMS-08e,Ordinal,1,0,,,1: Agree a lot; 2: Agree a little; 3: Disagree a little; 4: Disagree a lot,9: Omitted or invalid; Sysmis: Not administered,.: Omitted or invalid; .A: Not administered,1: Agree a lot; 2: Agree a little; 3: Disagree a little; 4: Disagree a lot; 9: Omitted or invalid; Sysmis: Not administered,1: Agree a lot; 2: Agree a little; 3: Disagree a little; 4: Disagree a lot; .: Omitted or invalid; .A: Not administered,Background Questionnaire Variables,B,
ASBLS08F,SCI\AGREE\TEACHER EXPLAINS AGAIN (2024),SQMS-08f,Ordinal,1,0,,,1: Agree a lot; 2: Agree a little; 3: Disagree a little; 4: Disagree a lot,9: Omitted or invalid; Sysmis: Not administered,.: Omitted or invalid; .A: Not administered,1: Agree a lot; 2: Agree a little; 3: Disagree a little; 4: Disagree a lot; 9: Omitted or invalid; Sysmis: Not administered,1: Agree a lot; 2: Agree a little; 3: Disagree a little; 4: Disagree a lot; .: Omitted or invalid; .A: Not administered,Background Questionnaire Variables,B,
ASBLS08G,SCI\AGREE\TEACHER GIVES FEEDBACK (2024),SQMS-08g,Ordinal,1,0,,,1: Agree a lot; 2: Agree a little; 3: Disagree a little; 4: Disagree a lot,9: Omitted or invalid; Sysmis: Not administered,.: Omitted or invalid; .A: Not administered,1: Agree a lot; 2: Agree a little; 3: Disagree a little; 4: Disagree a lot; 9: Omitted or invalid; Sysmis: Not administered,1: Agree a lot; 2: Agree a little; 3: Disagree a little; 4: Disagree a lot; .: Omitted or invalid; .A: Not administered,Background Questionnaire Variables,B,
ASBLS08H,SCI\AGREE\TEACHER ASKS TO SHOW (2024),SQMS-08h,Ordinal,1,0,,,1: Agree a lot; 2: Agree a little; 3: Disagree a little; 4: Disagree a lot,9: Omitted or invalid; Sysmis: Not administered,.: Omitted or invalid; .A: Not administered,1: Agree a lot; 2: Agree a little; 3: Disagree a little; 4: Disagree a lot; 9: Omitted or invalid; Sysmis: Not administered,1: Agree a lot; 2: Agree a little; 3: Disagree a little; 4: Disagree a lot; .: Omitted or invalid; .A: Not administered,Background Questionnaire Variables,B,
ASBLS08I,SCI\AGREE\TEACHER ASKS TO EXPLAIN (2024),SQMS-08i,Ordinal,1,0,,,1: Agree a lot; 2: Agree a little; 3: Disagree a little; 4: Disagree a lot,9: Omitted or invalid; Sysmis: Not administered,.: Omitted or invalid; .A: Not administered,1: Agree a lot; 2: Agree a little; 3: Disagree a little; 4: Disagree a lot; 9: Omitted or invalid; Sysmis: Not administered,1: Agree a lot; 2: Agree a little; 3: Disagree a little; 4: Disagree a lot; .: Omitted or invalid; .A: Not administered,Background Questionnaire Variables,B,
ASBLS09A,SCI\HOW OFTEN\STUDENTS NOT LISTEN (2024),SQMS-09a,Ordinal,1,0,,,1: Every or almost every lesson; 2: About half the lessons; 3: Some lessons; 4: Never,9: Omitted or invalid; Sysmis: Not administered,.: Omitted or invalid; .A: Not administered,1: Every or almost every lesson; 2: About half the lessons; 3: Some lessons; 4: Never; 9: Omitted or invalid; Sysmis: Not administered,1: Every or almost every lesson; 2: About half the lessons; 3: Some lessons; 4: Never; .: Omitted or invalid; .A: Not administered,Background Questionnaire Variables,B,
ASBLS09B,SCI\HOW OFTEN\DISRUPTIVE NOISE (2024),SQMS-09b,Ordinal,1,0,,,1: Every or almost every lesson; 2: About half the lessons; 3: Some lessons; 4: Never,9: Omitted or invalid; Sysmis: Not administered,.: Omitted or invalid; .A: Not administered,1: Every or almost every lesson; 2: About half the lessons; 3: Some lessons; 4: Never; 9: Omitted or invalid; Sysmis: Not administered,1: Every or almost every lesson; 2: About half the lessons; 3: Some lessons; 4: Never; .: Omitted or invalid; .A: Not administered,Background Questionnaire Variables,B,
ASBLS09C,SCI\HOW OFTEN\WAIT LONG TIME TO QUIET (2024),SQMS-09c,Ordinal,1,0,,,1: Every or almost every lesson; 2: About half the lessons; 3: Some lessons; 4: Never,9: Omitted or invalid; Sysmis: Not administered,.: Omitted or invalid; .A: Not administered,1: Every or almost every lesson; 2: About half the lessons; 3: Some lessons; 4: Never; 9: Omitted or invalid; Sysmis: Not administered,1: Every or almost every lesson; 2: About half the lessons; 3: Some lessons; 4: Never; .: Omitted or invalid; .A: Not administered,Background Questionnaire Variables,B,
ASBLS09D,SCI\HOW OFTEN\STUDENTS INTERRUPT TCH (2024),SQMS-09d,Ordinal,1,0,,,1: Every or almost every lesson; 2: About half the lessons; 3: Some lessons; 4: Never,9: Omitted or invalid; Sysmis: Not administered,.: Omitted or invalid; .A: Not administered,1: Every or almost every lesson; 2: About half the lessons; 3: Some lessons; 4: Never; 9: Omitted or invalid; Sysmis: Not administered,1: Every or almost every lesson; 2: About half the lessons; 3: Some lessons; 4: Never; .: Omitted or invalid; .A: Not administered,Background Questionnaire Variables,B,
ASBLS09E,SCI\HOW OFTEN\KEEP TELLING RULES (2024),SQMS-09e,Ordinal,1,0,,,1: Every or almost every lesson; 2: About half the lessons; 3: Some lessons; 4: Never,9: Omitted or invalid; Sysmis: Not administered,.: Omitted or invalid; .A: Not administered,1: Every or almost every lesson; 2: About half the lessons; 3: Some lessons; 4: Never; 9: Omitted or invalid; Sysmis: Not administered,1: Every or almost every lesson; 2: About half the lessons; 3: Some lessons; 4: Never; .: Omitted or invalid; .A: Not administered,Background Questionnaire Variables,B,
ASBLS09F,SCI\HOW OFTEN\OTHER STDS BEHAVIOR (2024),SQMS-09f,Ordinal,1,0,,,1: Every or almost every lesson; 2: About half the lessons; 3: Some lessons; 4: Never,9: Omitted or invalid; Sysmis: Not administered,.: Omitted or invalid; .A: Not administered,1: Every or almost every lesson; 2: About half the lessons; 3: Some lessons; 4: Never; 9: Omitted or invalid; Sysmis: Not administered,1: Every or almost every lesson; 2: About half the lessons; 3: Some lessons; 4: Never; .: Omitted or invalid; .A: Not administered,Background Questionnaire Variables,B,
ASBLS10A,SCI\AGREE\USUALLY DO WELL IN SCIENCE (2024),SQMS-10a,Ordinal,1,0,,,1: Agree a lot; 2: Agree a little; 3: Disagree a little; 4: Disagree a lot,9: Omitted or invalid; Sysmis: Not administered,.: Omitted or invalid; .A: Not administered,1: Agree a lot; 2: Agree a little; 3: Disagree a little; 4: Disagree a lot; 9: Omitted or invalid; Sysmis: Not administered,1: Agree a lot; 2: Agree a little; 3: Disagree a little; 4: Disagree a lot; .: Omitted or invalid; .A: Not administered,Background Questionnaire Variables,B,
ASBLS10B,SCI\AGREE\HARDER FOR ME THAN FOR OTHERS (2024),SQMS-10b,Ordinal,1,0,,,1: Agree a lot; 2: Agree a little; 3: Disagree a little; 4: Disagree a lot,9: Omitted or invalid; Sysmis: Not administered,.: Omitted or invalid; .A: Not administered,1: Agree a lot; 2: Agree a little; 3: Disagree a little; 4: Disagree a lot; 9: Omitted or invalid; Sysmis: Not administered,1: Agree a lot; 2: Agree a little; 3: Disagree a little; 4: Disagree a lot; .: Omitted or invalid; .A: Not administered,Background Questionnaire Variables,B,
ASBLS10C,SCI\AGREE\JUST NOT GOOD AT SCIENCE (2024),SQMS-10c,Ordinal,1,0,,,1: Agree a lot; 2: Agree a little; 3: Disagree a little; 4: Disagree a lot,9: Omitted or invalid; Sysmis: Not administered,.: Omitted or invalid; .A: Not administered,1: Agree a lot; 2: Agree a little; 3: Disagree a little; 4: Disagree a lot; 9: Omitted or invalid; Sysmis: Not administered,1: Agree a lot; 2: Agree a little; 3: Disagree a little; 4: Disagree a lot; .: Omitted or invalid; .A: Not administered,Background Questionnaire Variables,B,
ASBLS10D,SCI\AGREE\SCIENCE IS EASY FOR ME (2024),SQMS-10d,Ordinal,1,0,,,1: Agree a lot; 2: Agree a little; 3: Disagree a little; 4: Disagree a lot,9: Omitted or invalid; Sysmis: Not administered,.: Omitted or invalid; .A: Not administered,1: Agree a lot; 2: Agree a little; 3: Disagree a little; 4: Disagree a lot; 9: Omitted or invalid; Sysmis: Not administered,1: Agree a lot; 2: Agree a little; 3: Disagree a little; 4: Disagree a lot; .: Omitted or invalid; .A: Not administered,Background Questionnaire Variables,B,
ASBLS10E,SCI\AGREE\SCIENCE HARDER FOR ME (2024),SQMS-10e,Ordinal,1,0,,,1: Agree a lot; 2: Agree a little; 3: Disagree a little; 4: Disagree a lot,9: Omitted or invalid; Sysmis: Not administered,.: Omitted or invalid; .A: Not administered,1: Agree a lot; 2: Agree a little; 3: Disagree a little; 4: Disagree a lot; 9: Omitted or invalid; Sysmis: Not administered,1: Agree a lot; 2: Agree a little; 3: Disagree a little; 4: Disagree a lot; .: Omitted or invalid; .A: Not administered,Background Questionnaire Variables,B,
ASBLS10F,SCI\AGREE\SCIENCE MAKES ME CONFUSED (2024),SQMS-10f,Ordinal,1,0,,,1: Agree a lot; 2: Agree a little; 3: Disagree a little; 4: Disagree a lot,9: Omitted or invalid; Sysmis: Not administered,.: Omitted or invalid; .A: Not administered,1: Agree a lot; 2: Agree a little; 3: Disagree a little; 4: Disagree a lot; 9: Omitted or invalid; Sysmis: Not administered,1: Agree a lot; 2: Agree a little; 3: Disagree a little; 4: Disagree a lot; .: Omitted or invalid; .A: Not administered,Background Questionnaire Variables,B,
ASBLM11A,MAT\HOW OFTEN TEACHER GIVE YOU HOMEWORK\MATHEMATICS (2024),SQMS-11a,Nominal,1,0,,,1: Every day; 2: 3 or 4 times a week; 3: 1 or 2 times a week; 4: Less than once a week; 5: Never,9: Omitted or invalid; Sysmis: Not administered,.: Omitted or invalid; .A: Not administered,1: Every day; 2: 3 or 4 times a week; 3: 1 or 2 times a week; 4: Less than once a week; 5: Never; 9: Omitted or invalid; Sysmis: Not administered,1: Every day; 2: 3 or 4 times a week; 3: 1 or 2 times a week; 4: Less than once a week; 5: Never; .: Omitted or invalid; .A: Not administered,Background Questionnaire Variables,B,
ASBLS11B,SCI\HOW OFTEN TEACHER GIVE YOU HOMEWORK\SCIENCE (2024),SQMS-11b,Nominal,1,0,,,1: Every day; 2: 3 or 4 times a week; 3: 1 or 2 times a week; 4: Less than once a week; 5: Never,9: Omitted or invalid; Sysmis: Not administered,.: Omitted or invalid; .A: Not administered,1: Every day; 2: 3 or 4 times a week; 3: 1 or 2 times a week; 4: Less than once a week; 5: Never; 9: Omitted or invalid; Sysmis: Not administered,1: Every day; 2: 3 or 4 times a week; 3: 1 or 2 times a week; 4: Less than once a week; 5: Never; .: Omitted or invalid; .A: Not administered,Background Questionnaire Variables,B,
ASBLM12A,MAT\TIME SPENT HOMEWORK\MATH (2024),SQMS-12a,Nominal,1,0,,,1: 30 minutes or less; 2: 31-60 minutes; 3: more than 60 minutes,9: Omitted or invalid; 6: Logically not applicable; Sysmis: Not administered,.: Omitted or invalid; .A: Not administered; .B: Logically not applicable,1: 30 minutes or less; 2: 31-60 minutes; 3: more than 60 minutes; 9: Omitted or invalid; 6: Logically not applicable; Sysmis: Not administered,1: 30 minutes or less; 2: 31-60 minutes; 3: more than 60 minutes; .: Omitted or invalid; .A: Not administered; .B: Logically not applicable,Background Questionnaire Variables,B,
ASBLS12B,SCI\TIME SPENT HOMEWORK\SCI (2024),SQMS-12b,Nominal,1,0,,,1: 30 minutes or less; 2: 31-60 minutes; 3: more than 60 minutes,9: Omitted or invalid; 6: Logically not applicable; Sysmis: Not administered,.: Omitted or invalid; .A: Not administered; .B: Logically not applicable,1: 30 minutes or less; 2: 31-60 minutes; 3: more than 60 minutes; 9: Omitted or invalid; 6: Logically not applicable; Sysmis: Not administered,1: 30 minutes or less; 2: 31-60 minutes; 3: more than 60 minutes; .: Omitted or invalid; .A: Not administered; .B: Logically not applicable,Background Questionnaire Variables,B,
JKZONE,JACKKNIFE ZONE (2023 & 2024),,Nominal,3,0,,,,999: Omitted or invalid; SYSMIS: Not administered,.: Omitted or invalid; .A: Not administered,999: Omitted or invalid; SYSMIS: Not administered,.: Omitted or invalid; .A: Not administered,Weights,ISC_S,
JKREP,JACKKNIFE REPLICATE CODE (2023 & 2024),,Nominal,1,0,,,,9: Omitted or invalid; SYSMIS: Not administered,.: Omitted or invalid; .A: Not administered,9: Omitted or invalid; SYSMIS: Not administered,.: Omitted or invalid; .A: Not administered,Weights,ISC_S,
TOTWGT,TOTAL STUDENT WEIGHT (2023 & 2024),Weights,Scale,13,6,,,,999999: Omitted or invalid; SYSMIS: Not administered,.: Omitted or invalid; .A: Not administered,999999: Omitted or invalid; SYSMIS: Not administered,.: Omitted or invalid; .A: Not administered,Weights,ISC_S,
HOUWGT,HOUSE WEIGHT (2023 & 2024),Weights,Scale,13,6,,,,999999: Omitted or invalid; SYSMIS: Not administered,.: Omitted or invalid; .A: Not administered,999999: Omitted or invalid; SYSMIS: Not administered,.: Omitted or invalid; .A: Not administered,Weights,ISC_S,
SENWGT,SENATE WEIGHT (2023),Weights,Scale,13,6,,,,999999: Omitted or invalid; SYSMIS: Not administered,.: Omitted or invalid; .A: Not administered,999999: Omitted or invalid; SYSMIS: Not administered,.: Omitted or invalid; .A: Not administered,Weights,ISC_S,
WGTFAC1,SCHOOL WEIGHT FACTOR (2023 & 2024),Weights,Scale,13,6,,,,999999: Omitted or invalid; SYSMIS: Not administered,.: Omitted or invalid; .A: Not administered,999999: Omitted or invalid; SYSMIS: Not administered,.: Omitted or invalid; .A: Not administered,Weights,ISC_S,
WGTADJ1,SCHOOL WEIGHT ADJUSTMENT (2023 & 2024),Weights,Scale,13,6,,,,999999: Omitted or invalid; SYSMIS: Not administered,.: Omitted or invalid; .A: Not administered,999999: Omitted or invalid; SYSMIS: Not administered,.: Omitted or invalid; .A: Not administered,Weights,ISC_S,
WGTFAC2,CLASS WEIGHT FACTOR (2023 & 2024),Weights,Scale,13,6,,,,999999: Omitted or invalid; SYSMIS: Not administered,.: Omitted or invalid; .A: Not administered,999999: Omitted or invalid; SYSMIS: Not administered,.: Omitted or invalid; .A: Not administered,Weights,ISC_S,
WGTADJ2,CLASS WEIGHT ADJUSTMENT (2023 & 2024),Weights,Scale,13,6,,,,999999: Omitted or invalid; SYSMIS: Not administered,.: Omitted or invalid; .A: Not administered,999999: Omitted or invalid; SYSMIS: Not administered,.: Omitted or invalid; .A: Not administered,Weights,ISC_S,
WGTFAC3,STUDENT WEIGHT FACTOR (2023 & 2024),Weights,Scale,13,6,,,,999999: Omitted or invalid; SYSMIS: Not administered,.: Omitted or invalid; .A: Not administered,999999: Omitted or invalid; SYSMIS: Not administered,.: Omitted or invalid; .A: Not administered,Weights,ISC_S,
WGTADJ3,STUDENT WEIGHT ADJUSTMENT (2023 & 2024),Weights,Scale,13,6,,,,999999: Omitted or invalid; SYSMIS: Not administered,.: Omitted or invalid; .A: Not administered,999999: Omitted or invalid; SYSMIS: Not administered,.: Omitted or invalid; .A: Not administered,Weights,ISC_S,
ASMMAT11,1ST PLAUSIBLE VALUE MATHEMATICS (2023),Scores,Scale,13,5,,,,9999999: Omitted or invalid; SYSMIS: Not administered,.: Omitted or invalid; .A: Not administered,9999999: Omitted or invalid; SYSMIS: Not administered,.: Omitted or invalid; .A: Not administered,Scores,ISC_S,
ASMMAT12,2ND PLAUSIBLE VALUE MATHEMATICS (2023),Scores,Scale,13,5,,,,9999999: Omitted or invalid; SYSMIS: Not administered,.: Omitted or invalid; .A: Not administered,9999999: Omitted or invalid; SYSMIS: Not administered,.: Omitted or invalid; .A: Not administered,Scores,ISC_S,
ASMMAT13,3RD PLAUSIBLE VALUE MATHEMATICS (2023),Scores,Scale,13,5,,,,9999999: Omitted or invalid; SYSMIS: Not administered,.: Omitted or invalid; .A: Not administered,9999999: Omitted or invalid; SYSMIS: Not administered,.: Omitted or invalid; .A: Not administered,Scores,ISC_S,
ASMMAT14,4TH PLAUSIBLE VALUE MATHEMATICS (2023),Scores,Scale,13,5,,,,9999999: Omitted or invalid; SYSMIS: Not administered,.: Omitted or invalid; .A: Not administered,9999999: Omitted or invalid; SYSMIS: Not administered,.: Omitted or invalid; .A: Not administered,Scores,ISC_S,
ASMMAT15,5TH PLAUSIBLE VALUE MATHEMATICS (2023),Scores,Scale,13,5,,,,9999999: Omitted or invalid; SYSMIS: Not administered,.: Omitted or invalid; .A: Not administered,9999999: Omitted or invalid; SYSMIS: Not administered,.: Omitted or invalid; .A: Not administered,Scores,ISC_S,
ASMMAT21,1ST PLAUSIBLE VALUE MATHEMATICS (2024),Scores,Scale,13,5,,,,9999999: Omitted or invalid; SYSMIS: Not administered,.: Omitted or invalid; .A: Not administered,9999999: Omitted or invalid; SYSMIS: Not administered,.: Omitted or invalid; .A: Not administered,Scores,ISC_S,
ASMMAT22,2ND PLAUSIBLE VALUE MATHEMATICS (2024),Scores,Scale,13,5,,,,9999999: Omitted or invalid; SYSMIS: Not administered,.: Omitted or invalid; .A: Not administered,9999999: Omitted or invalid; SYSMIS: Not administered,.: Omitted or invalid; .A: Not administered,Scores,ISC_S,
ASMMAT23,3RD PLAUSIBLE VALUE MATHEMATICS (2024),Scores,Scale,13,5,,,,9999999: Omitted or invalid; SYSMIS: Not administered,.: Omitted or invalid; .A: Not administered,9999999: Omitted or invalid; SYSMIS: Not administered,.: Omitted or invalid; .A: Not administered,Scores,ISC_S,
ASMMAT24,4TH PLAUSIBLE VALUE MATHEMATICS (2024),Scores,Scale,13,5,,,,9999999: Omitted or invalid; SYSMIS: Not administered,.: Omitted or invalid; .A: Not administered,9999999: Omitted or invalid; SYSMIS: Not administered,.: Omitted or invalid; .A: Not administered,Scores,ISC_S,
ASMMAT25,5TH PLAUSIBLE VALUE MATHEMATICS (2024),Scores,Scale,13,5,,,,9999999: Omitted or invalid; SYSMIS: Not administered,.: Omitted or invalid; .A: Not administered,9999999: Omitted or invalid; SYSMIS: Not administered,.: Omitted or invalid; .A: Not administered,Scores,ISC_S,
ASMCHG01,1ST PLAUSIBLE VALUE MATHEMATICS CHANGE (2024-2023),Scores,Scale,13,5,,,,9999999: Omitted or invalid; SYSMIS: Not administered,.: Omitted or invalid; .A: Not administered,9999999: Omitted or invalid; SYSMIS: Not administered,.: Omitted or invalid; .A: Not administered,Scores,ISC_S,
ASMCHG02,2ND PLAUSIBLE VALUE MATHEMATICS CHANGE (2024-2023),Scores,Scale,13,5,,,,9999999: Omitted or invalid; SYSMIS: Not administered,.: Omitted or invalid; .A: Not administered,9999999: Omitted or invalid; SYSMIS: Not administered,.: Omitted or invalid; .A: Not administered,Scores,ISC_S,
ASMCHG03,3RD PLAUSIBLE VALUE MATHEMATICS CHANGE (2024-2023),Scores,Scale,13,5,,,,9999999: Omitted or invalid; SYSMIS: Not administered,.: Omitted or invalid; .A: Not administered,9999999: Omitted or invalid; SYSMIS: Not administered,.: Omitted or invalid; .A: Not administered,Scores,ISC_S,
ASMCHG04,4TH PLAUSIBLE VALUE MATHEMATICS CHANGE (2024-2023),Scores,Scale,13,5,,,,9999999: Omitted or invalid; SYSMIS: Not administered,.: Omitted or invalid; .A: Not administered,9999999: Omitted or invalid; SYSMIS: Not administered,.: Omitted or invalid; .A: Not administered,Scores,ISC_S,
ASMCHG05,5TH PLAUSIBLE VALUE MATHEMATICS CHANGE (2024-2023),Scores,Scale,13,5,,,,9999999: Omitted or invalid; SYSMIS: Not administered,.: Omitted or invalid; .A: Not administered,9999999: Omitted or invalid; SYSMIS: Not administered,.: Omitted or invalid; .A: Not administered,Scores,ISC_S,
ASSSCI11,1ST PLAUSIBLE VALUE SCIENCE (2023),Scores,Scale,13,5,,,,9999999: Omitted or invalid; SYSMIS: Not administered,.: Omitted or invalid; .A: Not administered,9999999: Omitted or invalid; SYSMIS: Not administered,.: Omitted or invalid; .A: Not administered,Scores,ISC_S,
ASSSCI12,2ND PLAUSIBLE VALUE SCIENCE (2023),Scores,Scale,13,5,,,,9999999: Omitted or invalid; SYSMIS: Not administered,.: Omitted or invalid; .A: Not administered,9999999: Omitted or invalid; SYSMIS: Not administered,.: Omitted or invalid; .A: Not administered,Scores,ISC_S,
ASSSCI13,3RD PLAUSIBLE VALUE SCIENCE (2023),Scores,Scale,13,5,,,,9999999: Omitted or invalid; SYSMIS: Not administered,.: Omitted or invalid; .A: Not administered,9999999: Omitted or invalid; SYSMIS: Not administered,.: Omitted or invalid; .A: Not administered,Scores,ISC_S,
ASSSCI14,4TH PLAUSIBLE VALUE SCIENCE (2023),Scores,Scale,13,5,,,,9999999: Omitted or invalid; SYSMIS: Not administered,.: Omitted or invalid; .A: Not administered,9999999: Omitted or invalid; SYSMIS: Not administered,.: Omitted or invalid; .A: Not administered,Scores,ISC_S,
ASSSCI15,5TH PLAUSIBLE VALUE SCIENCE (2023),Scores,Scale,13,5,,,,9999999: Omitted or invalid; SYSMIS: Not administered,.: Omitted or invalid; .A: Not administered,9999999: Omitted or invalid; SYSMIS: Not administered,.: Omitted or invalid; .A: Not administered,Scores,ISC_S,
ASSSCI21,1ST PLAUSIBLE VALUE SCIENCE (2024),Scores,Scale,13,5,,,,9999999: Omitted or invalid; SYSMIS: Not administered,.: Omitted or invalid; .A: Not administered,9999999: Omitted or invalid; SYSMIS: Not administered,.: Omitted or invalid; .A: Not administered,Scores,ISC_S,
ASSSCI22,2ND PLAUSIBLE VALUE SCIENCE (2024),Scores,Scale,13,5,,,,9999999: Omitted or invalid; SYSMIS: Not administered,.: Omitted or invalid; .A: Not administered,9999999: Omitted or invalid; SYSMIS: Not administered,.: Omitted or invalid; .A: Not administered,Scores,ISC_S,
ASSSCI23,3RD PLAUSIBLE VALUE SCIENCE (2024),Scores,Scale,13,5,,,,9999999: Omitted or invalid; SYSMIS: Not administered,.: Omitted or invalid; .A: Not administered,9999999: Omitted or invalid; SYSMIS: Not administered,.: Omitted or invalid; .A: Not administered,Scores,ISC_S,
ASSSCI24,4TH PLAUSIBLE VALUE SCIENCE (2024),Scores,Scale,13,5,,,,9999999: Omitted or invalid; SYSMIS: Not administered,.: Omitted or invalid; .A: Not administered,9999999: Omitted or invalid; SYSMIS: Not administered,.: Omitted or invalid; .A: Not administered,Scores,ISC_S,
ASSSCI25,5TH PLAUSIBLE VALUE SCIENCE (2024),Scores,Scale,13,5,,,,9999999: Omitted or invalid; SYSMIS: Not administered,.: Omitted or invalid; .A: Not administered,9999999: Omitted or invalid; SYSMIS: Not administered,.: Omitted or invalid; .A: Not administered,Scores,ISC_S,
ASSCHG01,1ST PLAUSIBLE VALUE SCIENCE CHANGE (2024-2023),Scores,Scale,13,5,,,,9999999: Omitted or invalid; SYSMIS: Not administered,.: Omitted or invalid; .A: Not administered,9999999: Omitted or invalid; SYSMIS: Not administered,.: Omitted or invalid; .A: Not administered,Scores,ISC_S,
ASSCHG02,2ND PLAUSIBLE VALUE SCIENCE CHANGE (2024-2023),Scores,Scale,13,5,,,,9999999: Omitted or invalid; SYSMIS: Not administered,.: Omitted or invalid; .A: Not administered,9999999: Omitted or invalid; SYSMIS: Not administered,.: Omitted or invalid; .A: Not administered,Scores,ISC_S,
ASSCHG03,3RD PLAUSIBLE VALUE SCIENCE CHANGE (2024-2023),Scores,Scale,13,5,,,,9999999: Omitted or invalid; SYSMIS: Not administered,.: Omitted or invalid; .A: Not administered,9999999: Omitted or invalid; SYSMIS: Not administered,.: Omitted or invalid; .A: Not administered,Scores,ISC_S,
ASSCHG04,4TH PLAUSIBLE VALUE SCIENCE CHANGE (2024-2023),Scores,Scale,13,5,,,,9999999: Omitted or invalid; SYSMIS: Not administered,.: Omitted or invalid; .A: Not administered,9999999: Omitted or invalid; SYSMIS: Not administered,.: Omitted or invalid; .A: Not administered,Scores,ISC_S,
ASSCHG05,5TH PLAUSIBLE VALUE SCIENCE CHANGE (2024-2023),Scores,Scale,13,5,,,,9999999: Omitted or invalid; SYSMIS: Not administered,.: Omitted or invalid; .A: Not administered,9999999: Omitted or invalid; SYSMIS: Not administered,.: Omitted or invalid; .A: Not administered,Scores,ISC_S,
ASMIBM11,INTERN. MATH BENCH REACHED WITH 1ST PV (2023),Scores,Nominal,1,0,,,1: Below 400; 2: At or above 400 but below 475; 3: At or above 475 but below 550; 4: At or above 550 but below 625; 5: At or above 625,9: Omitted or invalid; SYSMIS: Not administered,.: Omitted or invalid; .A: Not administered,1: Below 400; 2: At or above 400 but below 475; 3: At or above 475 but below 550; 4: At or above 550 but below 625; 5: At or above 625; 9: Omitted or invalid; SYSMIS: Not administered,1: Below 400; 2: At or above 400 but below 475; 3: At or above 475 but below 550; 4: At or above 550 but below 625; 5: At or above 625; .: Omitted or invalid; .A: Not administered,Calculated at IEA,IEA_D,
ASMIBM12,INTERN. MATH BENCH REACHED WITH 2ND PV (2023),Scores,Nominal,1,0,,,1: Below 400; 2: At or above 400 but below 475; 3: At or above 475 but below 550; 4: At or above 550 but below 625; 5: At or above 625,9: Omitted or invalid; SYSMIS: Not administered,.: Omitted or invalid; .A: Not administered,1: Below 400; 2: At or above 400 but below 475; 3: At or above 475 but below 550; 4: At or above 550 but below 625; 5: At or above 625; 9: Omitted or invalid; SYSMIS: Not administered,1: Below 400; 2: At or above 400 but below 475; 3: At or above 475 but below 550; 4: At or above 550 but below 625; 5: At or above 625; .: Omitted or invalid; .A: Not administered,Calculated at IEA,IEA_D,
ASMIBM13,INTERN. MATH BENCH REACHED WITH 3RD PV (2023),Scores,Nominal,1,0,,,1: Below 400; 2: At or above 400 but below 475; 3: At or above 475 but below 550; 4: At or above 550 but below 625; 5: At or above 625,9: Omitted or invalid; SYSMIS: Not administered,.: Omitted or invalid; .A: Not administered,1: Below 400; 2: At or above 400 but below 475; 3: At or above 475 but below 550; 4: At or above 550 but below 625; 5: At or above 625; 9: Omitted or invalid; SYSMIS: Not administered,1: Below 400; 2: At or above 400 but below 475; 3: At or above 475 but below 550; 4: At or above 550 but below 625; 5: At or above 625; .: Omitted or invalid; .A: Not administered,Calculated at IEA,IEA_D,
ASMIBM14,INTERN. MATH BENCH REACHED WITH 4TH PV (2023),Scores,Nominal,1,0,,,1: Below 400; 2: At or above 400 but below 475; 3: At or above 475 but below 550; 4: At or above 550 but below 625; 5: At or above 625,9: Omitted or invalid; SYSMIS: Not administered,.: Omitted or invalid; .A: Not administered,1: Below 400; 2: At or above 400 but below 475; 3: At or above 475 but below 550; 4: At or above 550 but below 625; 5: At or above 625; 9: Omitted or invalid; SYSMIS: Not administered,1: Below 400; 2: At or above 400 but below 475; 3: At or above 475 but below 550; 4: At or above 550 but below 625; 5: At or above 625; .: Omitted or invalid; .A: Not administered,Calculated at IEA,IEA_D,
ASMIBM15,INTERN. MATH BENCH REACHED WITH 5TH PV (2023),Scores,Nominal,1,0,,,1: Below 400; 2: At or above 400 but below 475; 3: At or above 475 but below 550; 4: At or above 550 but below 625; 5: At or above 625,9: Omitted or invalid; SYSMIS: Not administered,.: Omitted or invalid; .A: Not administered,1: Below 400; 2: At or above 400 but below 475; 3: At or above 475 but below 550; 4: At or above 550 but below 625; 5: At or above 625; 9: Omitted or invalid; SYSMIS: Not administered,1: Below 400; 2: At or above 400 but below 475; 3: At or above 475 but below 550; 4: At or above 550 but below 625; 5: At or above 625; .: Omitted or invalid; .A: Not administered,Calculated at IEA,IEA_D,
ASMIBM21,INTERN. MATH BENCH REACHED WITH 1ST PV (2024),Scores,Nominal,1,0,,,1: Below 400; 2: At or above 400 but below 475; 3: At or above 475 but below 550; 4: At or above 550 but below 625; 5: At or above 625,9: Omitted or invalid; SYSMIS: Not administered,.: Omitted or invalid; .A: Not administered,1: Below 400; 2: At or above 400 but below 475; 3: At or above 475 but below 550; 4: At or above 550 but below 625; 5: At or above 625; 9: Omitted or invalid; SYSMIS: Not administered,1: Below 400; 2: At or above 400 but below 475; 3: At or above 475 but below 550; 4: At or above 550 but below 625; 5: At or above 625; .: Omitted or invalid; .A: Not administered,Calculated at IEA,IEA_D,
ASMIBM22,INTERN. MATH BENCH REACHED WITH 2ND PV (2024),Scores,Nominal,1,0,,,1: Below 400; 2: At or above 400 but below 475; 3: At or above 475 but below 550; 4: At or above 550 but below 625; 5: At or above 625,9: Omitted or invalid; SYSMIS: Not administered,.: Omitted or invalid; .A: Not administered,1: Below 400; 2: At or above 400 but below 475; 3: At or above 475 but below 550; 4: At or above 550 but below 625; 5: At or above 625; 9: Omitted or invalid; SYSMIS: Not administered,1: Below 400; 2: At or above 400 but below 475; 3: At or above 475 but below 550; 4: At or above 550 but below 625; 5: At or above 625; .: Omitted or invalid; .A: Not administered,Calculated at IEA,IEA_D,
ASMIBM23,INTERN. MATH BENCH REACHED WITH 3RD PV (2024),Scores,Nominal,1,0,,,1: Below 400; 2: At or above 400 but below 475; 3: At or above 475 but below 550; 4: At or above 550 but below 625; 5: At or above 625,9: Omitted or invalid; SYSMIS: Not administered,.: Omitted or invalid; .A: Not administered,1: Below 400; 2: At or above 400 but below 475; 3: At or above 475 but below 550; 4: At or above 550 but below 625; 5: At or above 625; 9: Omitted or invalid; SYSMIS: Not administered,1: Below 400; 2: At or above 400 but below 475; 3: At or above 475 but below 550; 4: At or above 550 but below 625; 5: At or above 625; .: Omitted or invalid; .A: Not administered,Calculated at IEA,IEA_D,
ASMIBM24,INTERN. MATH BENCH REACHED WITH 4TH PV (2024),Scores,Nominal,1,0,,,1: Below 400; 2: At or above 400 but below 475; 3: At or above 475 but below 550; 4: At or above 550 but below 625; 5: At or above 625,9: Omitted or invalid; SYSMIS: Not administered,.: Omitted or invalid; .A: Not administered,1: Below 400; 2: At or above 400 but below 475; 3: At or above 475 but below 550; 4: At or above 550 but below 625; 5: At or above 625; 9: Omitted or invalid; SYSMIS: Not administered,1: Below 400; 2: At or above 400 but below 475; 3: At or above 475 but below 550; 4: At or above 550 but below 625; 5: At or above 625; .: Omitted or invalid; .A: Not administered,Calculated at IEA,IEA_D,
ASMIBM25,INTERN. MATH BENCH REACHED WITH 5TH PV (2024),Scores,Nominal,1,0,,,1: Below 400; 2: At or above 400 but below 475; 3: At or above 475 but below 550; 4: At or above 550 but below 625; 5: At or above 625,9: Omitted or invalid; SYSMIS: Not administered,.: Omitted or invalid; .A: Not administered,1: Below 400; 2: At or above 400 but below 475; 3: At or above 475 but below 550; 4: At or above 550 but below 625; 5: At or above 625; 9: Omitted or invalid; SYSMIS: Not administered,1: Below 400; 2: At or above 400 but below 475; 3: At or above 475 but below 550; 4: At or above 550 but below 625; 5: At or above 625; .: Omitted or invalid; .A: Not administered,Calculated at IEA,IEA_D,
ASSIBM11,INTERN. SCI BENCH REACHED WITH 1ST PV (2023),Scores,Nominal,1,0,,,1: Below 400; 2: At or above 400 but below 475; 3: At or above 475 but below 550; 4: At or above 550 but below 625; 5: At or above 625,9: Omitted or invalid; SYSMIS: Not administered,.: Omitted or invalid; .A: Not administered,1: Below 400; 2: At or above 400 but below 475; 3: At or above 475 but below 550; 4: At or above 550 but below 625; 5: At or above 625; 9: Omitted or invalid; SYSMIS: Not administered,1: Below 400; 2: At or above 400 but below 475; 3: At or above 475 but below 550; 4: At or above 550 but below 625; 5: At or above 625; .: Omitted or invalid; .A: Not administered,Calculated at IEA,IEA_D,
ASSIBM12,INTERN. SCI BENCH REACHED WITH 2ND PV (2023),Scores,Nominal,1,0,,,1: Below 400; 2: At or above 400 but below 475; 3: At or above 475 but below 550; 4: At or above 550 but below 625; 5: At or above 625,9: Omitted or invalid; SYSMIS: Not administered,.: Omitted or invalid; .A: Not administered,1: Below 400; 2: At or above 400 but below 475; 3: At or above 475 but below 550; 4: At or above 550 but below 625; 5: At or above 625; 9: Omitted or invalid; SYSMIS: Not administered,1: Below 400; 2: At or above 400 but below 475; 3: At or above 475 but below 550; 4: At or above 550 but below 625; 5: At or above 625; .: Omitted or invalid; .A: Not administered,Calculated at IEA,IEA_D,
ASSIBM13,INTERN. SCI BENCH REACHED WITH 3RD PV (2023),Scores,Nominal,1,0,,,1: Below 400; 2: At or above 400 but below 475; 3: At or above 475 but below 550; 4: At or above 550 but below 625; 5: At or above 625,9: Omitted or invalid; SYSMIS: Not administered,.: Omitted or invalid; .A: Not administered,1: Below 400; 2: At or above 400 but below 475; 3: At or above 475 but below 550; 4: At or above 550 but below 625; 5: At or above 625; 9: Omitted or invalid; SYSMIS: Not administered,1: Below 400; 2: At or above 400 but below 475; 3: At or above 475 but below 550; 4: At or above 550 but below 625; 5: At or above 625; .: Omitted or invalid; .A: Not administered,Calculated at IEA,IEA_D,
ASSIBM14,INTERN. SCI BENCH REACHED WITH 4TH PV (2023),Scores,Nominal,1,0,,,1: Below 400; 2: At or above 400 but below 475; 3: At or above 475 but below 550; 4: At or above 550 but below 625; 5: At or above 625,9: Omitted or invalid; SYSMIS: Not administered,.: Omitted or invalid; .A: Not administered,1: Below 400; 2: At or above 400 but below 475; 3: At or above 475 but below 550; 4: At or above 550 but below 625; 5: At or above 625; 9: Omitted or invalid; SYSMIS: Not administered,1: Below 400; 2: At or above 400 but below 475; 3: At or above 475 but below 550; 4: At or above 550 but below 625; 5: At or above 625; .: Omitted or invalid; .A: Not administered,Calculated at IEA,IEA_D,
ASSIBM15,INTERN. SCI BENCH REACHED WITH 5TH PV (2023),Scores,Nominal,1,0,,,1: Below 400; 2: At or above 400 but below 475; 3: At or above 475 but below 550; 4: At or above 550 but below 625; 5: At or above 625,9: Omitted or invalid; SYSMIS: Not administered,.: Omitted or invalid; .A: Not administered,1: Below 400; 2: At or above 400 but below 475; 3: At or above 475 but below 550; 4: At or above 550 but below 625; 5: At or above 625; 9: Omitted or invalid; SYSMIS: Not administered,1: Below 400; 2: At or above 400 but below 475; 3: At or above 475 but below 550; 4: At or above 550 but below 625; 5: At or above 625; .: Omitted or invalid; .A: Not administered,Calculated at IEA,IEA_D,
ASSIBM21,INTERN. SCI BENCH REACHED WITH 1ST PV (2024),Scores,Nominal,1,0,,,1: Below 400; 2: At or above 400 but below 475; 3: At or above 475 but below 550; 4: At or above 550 but below 625; 5: At or above 625,9: Omitted or invalid; SYSMIS: Not administered,.: Omitted or invalid; .A: Not administered,1: Below 400; 2: At or above 400 but below 475; 3: At or above 475 but below 550; 4: At or above 550 but below 625; 5: At or above 625; 9: Omitted or invalid; SYSMIS: Not administered,1: Below 400; 2: At or above 400 but below 475; 3: At or above 475 but below 550; 4: At or above 550 but below 625; 5: At or above 625; .: Omitted or invalid; .A: Not administered,Calculated at IEA,IEA_D,
ASSIBM22,INTERN. SCI BENCH REACHED WITH 2ND PV (2024),Scores,Nominal,1,0,,,1: Below 400; 2: At or above 400 but below 475; 3: At or above 475 but below 550; 4: At or above 550 but below 625; 5: At or above 625,9: Omitted or invalid; SYSMIS: Not administered,.: Omitted or invalid; .A: Not administered,1: Below 400; 2: At or above 400 but below 475; 3: At or above 475 but below 550; 4: At or above 550 but below 625; 5: At or above 625; 9: Omitted or invalid; SYSMIS: Not administered,1: Below 400; 2: At or above 400 but below 475; 3: At or above 475 but below 550; 4: At or above 550 but below 625; 5: At or above 625; .: Omitted or invalid; .A: Not administered,Calculated at IEA,IEA_D,
ASSIBM23,INTERN. SCI BENCH REACHED WITH 3RD PV (2024),Scores,Nominal,1,0,,,1: Below 400; 2: At or above 400 but below 475; 3: At or above 475 but below 550; 4: At or above 550 but below 625; 5: At or above 625,9: Omitted or invalid; SYSMIS: Not administered,.: Omitted or invalid; .A: Not administered,1: Below 400; 2: At or above 400 but below 475; 3: At or above 475 but below 550; 4: At or above 550 but below 625; 5: At or above 625; 9: Omitted or invalid; SYSMIS: Not administered,1: Below 400; 2: At or above 400 but below 475; 3: At or above 475 but below 550; 4: At or above 550 but below 625; 5: At or above 625; .: Omitted or invalid; .A: Not administered,Calculated at IEA,IEA_D,
ASSIBM24,INTERN. SCI BENCH REACHED WITH 4TH PV (2024),Scores,Nominal,1,0,,,1: Below 400; 2: At or above 400 but below 475; 3: At or above 475 but below 550; 4: At or above 550 but below 625; 5: At or above 625,9: Omitted or invalid; SYSMIS: Not administered,.: Omitted or invalid; .A: Not administered,1: Below 400; 2: At or above 400 but below 475; 3: At or above 475 but below 550; 4: At or above 550 but below 625; 5: At or above 625; 9: Omitted or invalid; SYSMIS: Not administered,1: Below 400; 2: At or above 400 but below 475; 3: At or above 475 but below 550; 4: At or above 550 but below 625; 5: At or above 625; .: Omitted or invalid; .A: Not administered,Calculated at IEA,IEA_D,
ASSIBM25,INTERN. SCI BENCH REACHED WITH 5TH PV (2024),Scores,Nominal,1,0,,,1: Below 400; 2: At or above 400 but below 475; 3: At or above 475 but below 550; 4: At or above 550 but below 625; 5: At or above 625,9: Omitted or invalid; SYSMIS: Not administered,.: Omitted or invalid; .A: Not administered,1: Below 400; 2: At or above 400 but below 475; 3: At or above 475 but below 550; 4: At or above 550 but below 625; 5: At or above 625; 9: Omitted or invalid; SYSMIS: Not administered,1: Below 400; 2: At or above 400 but below 475; 3: At or above 475 but below 550; 4: At or above 550 but below 625; 5: At or above 625; .: Omitted or invalid; .A: Not administered,Calculated at IEA,IEA_D,
ASBGSEC,Digital Self-Efficacy/SCL (2023),BG Scale,Scale,12,5,,,,999999: Omitted or invalid; SYSMIS: Not administered,.: Omitted or invalid; .A: Not administered,999999: Omitted or invalid; SYSMIS: Not administered,.: Omitted or invalid; .A: Not administered,BG Scales and Indices,ISC_D,
ASDGSEC,Digital Self-Efficacy/IDX (2023),BG Scale,Nominal,1,0,,,1: High Digital Self-Efficacy; 2: Medium Digital Self-Efficacy; 3: Low Digital Self-Efficacy,9: Omitted or invalid; SYSMIS: Not administered,.: Omitted or invalid; .A: Not administered,1: High Digital Self-Efficacy; 2: Medium Digital Self-Efficacy; 3: Low Digital Self-Efficacy; 9: Omitted or invalid; SYSMIS: Not administered,1: High Digital Self-Efficacy; 2: Medium Digital Self-Efficacy; 3: Low Digital Self-Efficacy; .: Omitted or invalid; .A: Not administered,BG Scales and Indices,ISC_D,
ASBGVEP,Students Value Environmental Preservation/SCL (2023),BG Scale,Scale,12,5,,,,999999: Omitted or invalid; SYSMIS: Not administered,.: Omitted or invalid; .A: Not administered,999999: Omitted or invalid; SYSMIS: Not administered,.: Omitted or invalid; .A: Not administered,BG Scales and Indices,ISC_D,
ASDGVEP,Students Value Environmental Preservation/IDX (2023),BG Scale,Nominal,1,0,,,1: Very Strongly Value; 2: Strongly Value; 3: Somewhat Value,9: Omitted or invalid; SYSMIS: Not administered,.: Omitted or invalid; .A: Not administered,1: Very Strongly Value; 2: Strongly Value; 3: Somewhat Value; 9: Omitted or invalid; SYSMIS: Not administered,1: Very Strongly Value; 2: Strongly Value; 3: Somewhat Value; .: Omitted or invalid; .A: Not administered,BG Scales and Indices,ISC_D,
ASBGSSB,Students Sense of School Belonging/SCL (2023),BG Scale,Scale,12,5,,,,999999: Omitted or invalid; SYSMIS: Not administered,.: Omitted or invalid; .A: Not administered,999999: Omitted or invalid; SYSMIS: Not administered,.: Omitted or invalid; .A: Not administered,BG Scales and Indices,ISC_D,
ASDGSSB,Students Sense of School Belonging/IDX (2023),BG Scale,Nominal,1,0,,,1: High Sense of School Belonging; 2: Some Sense of School Belonging; 3: Little Sense of School Belonging,9: Omitted or invalid; SYSMIS: Not administered,.: Omitted or invalid; .A: Not administered,1: High Sense of School Belonging; 2: Some Sense of School Belonging; 3: Little Sense of School Belonging; 9: Omitted or invalid; SYSMIS: Not administered,1: High Sense of School Belonging; 2: Some Sense of School Belonging; 3: Little Sense of School Belonging; .: Omitted or invalid; .A: Not administered,BG Scales and Indices,ISC_D,
ASBGSB,Student Bullying/SCL (2023),BG Scale,Scale,12,5,,,,999999: Omitted or invalid; SYSMIS: Not administered,.: Omitted or invalid; .A: Not administered,999999: Omitted or invalid; SYSMIS: Not administered,.: Omitted or invalid; .A: Not administered,BG Scales and Indices,ISC_D,
ASDGSB,Student Bullying/IDX (2023),BG Scale,Nominal,1,0,,,1: Never or Almost Never; 2: About Monthly; 3: About Weekly,9: Omitted or invalid; SYSMIS: Not administered,.: Omitted or invalid; .A: Not administered,1: Never or Almost Never; 2: About Monthly; 3: About Weekly; 9: Omitted or invalid; SYSMIS: Not administered,1: Never or Almost Never; 2: About Monthly; 3: About Weekly; .: Omitted or invalid; .A: Not administered,BG Scales and Indices,ISC_D,
ASBGSLM,Students Like Learning Mathematics/SCL (2023),BG Scale,Scale,12,5,,,,999999: Omitted or invalid; SYSMIS: Not administered,.: Omitted or invalid; .A: Not administered,999999: Omitted or invalid; SYSMIS: Not administered,.: Omitted or invalid; .A: Not administered,BG Scales and Indices,ISC_D,
ASDGSLM,Students Like Learning Mathematics/IDX (2023),BG Scale,Nominal,1,0,,,1: Very Much Like Learning Mathematics; 2: Somewhat Like Learning Mathematics; 3: Do Not Like Learning Mathematics,9: Omitted or invalid; SYSMIS: Not administered,.: Omitted or invalid; .A: Not administered,1: Very Much Like Learning Mathematics; 2: Somewhat Like Learning Mathematics; 3: Do Not Like Learning Mathematics; 9: Omitted or invalid; SYSMIS: Not administered,1: Very Much Like Learning Mathematics; 2: Somewhat Like Learning Mathematics; 3: Do Not Like Learning Mathematics; .: Omitted or invalid; .A: Not administered,BG Scales and Indices,ISC_D,
ASBGICM,Instructional Clarity in Mathematics Lessons/SCL (2023),BG Scale,Scale,12,5,,,,999999: Omitted or invalid; SYSMIS: Not administered,.: Omitted or invalid; .A: Not administered,999999: Omitted or invalid; SYSMIS: Not administered,.: Omitted or invalid; .A: Not administered,BG Scales and Indices,ISC_D,
ASDGICM,Instructional Clarity in Mathematics Lessons/IDX (2023),BG Scale,Nominal,1,0,,,1: High Clarity of Instruction; 2: Moderate Clarity of Instruction; 3: Low Clarity of Instruction,9: Omitted or invalid; SYSMIS: Not administered,.: Omitted or invalid; .A: Not administered,1: High Clarity of Instruction; 2: Moderate Clarity of Instruction; 3: Low Clarity of Instruction; 9: Omitted or invalid; SYSMIS: Not administered,1: High Clarity of Instruction; 2: Moderate Clarity of Instruction; 3: Low Clarity of Instruction; .: Omitted or invalid; .A: Not administered,BG Scales and Indices,ISC_D,
ASBGDML,Disorderly Behavior during Math Lessons/SCL (2023),BG Scale,Scale,12,5,,,,999999: Omitted or invalid; SYSMIS: Not administered,.: Omitted or invalid; .A: Not administered,999999: Omitted or invalid; SYSMIS: Not administered,.: Omitted or invalid; .A: Not administered,BG Scales and Indices,ISC_D,
ASDGDML,Disorderly Behavior during Math Lessons/IDX (2023),BG Scale,Nominal,1,0,,,1: Few or No Lessons; 2: Some Lessons; 3: Most Lessons,9: Omitted or invalid; SYSMIS: Not administered,.: Omitted or invalid; .A: Not administered,1: Few or No Lessons; 2: Some Lessons; 3: Most Lessons; 9: Omitted or invalid; SYSMIS: Not administered,1: Few or No Lessons; 2: Some Lessons; 3: Most Lessons; .: Omitted or invalid; .A: Not administered,BG Scales and Indices,ISC_D,
ASBGSCM,Students Confident in Mathematics/SCL (2023),BG Scale,Scale,12,5,,,,999999: Omitted or invalid; SYSMIS: Not administered,.: Omitted or invalid; .A: Not administered,999999: Omitted or invalid; SYSMIS: Not administered,.: Omitted or invalid; .A: Not administered,BG Scales and Indices,ISC_D,
ASDGSCM,Students Confident in Mathematics/IDX (2023),BG Scale,Nominal,1,0,,,1: Very Confident in Mathematics; 2: Somewhat Confident in Mathematics; 3: Not Confident in Mathematics,9: Omitted or invalid; SYSMIS: Not administered,.: Omitted or invalid; .A: Not administered,1: Very Confident in Mathematics; 2: Somewhat Confident in Mathematics; 3: Not Confident in Mathematics; 9: Omitted or invalid; SYSMIS: Not administered,1: Very Confident in Mathematics; 2: Somewhat Confident in Mathematics; 3: Not Confident in Mathematics; .: Omitted or invalid; .A: Not administered,BG Scales and Indices,ISC_D,
ASBGSLS,Students Like Learning Science/SCL (2023),BG Scale,Scale,12,5,,,,999999: Omitted or invalid; SYSMIS: Not administered,.: Omitted or invalid; .A: Not administered,999999: Omitted or invalid; SYSMIS: Not administered,.: Omitted or invalid; .A: Not administered,BG Scales and Indices,ISC_D,
ASDGSLS,Students Like Learning Science/IDX (2023),BG Scale,Nominal,1,0,,,1: Very Much Like Learning Science; 2: Somewhat Like Learning Science; 3: Do Not Like Learning Science,9: Omitted or invalid; SYSMIS: Not administered,.: Omitted or invalid; .A: Not administered,1: Very Much Like Learning Science; 2: Somewhat Like Learning Science; 3: Do Not Like Learning Science; 9: Omitted or invalid; SYSMIS: Not administered,1: Very Much Like Learning Science; 2: Somewhat Like Learning Science; 3: Do Not Like Learning Science; .: Omitted or invalid; .A: Not administered,BG Scales and Indices,ISC_D,
ASBGICS,Instructional Clarity in Science Lessons/SCL (2023),BG Scale,Scale,12,5,,,,999999: Omitted or invalid; SYSMIS: Not administered,.: Omitted or invalid; .A: Not administered,999999: Omitted or invalid; SYSMIS: Not administered,.: Omitted or invalid; .A: Not administered,BG Scales and Indices,ISC_D,
ASDGICS,Instructional Clarity in Science Lessons/IDX (2023),BG Scale,Nominal,1,0,,,1: High Clarity of Instruction; 2: Moderate Clarity of Instruction; 3: Low Clarity of Instruction,9: Omitted or invalid; SYSMIS: Not administered,.: Omitted or invalid; .A: Not administered,1: High Clarity of Instruction; 2: Moderate Clarity of Instruction; 3: Low Clarity of Instruction; 9: Omitted or invalid; SYSMIS: Not administered,1: High Clarity of Instruction; 2: Moderate Clarity of Instruction; 3: Low Clarity of Instruction; .: Omitted or invalid; .A: Not administered,BG Scales and Indices,ISC_D,
ASBGDSL,Disorderly Behavior during Science Lessons/SCL (2023),BG Scale,Scale,12,5,,,,999999: Omitted or invalid; SYSMIS: Not administered,.: Omitted or invalid; .A: Not administered,999999: Omitted or invalid; SYSMIS: Not administered,.: Omitted or invalid; .A: Not administered,BG Scales and Indices,ISC_D,
ASDGDSL,Disorderly Behavior during Science Lessons/IDX (2023),BG Scale,Nominal,1,0,,,1: Few or No Lessons; 2: Some Lessons; 3: Most Lessons,9: Omitted or invalid; SYSMIS: Not administered,.: Omitted or invalid; .A: Not administered,1: Few or No Lessons; 2: Some Lessons; 3: Most Lessons; 9: Omitted or invalid; SYSMIS: Not administered,1: Few or No Lessons; 2: Some Lessons; 3: Most Lessons; .: Omitted or invalid; .A: Not administered,BG Scales and Indices,ISC_D,
ASBGSCS,Students Confident in Science/SCL (2023),BG Scale,Scale,12,5,,,,999999: Omitted or invalid; SYSMIS: Not administered,.: Omitted or invalid; .A: Not administered,999999: Omitted or invalid; SYSMIS: Not administered,.: Omitted or invalid; .A: Not administered,BG Scales and Indices,ISC_D,
ASDGSCS,Students Confident in Science/IDX (2023),BG Scale,Nominal,1,0,,,1: Very Confident in Science; 2: Somewhat Confident in Science; 3: Not Confident in Science,9: Omitted or invalid; SYSMIS: Not administered,.: Omitted or invalid; .A: Not administered,1: Very Confident in Science; 2: Somewhat Confident in Science; 3: Not Confident in Science; 9: Omitted or invalid; SYSMIS: Not administered,1: Very Confident in Science; 2: Somewhat Confident in Science; 3: Not Confident in Science; .: Omitted or invalid; .A: Not administered,BG Scales and Indices,ISC_D,
ASBGHRL,Home Resources for Learning/SCL (2023),BG Scale,Scale,12,5,,,,999999: Omitted or invalid; SYSMIS: Not administered,.: Omitted or invalid; .A: Not administered,999999: Omitted or invalid; SYSMIS: Not administered,.: Omitted or invalid; .A: Not administered,BG Scales and Indices,ISC_D,
ASDGHRL,Home Resources for Learning/IDX (2023),BG Scale,Nominal,1,0,,,1: Many Resources; 2: Some Resources; 3: Few Resources,9: Omitted or invalid; SYSMIS: Not administered,.: Omitted or invalid; .A: Not administered,1: Many Resources; 2: Some Resources; 3: Few Resources; 9: Omitted or invalid; SYSMIS: Not administered,1: Many Resources; 2: Some Resources; 3: Few Resources; .: Omitted or invalid; .A: Not administered,BG Scales and Indices,ISC_D,
ASBLGSEC,Digital Self-Efficacy/SCL (2024),BG Scale,Scale,12,5,,,,999999: Omitted or invalid; SYSMIS: Not administered,.: Omitted or invalid; .A: Not administered,999999: Omitted or invalid; SYSMIS: Not administered,.: Omitted or invalid; .A: Not administered,BG Scales and Indices,ISC_D,
ASDLGSEC,Digital Self-Efficacy/IDX (2024),BG Scale,Nominal,1,0,,,1: High Digital Self-Efficacy; 2: Medium Digital Self-Efficacy; 3: Low Digital Self-Efficacy,9: Omitted or invalid; SYSMIS: Not administered,.: Omitted or invalid; .A: Not administered,1: High Digital Self-Efficacy; 2: Medium Digital Self-Efficacy; 3: Low Digital Self-Efficacy; 9: Omitted or invalid; SYSMIS: Not administered,1: High Digital Self-Efficacy; 2: Medium Digital Self-Efficacy; 3: Low Digital Self-Efficacy; .: Omitted or invalid; .A: Not administered,BG Scales and Indices,ISC_D,
ASBLGVEP,Students Value Environmental Preservation/SCL (2024),BG Scale,Scale,12,5,,,,999999: Omitted or invalid; SYSMIS: Not administered,.: Omitted or invalid; .A: Not administered,999999: Omitted or invalid; SYSMIS: Not administered,.: Omitted or invalid; .A: Not administered,BG Scales and Indices,ISC_D,
ASDLGVEP,Students Value Environmental Preservation/IDX (2024),BG Scale,Nominal,1,0,,,1: Very Strongly Value; 2: Strongly Value; 3: Somewhat Value,9: Omitted or invalid; SYSMIS: Not administered,.: Omitted or invalid; .A: Not administered,1: Very Strongly Value; 2: Strongly Value; 3: Somewhat Value; 9: Omitted or invalid; SYSMIS: Not administered,1: Very Strongly Value; 2: Strongly Value; 3: Somewhat Value; .: Omitted or invalid; .A: Not administered,BG Scales and Indices,ISC_D,
ASBLGSSB,Students Sense of School Belonging/SCL (2024),BG Scale,Scale,12,5,,,,999999: Omitted or invalid; SYSMIS: Not administered,.: Omitted or invalid; .A: Not administered,999999: Omitted or invalid; SYSMIS: Not administered,.: Omitted or invalid; .A: Not administered,BG Scales and Indices,ISC_D,
ASDLGSSB,Students Sense of School Belonging/IDX (2024),BG Scale,Nominal,1,0,,,1: High Sense of School Belonging; 2: Some Sense of School Belonging; 3: Little Sense of School Belonging,9: Omitted or invalid; SYSMIS: Not administered,.: Omitted or invalid; .A: Not administered,1: High Sense of School Belonging; 2: Some Sense of School Belonging; 3: Little Sense of School Belonging; 9: Omitted or invalid; SYSMIS: Not administered,1: High Sense of School Belonging; 2: Some Sense of School Belonging; 3: Little Sense of School Belonging; .: Omitted or invalid; .A: Not administered,BG Scales and Indices,ISC_D,
ASBLGSWB,Students Well-Being/SCL (2024),BG Scale,Scale,12,5,,,,999999: Omitted or invalid; SYSMIS: Not administered,.: Omitted or invalid; .A: Not administered,999999: Omitted or invalid; SYSMIS: Not administered,.: Omitted or invalid; .A: Not administered,BG Scales and Indices,ISC_D,
ASDLGSWB,Students Well-Being/IDX (2024),BG Scale,Nominal,1,0,,,1: High Sense of Well-Being; 2: Some Sense of Well-Being; 3: Little Sense of Well-Being,9: Omitted or invalid; SYSMIS: Not administered,.: Omitted or invalid; .A: Not administered,1: High Sense of Well-Being; 2: Some Sense of Well-Being; 3: Little Sense of Well-Being; 9: Omitted or invalid; SYSMIS: Not administered,1: High Sense of Well-Being; 2: Some Sense of Well-Being; 3: Little Sense of Well-Being; .: Omitted or invalid; .A: Not administered,BG Scales and Indices,ISC_D,
ASBLGSB,Student Bullying/SCL (2024),BG Scale,Scale,12,5,,,,999999: Omitted or invalid; SYSMIS: Not administered,.: Omitted or invalid; .A: Not administered,999999: Omitted or invalid; SYSMIS: Not administered,.: Omitted or invalid; .A: Not administered,BG Scales and Indices,ISC_D,
ASDLGSB,Student Bullying/IDX (2024),BG Scale,Nominal,1,0,,,1: Never or Almost Never; 2: About Monthly; 3: About Weekly,9: Omitted or invalid; SYSMIS: Not administered,.: Omitted or invalid; .A: Not administered,1: Never or Almost Never; 2: About Monthly; 3: About Weekly; 9: Omitted or invalid; SYSMIS: Not administered,1: Never or Almost Never; 2: About Monthly; 3: About Weekly; .: Omitted or invalid; .A: Not administered,BG Scales and Indices,ISC_D,
ASBLGSLM,Students Like Learning Mathematics/SCL (2024),BG Scale,Scale,12,5,,,,999999: Omitted or invalid; SYSMIS: Not administered,.: Omitted or invalid; .A: Not administered,999999: Omitted or invalid; SYSMIS: Not administered,.: Omitted or invalid; .A: Not administered,BG Scales and Indices,ISC_D,
ASDLGSLM,Students Like Learning Mathematics/IDX (2024),BG Scale,Nominal,1,0,,,1: Very Much Like Learning Mathematics; 2: Somewhat Like Learning Mathematics; 3: Do Not Like Learning Mathematics,9: Omitted or invalid; SYSMIS: Not administered,.: Omitted or invalid; .A: Not administered,1: Very Much Like Learning Mathematics; 2: Somewhat Like Learning Mathematics; 3: Do Not Like Learning Mathematics; 9: Omitted or invalid; SYSMIS: Not administered,1: Very Much Like Learning Mathematics; 2: Somewhat Like Learning Mathematics; 3: Do Not Like Learning Mathematics; .: Omitted or invalid; .A: Not administered,BG Scales and Indices,ISC_D,
ASBLGICM,Instructional Clarity in Mathematics Lessons/SCL (2024),BG Scale,Scale,12,5,,,,999999: Omitted or invalid; SYSMIS: Not administered,.: Omitted or invalid; .A: Not administered,999999: Omitted or invalid; SYSMIS: Not administered,.: Omitted or invalid; .A: Not administered,BG Scales and Indices,ISC_D,
ASDLGICM,Instructional Clarity in Mathematics Lessons/IDX (2024),BG Scale,Nominal,1,0,,,1: High Clarity of Instruction; 2: Moderate Clarity of Instruction; 3: Low Clarity of Instruction,9: Omitted or invalid; SYSMIS: Not administered,.: Omitted or invalid; .A: Not administered,1: High Clarity of Instruction; 2: Moderate Clarity of Instruction; 3: Low Clarity of Instruction; 9: Omitted or invalid; SYSMIS: Not administered,1: High Clarity of Instruction; 2: Moderate Clarity of Instruction; 3: Low Clarity of Instruction; .: Omitted or invalid; .A: Not administered,BG Scales and Indices,ISC_D,
ASBLGDML,Disorderly Behavior during Math Lessons/SCL (2024),BG Scale,Scale,12,5,,,,999999: Omitted or invalid; SYSMIS: Not administered,.: Omitted or invalid; .A: Not administered,999999: Omitted or invalid; SYSMIS: Not administered,.: Omitted or invalid; .A: Not administered,BG Scales and Indices,ISC_D,
ASDLGDML,Disorderly Behavior during Math Lessons/IDX (2024),BG Scale,Nominal,1,0,,,1: Few or No Lessons; 2: Some Lessons; 3: Most Lessons,9: Omitted or invalid; SYSMIS: Not administered,.: Omitted or invalid; .A: Not administered,1: Few or No Lessons; 2: Some Lessons; 3: Most Lessons; 9: Omitted or invalid; SYSMIS: Not administered,1: Few or No Lessons; 2: Some Lessons; 3: Most Lessons; .: Omitted or invalid; .A: Not administered,BG Scales and Indices,ISC_D,
ASBLGSCM,Students Confident in Mathematics/SCL (2024),BG Scale,Scale,12,5,,,,999999: Omitted or invalid; SYSMIS: Not administered,.: Omitted or invalid; .A: Not administered,999999: Omitted or invalid; SYSMIS: Not administered,.: Omitted or invalid; .A: Not administered,BG Scales and Indices,ISC_D,
ASDLGSCM,Students Confident in Mathematics/IDX (2024),BG Scale,Nominal,1,0,,,1: Very Confident in Mathematics; 2: Somewhat Confident in Mathematics; 3: Not Confident in Mathematics,9: Omitted or invalid; SYSMIS: Not administered,.: Omitted or invalid; .A: Not administered,1: Very Confident in Mathematics; 2: Somewhat Confident in Mathematics; 3: Not Confident in Mathematics; 9: Omitted or invalid; SYSMIS: Not administered,1: Very Confident in Mathematics; 2: Somewhat Confident in Mathematics; 3: Not Confident in Mathematics; .: Omitted or invalid; .A: Not administered,BG Scales and Indices,ISC_D,
ASBLGSLS,Students Like Learning Science/SCL (2024),BG Scale,Scale,12,5,,,,999999: Omitted or invalid; SYSMIS: Not administered,.: Omitted or invalid; .A: Not administered,999999: Omitted or invalid; SYSMIS: Not administered,.: Omitted or invalid; .A: Not administered,BG Scales and Indices,ISC_D,
ASDLGSLS,Students Like Learning Science/IDX (2024),BG Scale,Nominal,1,0,,,1: Very Much Like Learning Science; 2: Somewhat Like Learning Science; 3: Do Not Like Learning Science,9: Omitted or invalid; SYSMIS: Not administered,.: Omitted or invalid; .A: Not administered,1: Very Much Like Learning Science; 2: Somewhat Like Learning Science; 3: Do Not Like Learning Science; 9: Omitted or invalid; SYSMIS: Not administered,1: Very Much Like Learning Science; 2: Somewhat Like Learning Science; 3: Do Not Like Learning Science; .: Omitted or invalid; .A: Not administered,BG Scales and Indices,ISC_D,
ASBLGICS,Instructional Clarity in Science Lessons/SCL (2024),BG Scale,Scale,12,5,,,,999999: Omitted or invalid; SYSMIS: Not administered,.: Omitted or invalid; .A: Not administered,999999: Omitted or invalid; SYSMIS: Not administered,.: Omitted or invalid; .A: Not administered,BG Scales and Indices,ISC_D,
ASDLGICS,Instructional Clarity in Science Lessons/IDX (2024),BG Scale,Nominal,1,0,,,1: High Clarity of Instruction; 2: Moderate Clarity of Instruction; 3: Low Clarity of Instruction,9: Omitted or invalid; SYSMIS: Not administered,.: Omitted or invalid; .A: Not administered,1: High Clarity of Instruction; 2: Moderate Clarity of Instruction; 3: Low Clarity of Instruction; 9: Omitted or invalid; SYSMIS: Not administered,1: High Clarity of Instruction; 2: Moderate Clarity of Instruction; 3: Low Clarity of Instruction; .: Omitted or invalid; .A: Not administered,BG Scales and Indices,ISC_D,
ASBLGDSL,Disorderly Behavior during Science Lessons/SCL (2024),BG Scale,Scale,12,5,,,,999999: Omitted or invalid; SYSMIS: Not administered,.: Omitted or invalid; .A: Not administered,999999: Omitted or invalid; SYSMIS: Not administered,.: Omitted or invalid; .A: Not administered,BG Scales and Indices,ISC_D,
ASDLGDSL,Disorderly Behavior during Science Lessons/IDX (2024),BG Scale,Nominal,1,0,,,1: Few or No Lessons; 2: Some Lessons; 3: Most Lessons,9: Omitted or invalid; SYSMIS: Not administered,.: Omitted or invalid; .A: Not administered,1: Few or No Lessons; 2: Some Lessons; 3: Most Lessons; 9: Omitted or invalid; SYSMIS: Not administered,1: Few or No Lessons; 2: Some Lessons; 3: Most Lessons; .: Omitted or invalid; .A: Not administered,BG Scales and Indices,ISC_D,
ASBLGSCS,Students Confident in Science/SCL (2024),BG Scale,Scale,12,5,,,,999999: Omitted or invalid; SYSMIS: Not administered,.: Omitted or invalid; .A: Not administered,999999: Omitted or invalid; SYSMIS: Not administered,.: Omitted or invalid; .A: Not administered,BG Scales and Indices,ISC_D,
ASDLGSCS,Students Confident in Science/IDX (2024),BG Scale,Nominal,1,0,,,1: Very Confident in Science; 2: Somewhat Confident in Science; 3: Not Confident in Science,9: Omitted or invalid; SYSMIS: Not administered,.: Omitted or invalid; .A: Not administered,1: Very Confident in Science; 2: Somewhat Confident in Science; 3: Not Confident in Science; 9: Omitted or invalid; SYSMIS: Not administered,1: Very Confident in Science; 2: Somewhat Confident in Science; 3: Not Confident in Science; .: Omitted or invalid; .A: Not administered,BG Scales and Indices,ISC_D,
ASBLGHRL,Home Resources for Learning/SCL (2024),BG Scale,Scale,12,5,,,,999999: Omitted or invalid; SYSMIS: Not administered,.: Omitted or invalid; .A: Not administered,999999: Omitted or invalid; SYSMIS: Not administered,.: Omitted or invalid; .A: Not administered,BG Scales and Indices,ISC_D,
ASDLGHRL,Home Resources for Learning/IDX (2024),BG Scale,Nominal,1,0,,,1: Many Resources; 2: Some Resources; 3: Few Resources,9: Omitted or invalid; SYSMIS: Not administered,.: Omitted or invalid; .A: Not administered,1: Many Resources; 2: Some Resources; 3: Few Resources; 9: Omitted or invalid; SYSMIS: Not administered,1: Many Resources; 2: Some Resources; 3: Few Resources; .: Omitted or invalid; .A: Not administered,BG Scales and Indices,ISC_D,
ASDG05S,Number of Home Study Supports (2023),Derived,Not defined,1,0,,,1: Neither Own Room nor Access to the Internet; 2: Either Own Room or Access to the Internet; 3: Both Own Room and Access to the Internet,9: Omitted or invalid; SYSMIS: Not administered,.: Omitted or invalid; .A: Not administered,1: Neither Own Room nor Access to the Internet; 2: Either Own Room or Access to the Internet; 3: Both Own Room and Access to the Internet; 9: Omitted or invalid; SYSMIS: Not administered,1: Neither Own Room nor Access to the Internet; 2: Either Own Room or Access to the Internet; 3: Both Own Room and Access to the Internet; .: Omitted or invalid; .A: Not administered,Derived,ISC_D,
ASDLG05S,Number of Home Study Supports (2024),Derived,Not defined,1,0,,,1: Neither Own Room nor Access to the Internet; 2: Either Own Room or Access to the Internet; 3: Both Own Room and Access to the Internet,9: Omitted or invalid; SYSMIS: Not administered,.: Omitted or invalid; .A: Not administered,1: Neither Own Room nor Access to the Internet; 2: Either Own Room or Access to the Internet; 3: Both Own Room and Access to the Internet; 9: Omitted or invalid; SYSMIS: Not administered,1: Neither Own Room nor Access to the Internet; 2: Either Own Room or Access to the Internet; 3: Both Own Room and Access to the Internet; .: Omitted or invalid; .A: Not administered,Derived,ISC_D,
ASDMLOWP,Mathematics Achievement Too Low for Estimation (2023 & 2024),Derived,Not defined,1,0,,,1: Yes; 2: No,9: Omitted or invalid; SYSMIS: Not administered,.: Omitted or invalid; .A: Not administered,1: Yes; 2: No; 9: Omitted or invalid; SYSMIS: Not administered,1: Yes; 2: No; .: Omitted or invalid; .A: Not administered,Derived,ISC_D,
ASDSLOWP,Science Achievement Too Low for Estimation (2023 & 2024),Derived,Not defined,1,0,,,1: Yes; 2: No,9: Omitted or invalid; SYSMIS: Not administered,.: Omitted or invalid; .A: Not administered,1: Yes; 2: No; 9: Omitted or invalid; SYSMIS: Not administered,1: Yes; 2: No; .: Omitted or invalid; .A: Not administered,Derived,ISC_D,
ASDMZERP,Mathematics Zero Points Scored (2023 & 2024),Derived,Nominal,1,0,,,1: Yes; 2: No,9: Omitted or invalid; SYSMIS: Not administered,.: Omitted or invalid; .A: Not administered,1: Yes; 2: No; 9: Omitted or invalid; SYSMIS: Not administered,1: Yes; 2: No; .: Omitted or invalid; .A: Not administered,Derived,ISC_D,
ASDSZERP,Science Zero Points Scored (2023 & 2024),Derived,Nominal,1,0,,,1: Yes; 2: No,9: Omitted or invalid; SYSMIS: Not administered,.: Omitted or invalid; .A: Not administered,1: Yes; 2: No; 9: Omitted or invalid; SYSMIS: Not administered,1: Yes; 2: No; .: Omitted or invalid; .A: Not administered,Derived,ISC_D,
ASDMCORP,Mathematics Percent Correct Points Scored (2023 & 2024),Derived,Scale,12,5,,,,999999: Omitted or invalid; SYSMIS: Not administered,.: Omitted or invalid; .A: Not administered,999999: Omitted or invalid; SYSMIS: Not administered,.: Omitted or invalid; .A: Not administered,BG Scales and Indices,ISC_D,
ASDSCORP,Science Percent Correct Points Scored (2023 & 2024),Derived,Scale,12,5,,,,999999: Omitted or invalid; SYSMIS: Not administered,.: Omitted or invalid; .A: Not administered,999999: Omitted or invalid; SYSMIS: Not administered,.: Omitted or invalid; .A: Not administered,BG Scales and Indices,ISC_D,
ASDMMISP,Mathematics Percent Missing Item Responses (2023 & 2024),Derived,Scale,12,5,,,,999999: Omitted or invalid; SYSMIS: Not administered,.: Omitted or invalid; .A: Not administered,999999: Omitted or invalid; SYSMIS: Not administered,.: Omitted or invalid; .A: Not administered,BG Scales and Indices,ISC_D,
ASDSMISP,Science Percent Missing Item Responses (2023 & 2024),Derived,Scale,12,5,,,,999999: Omitted or invalid; SYSMIS: Not administered,.: Omitted or invalid; .A: Not administered,999999: Omitted or invalid; SYSMIS: Not administered,.: Omitted or invalid; .A: Not administered,BG Scales and Indices,ISC_D,
IDGRADER_23,Standardized Grade ID (2023),,Nominal,1,0,,,1: Lower Grade; 2: Upper Grade,,,1: Lower Grade; 2: Upper Grade;,1: Lower Grade; 2: Upper Grade,Calculated at IEA,IEA_D,
IDGRADER_24,Standardized Grade ID (2024),,Nominal,1,0,,,1: Lower Grade; 2: Upper Grade,,,1: Lower Grade; 2: Upper Grade;,1: Lower Grade; 2: Upper Grade,Calculated at IEA,IEA_D,
IDGRADE_23,Grade ID (2023),,Nominal,1,0,,,3: Grade 3; 4: Grade 4; 5: Grade 5; 6: Grade 6,,,3: Grade 3; 4: Grade 4; 5: Grade 5; 6: Grade 6;,3: Grade 3; 4: Grade 4; 5: Grade 5; 6: Grade 6,Calculated at IEA,IEA_D,
IDGRADE_24,Grade ID (2024),,Nominal,1,0,,,3: Grade 3; 4: Grade 4; 5: Grade 5; 6: Grade 6,,,3: Grade 3; 4: Grade 4; 5: Grade 5; 6: Grade 6;,3: Grade 3; 4: Grade 4; 5: Grade 5; 6: Grade 6,Calculated at IEA,IEA_D,
IDSCHOOL,School ID,,Nominal,4,0,5001,9900,,,,,,ID Variables,ID,
IDCLASS,Class ID,,Nominal,6,0,500101,990001,,,,,,ID Variables,ID,
IDSTUD,Student ID,,Nominal,8,0,50010101,99000101,,,,,,ID Variables,ID,
ITLANG_HQ_23,Language of Home Questionnaire (2023),,Nominal,2,0,,,5: Albanian; 14: Georgian; 20: Italian; 23: Macedonian; 32: Swedish; 47: Korean; 53: Arabic; 67: Montenegrin (Cyrillic); 79: Slovenian,99: Omitted or invalid; Sysmis: Not administered,.: Omitted or invalid; .A: Not administered,5: Albanian; 14: Georgian; 20: Italian; 23: Macedonian; 32: Swedish; 47: Korean; 53: Arabic; 67: Montenegrin (Cyrillic); 79: Slovenian; 99: Omitted or invalid; Sysmis: Not administered,5: Albanian; 14: Georgian; 20: Italian; 23: Macedonian; 32: Swedish; 47: Korean; 53: Arabic; 67: Montenegrin (Cyrillic); 79: Slovenian; .: Omitted or invalid; .A: Not administered,Calculated at IEA,IEA_D,
ITLANG_HQ_24,Language of Home Questionnaire (2024),,Nominal,2,0,,,5: Albanian; 14: Georgian; 20: Italian; 23: Macedonian; 32: Swedish; 47: Korean; 53: Arabic; 67: Montenegrin (Cyrillic); 79: Slovenian,99: Omitted or invalid; Sysmis: Not administered,.: Omitted or invalid; .A: Not administered,5: Albanian; 14: Georgian; 20: Italian; 23: Macedonian; 32: Swedish; 47: Korean; 53: Arabic; 67: Montenegrin (Cyrillic); 79: Slovenian; 99: Omitted or invalid; Sysmis: Not administered,5: Albanian; 14: Georgian; 20: Italian; 23: Macedonian; 32: Swedish; 47: Korean; 53: Arabic; 67: Montenegrin (Cyrillic); 79: Slovenian; .: Omitted or invalid; .A: Not administered,Calculated at IEA,IEA_D,
LCID_HQ_23,Locale ID of Student Home Questionnaire (2023),,Nominal,10,0,,,"1040: Italian (Italy); 1042: Korean (Korea); 1053: Swedish (Sweden); 1060: Slovenian (Slovenia); 1071: Macedonian (North Macedonia); 1079: Georgian (Georgia); 10711: Albanian (Macedonia); 11265: Arabic (Jordan); 20744: Albanian (Kosovo); 20748: Montenegrin (Cyrillic, Montenegro)",9999999999: Omitted or invalid; Sysmis: Not administered,.: Omitted or invalid; .A: Not administered,"1040: Italian (Italy); 1042: Korean (Korea); 1053: Swedish (Sweden); 1060: Slovenian (Slovenia); 1071: Macedonian (North Macedonia); 1079: Georgian (Georgia); 10711: Albanian (Macedonia); 11265: Arabic (Jordan); 20744: Albanian (Kosovo); 20748: Montenegrin (Cyrillic, Montenegro); 9999999999: Omitted or invalid; Sysmis: Not administered","1040: Italian (Italy); 1042: Korean (Korea); 1053: Swedish (Sweden); 1060: Slovenian (Slovenia); 1071: Macedonian (North Macedonia); 1079: Georgian (Georgia); 10711: Albanian (Macedonia); 11265: Arabic (Jordan); 20744: Albanian (Kosovo); 20748: Montenegrin (Cyrillic, Montenegro); .: Omitted or invalid; .A: Not administered",Calculated at IEA,IEA_D,
LCID_HQ_24,Locale ID of Student Home Questionnaire (2024),,Nominal,10,0,,,"1040: Italian (Italy); 1042: Korean (Korea); 1053: Swedish (Sweden); 1060: Slovenian (Slovenia); 1071: Macedonian (North Macedonia); 1079: Georgian (Georgia); 10711: Albanian (Macedonia); 11265: Arabic (Jordan); 20744: Albanian (Kosovo); 20748: Montenegrin (Cyrillic, Montenegro)",9999999999: Omitted or invalid; Sysmis: Not administered,.: Omitted or invalid; .A: Not administered,"1040: Italian (Italy); 1042: Korean (Korea); 1053: Swedish (Sweden); 1060: Slovenian (Slovenia); 1071: Macedonian (North Macedonia); 1079: Georgian (Georgia); 10711: Albanian (Macedonia); 11265: Arabic (Jordan); 20744: Albanian (Kosovo); 20748: Montenegrin (Cyrillic, Montenegro); 9999999999: Omitted or invalid; Sysmis: Not administered","1040: Italian (Italy); 1042: Korean (Korea); 1053: Swedish (Sweden); 1060: Slovenian (Slovenia); 1071: Macedonian (North Macedonia); 1079: Georgian (Georgia); 10711: Albanian (Macedonia); 11265: Arabic (Jordan); 20744: Albanian (Kosovo); 20748: Montenegrin (Cyrillic, Montenegro); .: Omitted or invalid; .A: Not administered",Calculated at IEA,IEA_D,
ASBH01A,GEN\HOW OFTEN\READ BOOKS (2023),HQ-01a,Ordinal,1,0,,,1: Often; 2: Sometimes; 3: Never or almost never,9: Omitted or invalid; Sysmis: Not administered,.: Omitted or invalid; .A: Not administered,1: Often; 2: Sometimes; 3: Never or almost never; 9: Omitted or invalid; Sysmis: Not administered,1: Often; 2: Sometimes; 3: Never or almost never; .: Omitted or invalid; .A: Not administered,Background Questionnaire Variables,B,
ASBH01B,GEN\HOW OFTEN\TELL STORIES (2023),HQ-01b,Ordinal,1,0,,,1: Often; 2: Sometimes; 3: Never or almost never,9: Omitted or invalid; Sysmis: Not administered,.: Omitted or invalid; .A: Not administered,1: Often; 2: Sometimes; 3: Never or almost never; 9: Omitted or invalid; Sysmis: Not administered,1: Often; 2: Sometimes; 3: Never or almost never; .: Omitted or invalid; .A: Not administered,Background Questionnaire Variables,B,
ASBH01C,GEN\HOW OFTEN\SING SONGS (2023),HQ-01c,Ordinal,1,0,,,1: Often; 2: Sometimes; 3: Never or almost never,9: Omitted or invalid; Sysmis: Not administered,.: Omitted or invalid; .A: Not administered,1: Often; 2: Sometimes; 3: Never or almost never; 9: Omitted or invalid; Sysmis: Not administered,1: Often; 2: Sometimes; 3: Never or almost never; .: Omitted or invalid; .A: Not administered,Background Questionnaire Variables,B,
ASBH01D,GEN\HOW OFTEN\PLAY ALPHABET (2023),HQ-01d,Ordinal,1,0,,,1: Often; 2: Sometimes; 3: Never or almost never,9: Omitted or invalid; Sysmis: Not administered,.: Omitted or invalid; .A: Not administered,1: Often; 2: Sometimes; 3: Never or almost never; 9: Omitted or invalid; Sysmis: Not administered,1: Often; 2: Sometimes; 3: Never or almost never; .: Omitted or invalid; .A: Not administered,Background Questionnaire Variables,B,
ASBH01E,GEN\HOW OFTEN\TALK WHAT HAD DONE (2023),HQ-01e,Ordinal,1,0,,,1: Often; 2: Sometimes; 3: Never or almost never,9: Omitted or invalid; Sysmis: Not administered,.: Omitted or invalid; .A: Not administered,1: Often; 2: Sometimes; 3: Never or almost never; 9: Omitted or invalid; Sysmis: Not administered,1: Often; 2: Sometimes; 3: Never or almost never; .: Omitted or invalid; .A: Not administered,Background Questionnaire Variables,B,
ASBH01F,GEN\HOW OFTEN\BOOK DISCUSSION (2023),HQ-01f,Ordinal,1,0,,,1: Often; 2: Sometimes; 3: Never or almost never,9: Omitted or invalid; Sysmis: Not administered,.: Omitted or invalid; .A: Not administered,1: Often; 2: Sometimes; 3: Never or almost never; 9: Omitted or invalid; Sysmis: Not administered,1: Often; 2: Sometimes; 3: Never or almost never; .: Omitted or invalid; .A: Not administered,Background Questionnaire Variables,B,
ASBH01G,GEN\HOW OFTEN\PLAY WORD GAMES (2023),HQ-01g,Ordinal,1,0,,,1: Often; 2: Sometimes; 3: Never or almost never,9: Omitted or invalid; Sysmis: Not administered,.: Omitted or invalid; .A: Not administered,1: Often; 2: Sometimes; 3: Never or almost never; 9: Omitted or invalid; Sysmis: Not administered,1: Often; 2: Sometimes; 3: Never or almost never; .: Omitted or invalid; .A: Not administered,Background Questionnaire Variables,B,
ASBH01H,GEN\HOW OFTEN\WRITE LETTERS WORDS (2023),HQ-01h,Ordinal,1,0,,,1: Often; 2: Sometimes; 3: Never or almost never,9: Omitted or invalid; Sysmis: Not administered,.: Omitted or invalid; .A: Not administered,1: Often; 2: Sometimes; 3: Never or almost never; 9: Omitted or invalid; Sysmis: Not administered,1: Often; 2: Sometimes; 3: Never or almost never; .: Omitted or invalid; .A: Not administered,Background Questionnaire Variables,B,
ASBH01I,GEN\HOW OFTEN\READ ALOUD SIGNS (2023),HQ-01i,Ordinal,1,0,,,1: Often; 2: Sometimes; 3: Never or almost never,9: Omitted or invalid; Sysmis: Not administered,.: Omitted or invalid; .A: Not administered,1: Often; 2: Sometimes; 3: Never or almost never; 9: Omitted or invalid; Sysmis: Not administered,1: Often; 2: Sometimes; 3: Never or almost never; .: Omitted or invalid; .A: Not administered,Background Questionnaire Variables,B,
ASBH01J,GEN\HOW OFTEN\COUNTING SONGS (2023),HQ-01j,Ordinal,1,0,,,1: Often; 2: Sometimes; 3: Never or almost never,9: Omitted or invalid; Sysmis: Not administered,.: Omitted or invalid; .A: Not administered,1: Often; 2: Sometimes; 3: Never or almost never; 9: Omitted or invalid; Sysmis: Not administered,1: Often; 2: Sometimes; 3: Never or almost never; .: Omitted or invalid; .A: Not administered,Background Questionnaire Variables,B,
ASBH01K,GEN\HOW OFTEN\NUMBER TOYS (2023),HQ-01k,Ordinal,1,0,,,1: Often; 2: Sometimes; 3: Never or almost never,9: Omitted or invalid; Sysmis: Not administered,.: Omitted or invalid; .A: Not administered,1: Often; 2: Sometimes; 3: Never or almost never; 9: Omitted or invalid; Sysmis: Not administered,1: Often; 2: Sometimes; 3: Never or almost never; .: Omitted or invalid; .A: Not administered,Background Questionnaire Variables,B,
ASBH01L,GEN\HOW OFTEN\COUNT THINGS (2023),HQ-01l,Ordinal,1,0,,,1: Often; 2: Sometimes; 3: Never or almost never,9: Omitted or invalid; Sysmis: Not administered,.: Omitted or invalid; .A: Not administered,1: Often; 2: Sometimes; 3: Never or almost never; 9: Omitted or invalid; Sysmis: Not administered,1: Often; 2: Sometimes; 3: Never or almost never; .: Omitted or invalid; .A: Not administered,Background Questionnaire Variables,B,
ASBH01M,GEN\HOW OFTEN\GAME WITH SHAPES (2023),HQ-01m,Ordinal,1,0,,,1: Often; 2: Sometimes; 3: Never or almost never,9: Omitted or invalid; Sysmis: Not administered,.: Omitted or invalid; .A: Not administered,1: Often; 2: Sometimes; 3: Never or almost never; 9: Omitted or invalid; Sysmis: Not administered,1: Often; 2: Sometimes; 3: Never or almost never; .: Omitted or invalid; .A: Not administered,Background Questionnaire Variables,B,
ASBH01N,GEN\HOW OFTEN\BUILDING BLOCKS (2023),HQ-01n,Ordinal,1,0,,,1: Often; 2: Sometimes; 3: Never or almost never,9: Omitted or invalid; Sysmis: Not administered,.: Omitted or invalid; .A: Not administered,1: Often; 2: Sometimes; 3: Never or almost never; 9: Omitted or invalid; Sysmis: Not administered,1: Often; 2: Sometimes; 3: Never or almost never; .: Omitted or invalid; .A: Not administered,Background Questionnaire Variables,B,
ASBH01O,GEN\HOW OFTEN\BOARD OR CARD GAME (2023),HQ-01o,Ordinal,1,0,,,1: Often; 2: Sometimes; 3: Never or almost never,9: Omitted or invalid; Sysmis: Not administered,.: Omitted or invalid; .A: Not administered,1: Often; 2: Sometimes; 3: Never or almost never; 9: Omitted or invalid; Sysmis: Not administered,1: Often; 2: Sometimes; 3: Never or almost never; .: Omitted or invalid; .A: Not administered,Background Questionnaire Variables,B,
ASBH01P,GEN\HOW OFTEN\WRITE NUMBERS (2023),HQ-01p,Ordinal,1,0,,,1: Often; 2: Sometimes; 3: Never or almost never,9: Omitted or invalid; Sysmis: Not administered,.: Omitted or invalid; .A: Not administered,1: Often; 2: Sometimes; 3: Never or almost never; 9: Omitted or invalid; Sysmis: Not administered,1: Often; 2: Sometimes; 3: Never or almost never; .: Omitted or invalid; .A: Not administered,Background Questionnaire Variables,B,
ASBH01Q,GEN\HOW OFTEN\DRAW SHAPES (2023),HQ-01q,Ordinal,1,0,,,1: Often; 2: Sometimes; 3: Never or almost never,9: Omitted or invalid; Sysmis: Not administered,.: Omitted or invalid; .A: Not administered,1: Often; 2: Sometimes; 3: Never or almost never; 9: Omitted or invalid; Sysmis: Not administered,1: Often; 2: Sometimes; 3: Never or almost never; .: Omitted or invalid; .A: Not administered,Background Questionnaire Variables,B,
ASBH01R,GEN\HOW OFTEN\MEASURE OR WEIGH (2023),HQ-01r,Ordinal,1,0,,,1: Often; 2: Sometimes; 3: Never or almost never,9: Omitted or invalid; Sysmis: Not administered,.: Omitted or invalid; .A: Not administered,1: Often; 2: Sometimes; 3: Never or almost never; 9: Omitted or invalid; Sysmis: Not administered,1: Often; 2: Sometimes; 3: Never or almost never; .: Omitted or invalid; .A: Not administered,Background Questionnaire Variables,B,
ASBH02A,GEN\CHILD BORN IN <COUNTRY> (2023),HQ-02A,Nominal,1,0,,,1: Yes; 2: No,9: Omitted or invalid; Sysmis: Not administered,.: Omitted or invalid; .A: Not administered,1: Yes; 2: No; 9: Omitted or invalid; Sysmis: Not administered,1: Yes; 2: No; .: Omitted or invalid; .A: Not administered,Filter,F,
ASBH02B,GEN\AGE OF CHILD WHEN CAME TO <COUNTRY> (2023),HQ-02B,Ordinal,1,0,,,1: Younger than 3 years old; 2: 3 to 5 years old; 3: 6 to 7 years old; 4: 8 years old or older,9: Omitted or invalid; 6: Logically not applicable; Sysmis: Not administered,.: Omitted or invalid; .A: Not administered; .B: Logically not applicable,1: Younger than 3 years old; 2: 3 to 5 years old; 3: 6 to 7 years old; 4: 8 years old or older; 9: Omitted or invalid; 6: Logically not applicable; Sysmis: Not administered,1: Younger than 3 years old; 2: 3 to 5 years old; 3: 6 to 7 years old; 4: 8 years old or older; .: Omitted or invalid; .A: Not administered; .B: Logically not applicable,Filter Dependent,BD,
ASBH03A,GEN\LANGUAGE\<LANGUAGE OF TEST> (2023),HQ-03a,Nominal,1,0,,,1: Yes; 2: No,9: Omitted or invalid; Sysmis: Not administered,.: Omitted or invalid; .A: Not administered,1: Yes; 2: No; 9: Omitted or invalid; Sysmis: Not administered,1: Yes; 2: No; .: Omitted or invalid; .A: Not administered,Background Questionnaire Variables,B,
ASBH03B,GEN\LANGUAGE\<COUNTRY-SPECIFIC> (2023),HQ-03b,Nominal,1,0,,,1: Yes; 2: No,9: Omitted or invalid; Sysmis: Not administered,.: Omitted or invalid; .A: Not administered,1: Yes; 2: No; 9: Omitted or invalid; Sysmis: Not administered,1: Yes; 2: No; .: Omitted or invalid; .A: Not administered,Background Questionnaire Variables,B,
ASBH03C,GEN\LANGUAGE\<COUNTRY-SPECIFIC> (2023),HQ-03c,Nominal,1,0,,,1: Yes; 2: No,9: Omitted or invalid; Sysmis: Not administered,.: Omitted or invalid; .A: Not administered,1: Yes; 2: No; 9: Omitted or invalid; Sysmis: Not administered,1: Yes; 2: No; .: Omitted or invalid; .A: Not administered,Background Questionnaire Variables,B,
ASBH03D,GEN\LANGUAGE\<COUNTRY-SPECIFIC> (2023),HQ-03d,Nominal,1,0,,,1: Yes; 2: No,9: Omitted or invalid; Sysmis: Not administered,.: Omitted or invalid; .A: Not administered,1: Yes; 2: No; 9: Omitted or invalid; Sysmis: Not administered,1: Yes; 2: No; .: Omitted or invalid; .A: Not administered,Background Questionnaire Variables,B,
ASBH03E,GEN\LANGUAGE\<COUNTRY-SPECIFIC> (2023),HQ-03e,Nominal,1,0,,,1: Yes; 2: No,9: Omitted or invalid; Sysmis: Not administered,.: Omitted or invalid; .A: Not administered,1: Yes; 2: No; 9: Omitted or invalid; Sysmis: Not administered,1: Yes; 2: No; .: Omitted or invalid; .A: Not administered,Background Questionnaire Variables,B,
ASBH03F,GEN\LANGUAGE\OTHER (2023),HQ-03f,Nominal,1,0,,,1: Yes; 2: No,9: Omitted or invalid; Sysmis: Not administered,.: Omitted or invalid; .A: Not administered,1: Yes; 2: No; 9: Omitted or invalid; Sysmis: Not administered,1: Yes; 2: No; .: Omitted or invalid; .A: Not administered,Background Questionnaire Variables,B,
ASBH04AA,GEN\ATTEND\EARLY CHILDHOOD EDUCATION (2023),HQ-04Aa,Nominal,1,0,,,1: Yes; 2: No,9: Omitted or invalid; Sysmis: Not administered,.: Omitted or invalid; .A: Not administered,1: Yes; 2: No; 9: Omitted or invalid; Sysmis: Not administered,1: Yes; 2: No; .: Omitted or invalid; .A: Not administered,Background Questionnaire Variables,B,
ASBH04AB,GEN\ATTEND\PRE PRIMARY EDUCATION (2023),HQ-04Ab,Nominal,1,0,,,1: Yes; 2: No,9: Omitted or invalid; Sysmis: Not administered,.: Omitted or invalid; .A: Not administered,1: Yes; 2: No; 9: Omitted or invalid; Sysmis: Not administered,1: Yes; 2: No; .: Omitted or invalid; .A: Not administered,Background Questionnaire Variables,B,
ASBH04B,GEN\HOW LONG ATTENDED PROGRAMS (2023),HQ-04B,Ordinal,1,0,,,1: Did not attend; 2: Less than 1 year; 3: 1 year; 4: 2 years; 5: 3 years; 6: 4 years or more,9: Omitted or invalid; Sysmis: Not administered,.: Omitted or invalid; .A: Not administered,1: Did not attend; 2: Less than 1 year; 3: 1 year; 4: 2 years; 5: 3 years; 6: 4 years or more; 9: Omitted or invalid; Sysmis: Not administered,1: Did not attend; 2: Less than 1 year; 3: 1 year; 4: 2 years; 5: 3 years; 6: 4 years or more; .: Omitted or invalid; .A: Not administered,Background Questionnaire Variables,B,
ASBH05,GEN\AGE OF CHILD BEGINNING SCHOOL (2023),HQ-05,Ordinal,1,0,,,1: 5 years old or younger; 2: 6 years old; 3: 7 years old; 4: 8 years old or older,9: Omitted or invalid; Sysmis: Not administered,.: Omitted or invalid; .A: Not administered,1: 5 years old or younger; 2: 6 years old; 3: 7 years old; 4: 8 years old or older; 9: Omitted or invalid; Sysmis: Not administered,1: 5 years old or younger; 2: 6 years old; 3: 7 years old; 4: 8 years old or older; .: Omitted or invalid; .A: Not administered,Background Questionnaire Variables,B,
ASBH06A,GEN\SKILLS\RECOGNIZE LETTERS (2023),HQ-06a,Ordinal,1,0,,,1: Very well; 2: Moderately well; 3: Not very well; 4: Not at all,9: Omitted or invalid; Sysmis: Not administered,.: Omitted or invalid; .A: Not administered,1: Very well; 2: Moderately well; 3: Not very well; 4: Not at all; 9: Omitted or invalid; Sysmis: Not administered,1: Very well; 2: Moderately well; 3: Not very well; 4: Not at all; .: Omitted or invalid; .A: Not administered,Background Questionnaire Variables,B,
ASBH06B,GEN\SKILLS\READ SOME WORDS (2023),HQ-06b,Ordinal,1,0,,,1: Very well; 2: Moderately well; 3: Not very well; 4: Not at all,9: Omitted or invalid; Sysmis: Not administered,.: Omitted or invalid; .A: Not administered,1: Very well; 2: Moderately well; 3: Not very well; 4: Not at all; 9: Omitted or invalid; Sysmis: Not administered,1: Very well; 2: Moderately well; 3: Not very well; 4: Not at all; .: Omitted or invalid; .A: Not administered,Background Questionnaire Variables,B,
ASBH06C,GEN\SKILLS\READ SENTENCES (2023),HQ-06c,Ordinal,1,0,,,1: Very well; 2: Moderately well; 3: Not very well; 4: Not at all,9: Omitted or invalid; Sysmis: Not administered,.: Omitted or invalid; .A: Not administered,1: Very well; 2: Moderately well; 3: Not very well; 4: Not at all; 9: Omitted or invalid; Sysmis: Not administered,1: Very well; 2: Moderately well; 3: Not very well; 4: Not at all; .: Omitted or invalid; .A: Not administered,Background Questionnaire Variables,B,
ASBH06D,GEN\SKILLS\READ A STORY (2023),HQ-06d,Ordinal,1,0,,,1: Very well; 2: Moderately well; 3: Not very well; 4: Not at all,9: Omitted or invalid; Sysmis: Not administered,.: Omitted or invalid; .A: Not administered,1: Very well; 2: Moderately well; 3: Not very well; 4: Not at all; 9: Omitted or invalid; Sysmis: Not administered,1: Very well; 2: Moderately well; 3: Not very well; 4: Not at all; .: Omitted or invalid; .A: Not administered,Background Questionnaire Variables,B,
ASBH06E,GEN\SKILLS\WRITE LETTERS (2023),HQ-06e,Ordinal,1,0,,,1: Very well; 2: Moderately well; 3: Not very well; 4: Not at all,9: Omitted or invalid; Sysmis: Not administered,.: Omitted or invalid; .A: Not administered,1: Very well; 2: Moderately well; 3: Not very well; 4: Not at all; 9: Omitted or invalid; Sysmis: Not administered,1: Very well; 2: Moderately well; 3: Not very well; 4: Not at all; .: Omitted or invalid; .A: Not administered,Background Questionnaire Variables,B,
ASBH06F,GEN\SKILLS\WRITE NAME (2023),HQ-06f,Ordinal,1,0,,,1: Very well; 2: Moderately well; 3: Not very well; 4: Not at all,9: Omitted or invalid; Sysmis: Not administered,.: Omitted or invalid; .A: Not administered,1: Very well; 2: Moderately well; 3: Not very well; 4: Not at all; 9: Omitted or invalid; Sysmis: Not administered,1: Very well; 2: Moderately well; 3: Not very well; 4: Not at all; .: Omitted or invalid; .A: Not administered,Background Questionnaire Variables,B,
ASBH06G,GEN\SKILLS\WRITE WORDS (2023),HQ-06g,Ordinal,1,0,,,1: Very well; 2: Moderately well; 3: Not very well; 4: Not at all,9: Omitted or invalid; Sysmis: Not administered,.: Omitted or invalid; .A: Not administered,1: Very well; 2: Moderately well; 3: Not very well; 4: Not at all; 9: Omitted or invalid; Sysmis: Not administered,1: Very well; 2: Moderately well; 3: Not very well; 4: Not at all; .: Omitted or invalid; .A: Not administered,Background Questionnaire Variables,B,
ASBH07A,GEN\SKILLS\COUNT BY HIM-/HERSELF (2023),HQ-07a,Ordinal,1,0,,,1: Not at all; 2: Up to 10; 3: Up to 20; 4: Up to 100 or higher,9: Omitted or invalid; Sysmis: Not administered,.: Omitted or invalid; .A: Not administered,1: Not at all; 2: Up to 10; 3: Up to 20; 4: Up to 100 or higher; 9: Omitted or invalid; Sysmis: Not administered,1: Not at all; 2: Up to 10; 3: Up to 20; 4: Up to 100 or higher; .: Omitted or invalid; .A: Not administered,Background Questionnaire Variables,B,
ASBH07B,GEN\SKILLS\RECOG WRITTEN NUMERAL (2023),HQ-07b,Ordinal,1,0,,,1: Not at all; 2: Up to 10; 3: Up to 20; 4: Up to 100 or higher,9: Omitted or invalid; Sysmis: Not administered,.: Omitted or invalid; .A: Not administered,1: Not at all; 2: Up to 10; 3: Up to 20; 4: Up to 100 or higher; 9: Omitted or invalid; Sysmis: Not administered,1: Not at all; 2: Up to 10; 3: Up to 20; 4: Up to 100 or higher; .: Omitted or invalid; .A: Not administered,Background Questionnaire Variables,B,
ASBH07C,GEN\SKILLS\WRITE NUMBERS (2023),HQ-07c,Ordinal,1,0,,,1: Not at all; 2: Up to 10; 3: Up to 20; 4: Up to 100 or higher,9: Omitted or invalid; Sysmis: Not administered,.: Omitted or invalid; .A: Not administered,1: Not at all; 2: Up to 10; 3: Up to 20; 4: Up to 100 or higher; 9: Omitted or invalid; Sysmis: Not administered,1: Not at all; 2: Up to 10; 3: Up to 20; 4: Up to 100 or higher; .: Omitted or invalid; .A: Not administered,Background Questionnaire Variables,B,
ASBH07D,GEN\SKILLS\SIMPLE ADDITION (2023),HQ-07d,Nominal,1,0,,,1: Yes; 2: No,9: Omitted or invalid; Sysmis: Not administered,.: Omitted or invalid; .A: Not administered,1: Yes; 2: No; 9: Omitted or invalid; Sysmis: Not administered,1: Yes; 2: No; .: Omitted or invalid; .A: Not administered,Background Questionnaire Variables,B,
ASBH07E,GEN\SKILLS\SIMPLE SUBTRACTION (2023),HQ-07e,Nominal,1,0,,,1: Yes; 2: No,9: Omitted or invalid; Sysmis: Not administered,.: Omitted or invalid; .A: Not administered,1: Yes; 2: No; 9: Omitted or invalid; Sysmis: Not administered,1: Yes; 2: No; .: Omitted or invalid; .A: Not administered,Background Questionnaire Variables,B,
ASBH08A,GEN\AGREE\INCLUDED IN CHILDS EDU (2023),HQ-08a,Ordinal,1,0,,,1: Agree a lot; 2: Agree a little; 3: Disagree a little; 4: Disagree a lot,9: Omitted or invalid; Sysmis: Not administered,.: Omitted or invalid; .A: Not administered,1: Agree a lot; 2: Agree a little; 3: Disagree a little; 4: Disagree a lot; 9: Omitted or invalid; Sysmis: Not administered,1: Agree a lot; 2: Agree a little; 3: Disagree a little; 4: Disagree a lot; .: Omitted or invalid; .A: Not administered,Background Questionnaire Variables,B,
ASBH08B,GEN\AGREE\PROVIDES SAFE ENVIRONMENT (2023),HQ-08b,Ordinal,1,0,,,1: Agree a lot; 2: Agree a little; 3: Disagree a little; 4: Disagree a lot,9: Omitted or invalid; Sysmis: Not administered,.: Omitted or invalid; .A: Not administered,1: Agree a lot; 2: Agree a little; 3: Disagree a little; 4: Disagree a lot; 9: Omitted or invalid; Sysmis: Not administered,1: Agree a lot; 2: Agree a little; 3: Disagree a little; 4: Disagree a lot; .: Omitted or invalid; .A: Not administered,Background Questionnaire Variables,B,
ASBH08C,GEN\AGREE\CARES ABOUT CHILDS PROG (2023),HQ-08c,Ordinal,1,0,,,1: Agree a lot; 2: Agree a little; 3: Disagree a little; 4: Disagree a lot,9: Omitted or invalid; Sysmis: Not administered,.: Omitted or invalid; .A: Not administered,1: Agree a lot; 2: Agree a little; 3: Disagree a little; 4: Disagree a lot; 9: Omitted or invalid; Sysmis: Not administered,1: Agree a lot; 2: Agree a little; 3: Disagree a little; 4: Disagree a lot; .: Omitted or invalid; .A: Not administered,Background Questionnaire Variables,B,
ASBH08D,GEN\AGREE\KEEPING ME INFORMED (2023),HQ-08d,Ordinal,1,0,,,1: Agree a lot; 2: Agree a little; 3: Disagree a little; 4: Disagree a lot,9: Omitted or invalid; Sysmis: Not administered,.: Omitted or invalid; .A: Not administered,1: Agree a lot; 2: Agree a little; 3: Disagree a little; 4: Disagree a lot; 9: Omitted or invalid; Sysmis: Not administered,1: Agree a lot; 2: Agree a little; 3: Disagree a little; 4: Disagree a lot; .: Omitted or invalid; .A: Not administered,Background Questionnaire Variables,B,
ASBH08E,GEN\AGREE\PROMOTE HIGH STANDARDS (2023),HQ-08e,Ordinal,1,0,,,1: Agree a lot; 2: Agree a little; 3: Disagree a little; 4: Disagree a lot,9: Omitted or invalid; Sysmis: Not administered,.: Omitted or invalid; .A: Not administered,1: Agree a lot; 2: Agree a little; 3: Disagree a little; 4: Disagree a lot; 9: Omitted or invalid; Sysmis: Not administered,1: Agree a lot; 2: Agree a little; 3: Disagree a little; 4: Disagree a lot; .: Omitted or invalid; .A: Not administered,Background Questionnaire Variables,B,
ASBH08F,GEN\AGREE\HELP BECOME BETTER READ (2023),HQ-08f,Ordinal,1,0,,,1: Agree a lot; 2: Agree a little; 3: Disagree a little; 4: Disagree a lot,9: Omitted or invalid; Sysmis: Not administered,.: Omitted or invalid; .A: Not administered,1: Agree a lot; 2: Agree a little; 3: Disagree a little; 4: Disagree a lot; 9: Omitted or invalid; Sysmis: Not administered,1: Agree a lot; 2: Agree a little; 3: Disagree a little; 4: Disagree a lot; .: Omitted or invalid; .A: Not administered,Background Questionnaire Variables,B,
ASBH08G,GEN\AGREE\HELP BECOME BETTER IN MATH (2023),HQ-08g,Ordinal,1,0,,,1: Agree a lot; 2: Agree a little; 3: Disagree a little; 4: Disagree a lot,9: Omitted or invalid; Sysmis: Not administered,.: Omitted or invalid; .A: Not administered,1: Agree a lot; 2: Agree a little; 3: Disagree a little; 4: Disagree a lot; 9: Omitted or invalid; Sysmis: Not administered,1: Agree a lot; 2: Agree a little; 3: Disagree a little; 4: Disagree a lot; .: Omitted or invalid; .A: Not administered,Background Questionnaire Variables,B,
ASBH08H,GEN\AGREE\HELP BECOME BETTER IN SCI (2023),HQ-08h,Ordinal,1,0,,,1: Agree a lot; 2: Agree a little; 3: Disagree a little; 4: Disagree a lot,9: Omitted or invalid; Sysmis: Not administered,.: Omitted or invalid; .A: Not administered,1: Agree a lot; 2: Agree a little; 3: Disagree a little; 4: Disagree a lot; 9: Omitted or invalid; Sysmis: Not administered,1: Agree a lot; 2: Agree a little; 3: Disagree a little; 4: Disagree a lot; .: Omitted or invalid; .A: Not administered,Background Questionnaire Variables,B,
ASBH09A,GEN\HOW OFTEN\DISCUSS ENVIRONMENT (2023),HQ-09a,Ordinal,1,0,,,1: Every day; 2: Almost every day; 3: Sometimes; 4: Never,9: Omitted or invalid; Sysmis: Not administered,.: Omitted or invalid; .A: Not administered,1: Every day; 2: Almost every day; 3: Sometimes; 4: Never; 9: Omitted or invalid; Sysmis: Not administered,1: Every day; 2: Almost every day; 3: Sometimes; 4: Never; .: Omitted or invalid; .A: Not administered,Background Questionnaire Variables,B,
ASBH09B,GEN\HOW OFTEN\READ INFORMATION (2023),HQ-09b,Ordinal,1,0,,,1: Every day; 2: Almost every day; 3: Sometimes; 4: Never,9: Omitted or invalid; Sysmis: Not administered,.: Omitted or invalid; .A: Not administered,1: Every day; 2: Almost every day; 3: Sometimes; 4: Never; 9: Omitted or invalid; Sysmis: Not administered,1: Every day; 2: Almost every day; 3: Sometimes; 4: Never; .: Omitted or invalid; .A: Not administered,Background Questionnaire Variables,B,
ASBH09C,GEN\HOW OFTEN\SAVE RESOURCES (2023),HQ-09c,Ordinal,1,0,,,1: Every day; 2: Almost every day; 3: Sometimes; 4: Never,9: Omitted or invalid; Sysmis: Not administered,.: Omitted or invalid; .A: Not administered,1: Every day; 2: Almost every day; 3: Sometimes; 4: Never; 9: Omitted or invalid; Sysmis: Not administered,1: Every day; 2: Almost every day; 3: Sometimes; 4: Never; .: Omitted or invalid; .A: Not administered,Background Questionnaire Variables,B,
ASBH09D,GEN\HOW OFTEN\TIME IN NATURE (2023),HQ-09d,Ordinal,1,0,,,1: Every day; 2: Almost every day; 3: Sometimes; 4: Never,9: Omitted or invalid; Sysmis: Not administered,.: Omitted or invalid; .A: Not administered,1: Every day; 2: Almost every day; 3: Sometimes; 4: Never; 9: Omitted or invalid; Sysmis: Not administered,1: Every day; 2: Almost every day; 3: Sometimes; 4: Never; .: Omitted or invalid; .A: Not administered,Background Questionnaire Variables,B,
ASBH09E,GEN\HOW OFTEN\ENCOURAGE ACTION (2023),HQ-09e,Ordinal,1,0,,,1: Every day; 2: Almost every day; 3: Sometimes; 4: Never,9: Omitted or invalid; Sysmis: Not administered,.: Omitted or invalid; .A: Not administered,1: Every day; 2: Almost every day; 3: Sometimes; 4: Never; 9: Omitted or invalid; Sysmis: Not administered,1: Every day; 2: Almost every day; 3: Sometimes; 4: Never; .: Omitted or invalid; .A: Not administered,Background Questionnaire Variables,B,
ASBH10,GEN\AMOUNT OF BOOKS AT HOME (2023),HQ-10,Ordinal,1,0,,,1: 0–10; 2: 11–25; 3: 26–100; 4: 101–200; 5: More than 200,9: Omitted or invalid; Sysmis: Not administered,.: Omitted or invalid; .A: Not administered,1: 0–10; 2: 11–25; 3: 26–100; 4: 101–200; 5: More than 200; 9: Omitted or invalid; Sysmis: Not administered,1: 0–10; 2: 11–25; 3: 26–100; 4: 101–200; 5: More than 200; .: Omitted or invalid; .A: Not administered,Background Questionnaire Variables,B,
ASBH11,GEN\AMOUNT OF BOOKS FOR CHILDREN AT HOME (2023),HQ-11,Ordinal,1,0,,,1: 0–10; 2: 11–25; 3: 26–50; 4: 51–100; 5: More than 100,9: Omitted or invalid; Sysmis: Not administered,.: Omitted or invalid; .A: Not administered,1: 0–10; 2: 11–25; 3: 26–50; 4: 51–100; 5: More than 100; 9: Omitted or invalid; Sysmis: Not administered,1: 0–10; 2: 11–25; 3: 26–50; 4: 51–100; 5: More than 100; .: Omitted or invalid; .A: Not administered,Background Questionnaire Variables,B,
ASBH12A,GEN\DIGITAL RESOURCES\COMPUTER OR LAPTOP (2023),HQ-12a,Nominal,1,0,,,1: Yes; 2: No,9: Omitted or invalid; Sysmis: Not administered,.: Omitted or invalid; .A: Not administered,1: Yes; 2: No; 9: Omitted or invalid; Sysmis: Not administered,1: Yes; 2: No; .: Omitted or invalid; .A: Not administered,Background Questionnaire Variables,B,
ASBH12B,GEN\DIGITAL RESOURCES\TABLET OR EREADER (2023),HQ-12b,Nominal,1,0,,,1: Yes; 2: No,9: Omitted or invalid; Sysmis: Not administered,.: Omitted or invalid; .A: Not administered,1: Yes; 2: No; 9: Omitted or invalid; Sysmis: Not administered,1: Yes; 2: No; .: Omitted or invalid; .A: Not administered,Background Questionnaire Variables,B,
ASBH12C,GEN\DIGITAL RESOURCES\INTERNET ACCESS (2023),HQ-12c,Nominal,1,0,,,1: Yes; 2: No,9: Omitted or invalid; Sysmis: Not administered,.: Omitted or invalid; .A: Not administered,1: Yes; 2: No; 9: Omitted or invalid; Sysmis: Not administered,1: Yes; 2: No; .: Omitted or invalid; .A: Not administered,Background Questionnaire Variables,B,
ASBH13A,GEN\HOME\BORN IN COUNTRY\<PARENT/GUARDIAN A> (2023),HQ-13A,Nominal,1,0,,,1: Yes; 2: No; 3: Not applicable,9: Omitted or invalid; Sysmis: Not administered,.: Omitted or invalid; .A: Not administered,1: Yes; 2: No; 3: Not applicable; 9: Omitted or invalid; Sysmis: Not administered,1: Yes; 2: No; 3: Not applicable; .: Omitted or invalid; .A: Not administered,Background Questionnaire Variables,B,
ASBH13B,GEN\HOME\BORN IN COUNTRY\<PARENT/GUARDIAN B> (2023),HQ-13B,Nominal,1,0,,,1: Yes; 2: No; 3: Not applicable,9: Omitted or invalid; Sysmis: Not administered,.: Omitted or invalid; .A: Not administered,1: Yes; 2: No; 3: Not applicable; 9: Omitted or invalid; Sysmis: Not administered,1: Yes; 2: No; 3: Not applicable; .: Omitted or invalid; .A: Not administered,Background Questionnaire Variables,B,
ASBH14AA,GEN\LANGUAGE SPOKEN\<LANGUAGE OF TEST>\<PARENT/GUARDIAN A> (2023),HQ-14Aa,Nominal,1,0,,,1: Checked; 2: Not Checked,9: Omitted or invalid; 6: Logically not applicable; Sysmis: Not administered,.: Omitted or invalid; .A: Not administered; .B: Logically not applicable,1: Checked; 2: Not Checked; 9: Omitted or invalid; 6: Logically not applicable; Sysmis: Not administered,1: Checked; 2: Not Checked; .: Omitted or invalid; .A: Not administered; .B: Logically not applicable,Background Questionnaire Variables,B,
ASBH14AB,GEN\LANGUAGE SPOKEN\<LANGUAGE OF TEST>\<PARENT/GUARDIAN B> (2023),HQ-14Ab,Nominal,1,0,,,1: Checked; 2: Not Checked,9: Omitted or invalid; 6: Logically not applicable; Sysmis: Not administered,.: Omitted or invalid; .A: Not administered; .B: Logically not applicable,1: Checked; 2: Not Checked; 9: Omitted or invalid; 6: Logically not applicable; Sysmis: Not administered,1: Checked; 2: Not Checked; .: Omitted or invalid; .A: Not administered; .B: Logically not applicable,Background Questionnaire Variables,B,
ASBH14BA,GEN\LANGUAGE SPOKEN\<COUNTRY-SPECIFIC>\<PARENT/GUARDIAN A> (2023),HQ-14Ba,Nominal,1,0,,,1: Checked; 2: Not Checked,9: Omitted or invalid; 6: Logically not applicable; Sysmis: Not administered,.: Omitted or invalid; .A: Not administered; .B: Logically not applicable,1: Checked; 2: Not Checked; 9: Omitted or invalid; 6: Logically not applicable; Sysmis: Not administered,1: Checked; 2: Not Checked; .: Omitted or invalid; .A: Not administered; .B: Logically not applicable,Background Questionnaire Variables,B,
ASBH14BB,GEN\LANGUAGE SPOKEN\<COUNTRY-SPECIFIC>\<PARENT/GUARDIAN B> (2023),HQ-14Bb,Nominal,1,0,,,1: Checked; 2: Not Checked,9: Omitted or invalid; 6: Logically not applicable; Sysmis: Not administered,.: Omitted or invalid; .A: Not administered; .B: Logically not applicable,1: Checked; 2: Not Checked; 9: Omitted or invalid; 6: Logically not applicable; Sysmis: Not administered,1: Checked; 2: Not Checked; .: Omitted or invalid; .A: Not administered; .B: Logically not applicable,Background Questionnaire Variables,B,
ASBH14CA,GEN\LANGUAGE SPOKEN\<COUNTRY-SPECIFIC>\<PARENT/GUARDIAN A> (2023),HQ-14Ca,Nominal,1,0,,,1: Checked; 2: Not Checked,9: Omitted or invalid; 6: Logically not applicable; Sysmis: Not administered,.: Omitted or invalid; .A: Not administered; .B: Logically not applicable,1: Checked; 2: Not Checked; 9: Omitted or invalid; 6: Logically not applicable; Sysmis: Not administered,1: Checked; 2: Not Checked; .: Omitted or invalid; .A: Not administered; .B: Logically not applicable,Background Questionnaire Variables,B,
ASBH14CB,GEN\LANGUAGE SPOKEN\<COUNTRY-SPECIFIC>\<PARENT/GUARDIAN B> (2023),HQ-14Cb,Nominal,1,0,,,1: Checked; 2: Not Checked,9: Omitted or invalid; 6: Logically not applicable; Sysmis: Not administered,.: Omitted or invalid; .A: Not administered; .B: Logically not applicable,1: Checked; 2: Not Checked; 9: Omitted or invalid; 6: Logically not applicable; Sysmis: Not administered,1: Checked; 2: Not Checked; .: Omitted or invalid; .A: Not administered; .B: Logically not applicable,Background Questionnaire Variables,B,
ASBH14DA,GEN\LANGUAGE SPOKEN\<COUNTRY-SPECIFIC>\<PARENT/GUARDIAN A> (2023),HQ-14Da,Nominal,1,0,,,1: Checked; 2: Not Checked,9: Omitted or invalid; 6: Logically not applicable; Sysmis: Not administered,.: Omitted or invalid; .A: Not administered; .B: Logically not applicable,1: Checked; 2: Not Checked; 9: Omitted or invalid; 6: Logically not applicable; Sysmis: Not administered,1: Checked; 2: Not Checked; .: Omitted or invalid; .A: Not administered; .B: Logically not applicable,Background Questionnaire Variables,B,
ASBH14DB,GEN\LANGUAGE SPOKEN\<COUNTRY-SPECIFIC>\<PARENT/GUARDIAN B> (2023),HQ-14Db,Nominal,1,0,,,1: Checked; 2: Not Checked,9: Omitted or invalid; 6: Logically not applicable; Sysmis: Not administered,.: Omitted or invalid; .A: Not administered; .B: Logically not applicable,1: Checked; 2: Not Checked; 9: Omitted or invalid; 6: Logically not applicable; Sysmis: Not administered,1: Checked; 2: Not Checked; .: Omitted or invalid; .A: Not administered; .B: Logically not applicable,Background Questionnaire Variables,B,
ASBH14EA,GEN\LANGUAGE SPOKEN\<COUNTRY-SPECIFIC>\<PARENT/GUARDIAN A> (2023),HQ-14Ea,Nominal,1,0,,,1: Checked; 2: Not Checked,9: Omitted or invalid; 6: Logically not applicable; Sysmis: Not administered,.: Omitted or invalid; .A: Not administered; .B: Logically not applicable,1: Checked; 2: Not Checked; 9: Omitted or invalid; 6: Logically not applicable; Sysmis: Not administered,1: Checked; 2: Not Checked; .: Omitted or invalid; .A: Not administered; .B: Logically not applicable,Background Questionnaire Variables,B,
ASBH14EB,GEN\LANGUAGE SPOKEN\<COUNTRY-SPECIFIC>\<PARENT/GUARDIAN B> (2023),HQ-14Eb,Nominal,1,0,,,1: Checked; 2: Not Checked,9: Omitted or invalid; 6: Logically not applicable; Sysmis: Not administered,.: Omitted or invalid; .A: Not administered; .B: Logically not applicable,1: Checked; 2: Not Checked; 9: Omitted or invalid; 6: Logically not applicable; Sysmis: Not administered,1: Checked; 2: Not Checked; .: Omitted or invalid; .A: Not administered; .B: Logically not applicable,Background Questionnaire Variables,B,
ASBH14FA,GEN\LANGUAGE SPOKEN\OTHER\<PARENT/GUARDIAN A> (2023),HQ-14Fa,Nominal,1,0,,,1: Checked; 2: Not Checked,9: Omitted or invalid; 6: Logically not applicable; Sysmis: Not administered,.: Omitted or invalid; .A: Not administered; .B: Logically not applicable,1: Checked; 2: Not Checked; 9: Omitted or invalid; 6: Logically not applicable; Sysmis: Not administered,1: Checked; 2: Not Checked; .: Omitted or invalid; .A: Not administered; .B: Logically not applicable,Background Questionnaire Variables,B,
ASBH14FB,GEN\LANGUAGE SPOKEN\OTHER\<PARENT/GUARDIAN B> (2023),HQ-14Fb,Nominal,1,0,,,1: Checked; 2: Not Checked,9: Omitted or invalid; 6: Logically not applicable; Sysmis: Not administered,.: Omitted or invalid; .A: Not administered; .B: Logically not applicable,1: Checked; 2: Not Checked; 9: Omitted or invalid; 6: Logically not applicable; Sysmis: Not administered,1: Checked; 2: Not Checked; .: Omitted or invalid; .A: Not administered; .B: Logically not applicable,Background Questionnaire Variables,B,
ASBH14GA,GEN\LANGUAGE SPOKEN\NOT APPLICABLE\<PARENT/GUARDIAN A> (2023),HQ-14Ga,Nominal,1,0,,,1: Checked,9: Omitted or invalid; 6: Logically not applicable; Sysmis: Not administered,.: Omitted or invalid; .A: Not administered; .B: Logically not applicable,1: Checked; 9: Omitted or invalid; 6: Logically not applicable; Sysmis: Not administered,1: Checked; .: Omitted or invalid; .A: Not administered; .B: Logically not applicable,Background Questionnaire Variables,B,
ASBH14GB,GEN\LANGUAGE SPOKEN\NOT APPLICABLE\<PARENT/GUARDIAN B> (2023),HQ-14Gb,Nominal,1,0,,,1: Checked,9: Omitted or invalid; 6: Logically not applicable; Sysmis: Not administered,.: Omitted or invalid; .A: Not administered; .B: Logically not applicable,1: Checked; 9: Omitted or invalid; 6: Logically not applicable; Sysmis: Not administered,1: Checked; .: Omitted or invalid; .A: Not administered; .B: Logically not applicable,Background Questionnaire Variables,B,
ASBH15,GEN\HOW OFTEN DOES CHILD SPEAK LANGUAGE AT HOME (2023),HQ-15,Ordinal,1,0,,,1: Always; 2: Almost always; 3: Sometimes; 4: Never,9: Omitted or invalid; Sysmis: Not administered,.: Omitted or invalid; .A: Not administered,1: Always; 2: Almost always; 3: Sometimes; 4: Never; 9: Omitted or invalid; Sysmis: Not administered,1: Always; 2: Almost always; 3: Sometimes; 4: Never; .: Omitted or invalid; .A: Not administered,Background Questionnaire Variables,B,
ASBH16A,GEN\LVL OF EDUCATION\<PARENT/GUARDIAN A> (2023),HQ-16a,Ordinal,2,0,,,"1: Did not go to school; 2: Some <Primary education—ISCED Level 1 or Lower secondary education—ISCED Level 2>; 3: <Lower secondary education—ISCED Level 2>; 4: <Upper secondary education—ISCED Level 3>; 5: <Post-secondary, non-tertiary education—ISCED Level 4>; 6: <Short-cycle tertiary education—ISCED Level 5>; 7: <Bachelor’s or equivalent level—ISCED Level 6>; 8: <Postgraduate degree: Master’s—ISCED Level 7 or Doctor—ISCED Level 8>; 9: Not applicable",99: Omitted or invalid; Sysmis: Not administered,.: Omitted or invalid; .A: Not administered,"1: Did not go to school; 2: Some <Primary education—ISCED Level 1 or Lower secondary education—ISCED Level 2>; 3: <Lower secondary education—ISCED Level 2>; 4: <Upper secondary education—ISCED Level 3>; 5: <Post-secondary, non-tertiary education—ISCED Level 4>; 6: <Short-cycle tertiary education—ISCED Level 5>; 7: <Bachelor’s or equivalent level—ISCED Level 6>; 8: <Postgraduate degree: Master’s—ISCED Level 7 or Doctor—ISCED Level 8>; 9: Not applicable; 99: Omitted or invalid; Sysmis: Not administered","1: Did not go to school; 2: Some <Primary education—ISCED Level 1 or Lower secondary education—ISCED Level 2>; 3: <Lower secondary education—ISCED Level 2>; 4: <Upper secondary education—ISCED Level 3>; 5: <Post-secondary, non-tertiary education—ISCED Level 4>; 6: <Short-cycle tertiary education—ISCED Level 5>; 7: <Bachelor’s or equivalent level—ISCED Level 6>; 8: <Postgraduate degree: Master’s—ISCED Level 7 or Doctor—ISCED Level 8>; 9: Not applicable; .: Omitted or invalid; .A: Not administered",Background Questionnaire Variables,B,
ASBH16B,GEN\LVL OF EDUCATION\<PARENT/GUARDIAN B> (2023),HQ-16b,Ordinal,2,0,,,"1: Did not go to school; 2: Some <Primary education—ISCED Level 1 or Lower secondary education—ISCED Level 2>; 3: <Lower secondary education—ISCED Level 2>; 4: <Upper secondary education—ISCED Level 3>; 5: <Post-secondary, non-tertiary education—ISCED Level 4>; 6: <Short-cycle tertiary education—ISCED Level 5>; 7: <Bachelor’s or equivalent level—ISCED Level 6>; 8: <Postgraduate degree: Master’s—ISCED Level 7 or Doctor—ISCED Level 8>; 9: Not applicable",99: Omitted or invalid; Sysmis: Not administered,.: Omitted or invalid; .A: Not administered,"1: Did not go to school; 2: Some <Primary education—ISCED Level 1 or Lower secondary education—ISCED Level 2>; 3: <Lower secondary education—ISCED Level 2>; 4: <Upper secondary education—ISCED Level 3>; 5: <Post-secondary, non-tertiary education—ISCED Level 4>; 6: <Short-cycle tertiary education—ISCED Level 5>; 7: <Bachelor’s or equivalent level—ISCED Level 6>; 8: <Postgraduate degree: Master’s—ISCED Level 7 or Doctor—ISCED Level 8>; 9: Not applicable; 99: Omitted or invalid; Sysmis: Not administered","1: Did not go to school; 2: Some <Primary education—ISCED Level 1 or Lower secondary education—ISCED Level 2>; 3: <Lower secondary education—ISCED Level 2>; 4: <Upper secondary education—ISCED Level 3>; 5: <Post-secondary, non-tertiary education—ISCED Level 4>; 6: <Short-cycle tertiary education—ISCED Level 5>; 7: <Bachelor’s or equivalent level—ISCED Level 6>; 8: <Postgraduate degree: Master’s—ISCED Level 7 or Doctor—ISCED Level 8>; 9: Not applicable; .: Omitted or invalid; .A: Not administered",Background Questionnaire Variables,B,
ASBH17,GEN\LVL OF EDUCATION\CHILD (2023),HQ-17,Ordinal,1,0,,,"1: Finish <Lower secondary education—ISCED Level 2>; 2: Finish <Upper secondary education—ISCED Level 3>; 3: Finish <Post-secondary, non-tertiary education—ISCED Level 4>; 4: Finish <Short-cycle tertiary education —ISCED Level 5>; 5: Finish <Bachelor’s or equivalent level—ISCED Level 6>; 6: Finish <Postgraduate degree: Master’s—ISCED Level 7 or Doctor—ISCED Level 8>",9: Omitted or invalid; Sysmis: Not administered,.: Omitted or invalid; .A: Not administered,"1: Finish <Lower secondary education—ISCED Level 2>; 2: Finish <Upper secondary education—ISCED Level 3>; 3: Finish <Post-secondary, non-tertiary education—ISCED Level 4>; 4: Finish <Short-cycle tertiary education —ISCED Level 5>; 5: Finish <Bachelor’s or equivalent level—ISCED Level 6>; 6: Finish <Postgraduate degree: Master’s—ISCED Level 7 or Doctor—ISCED Level 8>; 9: Omitted or invalid; Sysmis: Not administered","1: Finish <Lower secondary education—ISCED Level 2>; 2: Finish <Upper secondary education—ISCED Level 3>; 3: Finish <Post-secondary, non-tertiary education—ISCED Level 4>; 4: Finish <Short-cycle tertiary education —ISCED Level 5>; 5: Finish <Bachelor’s or equivalent level—ISCED Level 6>; 6: Finish <Postgraduate degree: Master’s—ISCED Level 7 or Doctor—ISCED Level 8>; .: Omitted or invalid; .A: Not administered",Background Questionnaire Variables,B,
ASBH18A,GEN\WHAT KIND OF MAIN JOB\<PARENT/GUARDIAN A> (2023),HQ-18a,Nominal,2,0,,,1: Has never worked for pay; 2: Small Business Owner; 3: Clerical Worker; 4: Service or Sales Worker; 5: Skilled Agricultural or Fishery Worker; 6: Craft or Trade Worker; 7: Plant or Machine Operator; 8: General Laborers; 9: Corporate Manager or Senior Official; 10: Professional; 11: Technician or Associate Professional; 12: Not applicable,99: Omitted or invalid; Sysmis: Not administered,.: Omitted or invalid; .A: Not administered,1: Has never worked for pay; 2: Small Business Owner; 3: Clerical Worker; 4: Service or Sales Worker; 5: Skilled Agricultural or Fishery Worker; 6: Craft or Trade Worker; 7: Plant or Machine Operator; 8: General Laborers; 9: Corporate Manager or Senior Official; 10: Professional; 11: Technician or Associate Professional; 12: Not applicable; 99: Omitted or invalid; Sysmis: Not administered,1: Has never worked for pay; 2: Small Business Owner; 3: Clerical Worker; 4: Service or Sales Worker; 5: Skilled Agricultural or Fishery Worker; 6: Craft or Trade Worker; 7: Plant or Machine Operator; 8: General Laborers; 9: Corporate Manager or Senior Official; 10: Professional; 11: Technician or Associate Professional; 12: Not applicable; .: Omitted or invalid; .A: Not administered,Background Questionnaire Variables,B,
ASBH18B,GEN\WHAT KIND OF MAIN JOB\<PARENT/GUARDIAN B> (2023),HQ-18b,Nominal,2,0,,,1: Has never worked for pay; 2: Small Business Owner; 3: Clerical Worker; 4: Service or Sales Worker; 5: Skilled Agricultural or Fishery Worker; 6: Craft or Trade Worker; 7: Plant or Machine Operator; 8: General Laborers; 9: Corporate Manager or Senior Official; 10: Professional; 11: Technician or Associate Professional; 12: Not applicable,99: Omitted or invalid; Sysmis: Not administered,.: Omitted or invalid; .A: Not administered,1: Has never worked for pay; 2: Small Business Owner; 3: Clerical Worker; 4: Service or Sales Worker; 5: Skilled Agricultural or Fishery Worker; 6: Craft or Trade Worker; 7: Plant or Machine Operator; 8: General Laborers; 9: Corporate Manager or Senior Official; 10: Professional; 11: Technician or Associate Professional; 12: Not applicable; 99: Omitted or invalid; Sysmis: Not administered,1: Has never worked for pay; 2: Small Business Owner; 3: Clerical Worker; 4: Service or Sales Worker; 5: Skilled Agricultural or Fishery Worker; 6: Craft or Trade Worker; 7: Plant or Machine Operator; 8: General Laborers; 9: Corporate Manager or Senior Official; 10: Professional; 11: Technician or Associate Professional; 12: Not applicable; .: Omitted or invalid; .A: Not administered,Background Questionnaire Variables,B,
ASBH19,GEN\COVID\NEGATIVE IMPACTS ON LEARNING (2023),HQ-19,Ordinal,1,0,,,1: A lot; 2: Somewhat; 3: Not at all,9: Omitted or invalid; Sysmis: Not administered,.: Omitted or invalid; .A: Not administered,1: A lot; 2: Somewhat; 3: Not at all; 9: Omitted or invalid; Sysmis: Not administered,1: A lot; 2: Somewhat; 3: Not at all; .: Omitted or invalid; .A: Not administered,Background Questionnaire Variables,B,
ASBH20,GEN\COVID\DIGITAL DEVICE (2023),HQ-20,Nominal,1,0,,,1: Yes; 2: No,9: Omitted or invalid; Sysmis: Not administered,.: Omitted or invalid; .A: Not administered,1: Yes; 2: No; 9: Omitted or invalid; Sysmis: Not administered,1: Yes; 2: No; .: Omitted or invalid; .A: Not administered,Background Questionnaire Variables,B,
ASBLH01A,GEN\AGREE\INCLUDED IN CHILDS EDU (2024),HQ-01a,Ordinal,1,0,,,1: Agree a lot; 2: Agree a little; 3: Disagree a little; 4: Disagree a lot,9: Omitted or invalid; Sysmis: Not administered,.: Omitted or invalid; .A: Not administered,1: Agree a lot; 2: Agree a little; 3: Disagree a little; 4: Disagree a lot; 9: Omitted or invalid; Sysmis: Not administered,1: Agree a lot; 2: Agree a little; 3: Disagree a little; 4: Disagree a lot; .: Omitted or invalid; .A: Not administered,Background Questionnaire Variables,B,
ASBLH01B,GEN\AGREE\PROVIDES SAFE ENVIRONMENT (2024),HQ-01b,Ordinal,1,0,,,1: Agree a lot; 2: Agree a little; 3: Disagree a little; 4: Disagree a lot,9: Omitted or invalid; Sysmis: Not administered,.: Omitted or invalid; .A: Not administered,1: Agree a lot; 2: Agree a little; 3: Disagree a little; 4: Disagree a lot; 9: Omitted or invalid; Sysmis: Not administered,1: Agree a lot; 2: Agree a little; 3: Disagree a little; 4: Disagree a lot; .: Omitted or invalid; .A: Not administered,Background Questionnaire Variables,B,
ASBLH01C,GEN\AGREE\CARES ABOUT CHILDS PROG (2024),HQ-01c,Ordinal,1,0,,,1: Agree a lot; 2: Agree a little; 3: Disagree a little; 4: Disagree a lot,9: Omitted or invalid; Sysmis: Not administered,.: Omitted or invalid; .A: Not administered,1: Agree a lot; 2: Agree a little; 3: Disagree a little; 4: Disagree a lot; 9: Omitted or invalid; Sysmis: Not administered,1: Agree a lot; 2: Agree a little; 3: Disagree a little; 4: Disagree a lot; .: Omitted or invalid; .A: Not administered,Background Questionnaire Variables,B,
ASBLH01D,GEN\AGREE\KEEPING ME INFORMED (2024),HQ-01d,Ordinal,1,0,,,1: Agree a lot; 2: Agree a little; 3: Disagree a little; 4: Disagree a lot,9: Omitted or invalid; Sysmis: Not administered,.: Omitted or invalid; .A: Not administered,1: Agree a lot; 2: Agree a little; 3: Disagree a little; 4: Disagree a lot; 9: Omitted or invalid; Sysmis: Not administered,1: Agree a lot; 2: Agree a little; 3: Disagree a little; 4: Disagree a lot; .: Omitted or invalid; .A: Not administered,Background Questionnaire Variables,B,
ASBLH01E,GEN\AGREE\PROMOTE HIGH STANDARDS (2024),HQ-01e,Ordinal,1,0,,,1: Agree a lot; 2: Agree a little; 3: Disagree a little; 4: Disagree a lot,9: Omitted or invalid; Sysmis: Not administered,.: Omitted or invalid; .A: Not administered,1: Agree a lot; 2: Agree a little; 3: Disagree a little; 4: Disagree a lot; 9: Omitted or invalid; Sysmis: Not administered,1: Agree a lot; 2: Agree a little; 3: Disagree a little; 4: Disagree a lot; .: Omitted or invalid; .A: Not administered,Background Questionnaire Variables,B,
ASBLH01F,GEN\AGREE\HELP BECOME BETTER READ (2024),HQ-01f,Ordinal,1,0,,,1: Agree a lot; 2: Agree a little; 3: Disagree a little; 4: Disagree a lot,9: Omitted or invalid; Sysmis: Not administered,.: Omitted or invalid; .A: Not administered,1: Agree a lot; 2: Agree a little; 3: Disagree a little; 4: Disagree a lot; 9: Omitted or invalid; Sysmis: Not administered,1: Agree a lot; 2: Agree a little; 3: Disagree a little; 4: Disagree a lot; .: Omitted or invalid; .A: Not administered,Background Questionnaire Variables,B,
ASBLH01G,GEN\AGREE\HELP BECOME BETTER IN MATH (2024),HQ-01g,Ordinal,1,0,,,1: Agree a lot; 2: Agree a little; 3: Disagree a little; 4: Disagree a lot,9: Omitted or invalid; Sysmis: Not administered,.: Omitted or invalid; .A: Not administered,1: Agree a lot; 2: Agree a little; 3: Disagree a little; 4: Disagree a lot; 9: Omitted or invalid; Sysmis: Not administered,1: Agree a lot; 2: Agree a little; 3: Disagree a little; 4: Disagree a lot; .: Omitted or invalid; .A: Not administered,Background Questionnaire Variables,B,
ASBLH01H,GEN\AGREE\HELP BECOME BETTER IN SCI (2024),HQ-01h,Ordinal,1,0,,,1: Agree a lot; 2: Agree a little; 3: Disagree a little; 4: Disagree a lot,9: Omitted or invalid; Sysmis: Not administered,.: Omitted or invalid; .A: Not administered,1: Agree a lot; 2: Agree a little; 3: Disagree a little; 4: Disagree a lot; 9: Omitted or invalid; Sysmis: Not administered,1: Agree a lot; 2: Agree a little; 3: Disagree a little; 4: Disagree a lot; .: Omitted or invalid; .A: Not administered,Background Questionnaire Variables,B,
ASBLH02,GEN\NUM PARENT TCH MEETINGS ATTENDED (2024),HQ-02,Nominal,1,0,,,1: All meetings; 2: Most of the meetings; 3: About half of the meetings; 4: Fewer than half of the meetings; 5: No meetings,9: Omitted or invalid; Sysmis: Not administered,.: Omitted or invalid; .A: Not administered,1: All meetings; 2: Most of the meetings; 3: About half of the meetings; 4: Fewer than half of the meetings; 5: No meetings; 9: Omitted or invalid; Sysmis: Not administered,1: All meetings; 2: Most of the meetings; 3: About half of the meetings; 4: Fewer than half of the meetings; 5: No meetings; .: Omitted or invalid; .A: Not administered,Background Questionnaire Variables,B,
ASBLH03,GEN\NUM INITIATED MEETINGS (2024),HQ-03,Nominal,1,0,,,1: More than 5 times; 2: 3 to 5 times; 3: Once or twice; 4: Never,9: Omitted or invalid; Sysmis: Not administered,.: Omitted or invalid; .A: Not administered,1: More than 5 times; 2: 3 to 5 times; 3: Once or twice; 4: Never; 9: Omitted or invalid; Sysmis: Not administered,1: More than 5 times; 2: 3 to 5 times; 3: Once or twice; 4: Never; .: Omitted or invalid; .A: Not administered,Background Questionnaire Variables,B,
ASBLH04A,GEN\PAST YR\ORGANIZED EVENT (2024),HQ-04a,Nominal,1,0,,,1: Yes; 2: No,9: Omitted or invalid; Sysmis: Not administered,.: Omitted or invalid; .A: Not administered,1: Yes; 2: No; 9: Omitted or invalid; Sysmis: Not administered,1: Yes; 2: No; .: Omitted or invalid; .A: Not administered,Background Questionnaire Variables,B,
ASBLH04B,GEN\PAST YR\ATTENDED EVENT (2024),HQ-04b,Nominal,1,0,,,1: Yes; 2: No,9: Omitted or invalid; Sysmis: Not administered,.: Omitted or invalid; .A: Not administered,1: Yes; 2: No; 9: Omitted or invalid; Sysmis: Not administered,1: Yes; 2: No; .: Omitted or invalid; .A: Not administered,Background Questionnaire Variables,B,
ASBLH04C,GEN\PAST YR\CONTACTED REP (2024),HQ-04c,Nominal,1,0,,,1: Yes; 2: No,9: Omitted or invalid; Sysmis: Not administered,.: Omitted or invalid; .A: Not administered,1: Yes; 2: No; 9: Omitted or invalid; Sysmis: Not administered,1: Yes; 2: No; .: Omitted or invalid; .A: Not administered,Background Questionnaire Variables,B,
ASBLH04D,GEN\PAST YR\SPOKEN WITH OTHER PARENTS (2024),HQ-04d,Nominal,1,0,,,1: Yes; 2: No,9: Omitted or invalid; Sysmis: Not administered,.: Omitted or invalid; .A: Not administered,1: Yes; 2: No; 9: Omitted or invalid; Sysmis: Not administered,1: Yes; 2: No; .: Omitted or invalid; .A: Not administered,Background Questionnaire Variables,B,
ASBLH05A,GEN\PAST ACTIVITY\DISCUSS CHILDS DAY (2024),HQ-05a,Nominal,1,0,,,1: Every day or almost every day; 2: Once or twice a week; 3: Once or twice a month; 4: Never or almost never,9: Omitted or invalid; Sysmis: Not administered,.: Omitted or invalid; .A: Not administered,1: Every day or almost every day; 2: Once or twice a week; 3: Once or twice a month; 4: Never or almost never; 9: Omitted or invalid; Sysmis: Not administered,1: Every day or almost every day; 2: Once or twice a week; 3: Once or twice a month; 4: Never or almost never; .: Omitted or invalid; .A: Not administered,Background Questionnaire Variables,B,
ASBLH05B,GEN\PAST ACTIVITY\PRACTICED SKILLS (2024),HQ-05b,Nominal,1,0,,,1: Every day or almost every day; 2: Once or twice a week; 3: Once or twice a month; 4: Never or almost never,9: Omitted or invalid; Sysmis: Not administered,.: Omitted or invalid; .A: Not administered,1: Every day or almost every day; 2: Once or twice a week; 3: Once or twice a month; 4: Never or almost never; 9: Omitted or invalid; Sysmis: Not administered,1: Every day or almost every day; 2: Once or twice a week; 3: Once or twice a month; 4: Never or almost never; .: Omitted or invalid; .A: Not administered,Background Questionnaire Variables,B,
ASBLH05C,GEN\PAST ACTIVITY\CREATIVE ACTIVITY (2024),HQ-05c,Nominal,1,0,,,1: Every day or almost every day; 2: Once or twice a week; 3: Once or twice a month; 4: Never or almost never,9: Omitted or invalid; Sysmis: Not administered,.: Omitted or invalid; .A: Not administered,1: Every day or almost every day; 2: Once or twice a week; 3: Once or twice a month; 4: Never or almost never; 9: Omitted or invalid; Sysmis: Not administered,1: Every day or almost every day; 2: Once or twice a week; 3: Once or twice a month; 4: Never or almost never; .: Omitted or invalid; .A: Not administered,Background Questionnaire Variables,B,
ASBLH05D,GEN\PAST ACTIVITY\VISIT TO MUSEUM OR LIBRARY (2024),HQ-05d,Nominal,1,0,,,1: Every day or almost every day; 2: Once or twice a week; 3: Once or twice a month; 4: Never or almost never,9: Omitted or invalid; Sysmis: Not administered,.: Omitted or invalid; .A: Not administered,1: Every day or almost every day; 2: Once or twice a week; 3: Once or twice a month; 4: Never or almost never; 9: Omitted or invalid; Sysmis: Not administered,1: Every day or almost every day; 2: Once or twice a week; 3: Once or twice a month; 4: Never or almost never; .: Omitted or invalid; .A: Not administered,Background Questionnaire Variables,B,
ASBLH06A,GEN\HOMEWORK\CHECK COMPLETED (2024),HQ-06a,Nominal,1,0,,,1: Often; 2: Sometimes; 3: Never or almost never,9: Omitted or invalid; Sysmis: Not administered,.: Omitted or invalid; .A: Not administered,1: Often; 2: Sometimes; 3: Never or almost never; 9: Omitted or invalid; Sysmis: Not administered,1: Often; 2: Sometimes; 3: Never or almost never; .: Omitted or invalid; .A: Not administered,Background Questionnaire Variables,B,
ASBLH06B,GEN\HOMEWORK\HELPED (2024),HQ-06b,Nominal,1,0,,,1: Often; 2: Sometimes; 3: Never or almost never,9: Omitted or invalid; Sysmis: Not administered,.: Omitted or invalid; .A: Not administered,1: Often; 2: Sometimes; 3: Never or almost never; 9: Omitted or invalid; Sysmis: Not administered,1: Often; 2: Sometimes; 3: Never or almost never; .: Omitted or invalid; .A: Not administered,Background Questionnaire Variables,B,
ASBLH07A,GEN\HOW OFTEN\DISCUSS ENVIRONMENT (2024),HQ-07a,Ordinal,1,0,,,1: Every day; 2: Almost every day; 3: Sometimes; 4: Never,9: Omitted or invalid; Sysmis: Not administered,.: Omitted or invalid; .A: Not administered,1: Every day; 2: Almost every day; 3: Sometimes; 4: Never; 9: Omitted or invalid; Sysmis: Not administered,1: Every day; 2: Almost every day; 3: Sometimes; 4: Never; .: Omitted or invalid; .A: Not administered,Background Questionnaire Variables,B,
ASBLH07B,GEN\HOW OFTEN\READ INFORMATION (2024),HQ-07b,Ordinal,1,0,,,1: Every day; 2: Almost every day; 3: Sometimes; 4: Never,9: Omitted or invalid; Sysmis: Not administered,.: Omitted or invalid; .A: Not administered,1: Every day; 2: Almost every day; 3: Sometimes; 4: Never; 9: Omitted or invalid; Sysmis: Not administered,1: Every day; 2: Almost every day; 3: Sometimes; 4: Never; .: Omitted or invalid; .A: Not administered,Background Questionnaire Variables,B,
ASBLH07C,GEN\HOW OFTEN\SAVE RESOURCES (2024),HQ-07c,Ordinal,1,0,,,1: Every day; 2: Almost every day; 3: Sometimes; 4: Never,9: Omitted or invalid; Sysmis: Not administered,.: Omitted or invalid; .A: Not administered,1: Every day; 2: Almost every day; 3: Sometimes; 4: Never; 9: Omitted or invalid; Sysmis: Not administered,1: Every day; 2: Almost every day; 3: Sometimes; 4: Never; .: Omitted or invalid; .A: Not administered,Background Questionnaire Variables,B,
ASBLH07D,GEN\HOW OFTEN\TIME IN NATURE (2024),HQ-07d,Ordinal,1,0,,,1: Every day; 2: Almost every day; 3: Sometimes; 4: Never,9: Omitted or invalid; Sysmis: Not administered,.: Omitted or invalid; .A: Not administered,1: Every day; 2: Almost every day; 3: Sometimes; 4: Never; 9: Omitted or invalid; Sysmis: Not administered,1: Every day; 2: Almost every day; 3: Sometimes; 4: Never; .: Omitted or invalid; .A: Not administered,Background Questionnaire Variables,B,
ASBLH07E,GEN\HOW OFTEN\ENCOURAGE ACTION (2024),HQ-07e,Ordinal,1,0,,,1: Every day; 2: Almost every day; 3: Sometimes; 4: Never,9: Omitted or invalid; Sysmis: Not administered,.: Omitted or invalid; .A: Not administered,1: Every day; 2: Almost every day; 3: Sometimes; 4: Never; 9: Omitted or invalid; Sysmis: Not administered,1: Every day; 2: Almost every day; 3: Sometimes; 4: Never; .: Omitted or invalid; .A: Not administered,Background Questionnaire Variables,B,
ASBLH08,GEN\AMOUNT OF BOOKS AT HOME (2024),HQ-08,Ordinal,1,0,,,1: 0–10; 2: 11–25; 3: 26–100; 4: 101–200; 5: More than 200,9: Omitted or invalid; Sysmis: Not administered,.: Omitted or invalid; .A: Not administered,1: 0–10; 2: 11–25; 3: 26–100; 4: 101–200; 5: More than 200; 9: Omitted or invalid; Sysmis: Not administered,1: 0–10; 2: 11–25; 3: 26–100; 4: 101–200; 5: More than 200; .: Omitted or invalid; .A: Not administered,Background Questionnaire Variables,B,
ASBLH09,GEN\AMOUNT OF BOOKS FOR CHILDREN AT HOME (2024),HQ-09,Ordinal,1,0,,,1: 0–10; 2: 11–25; 3: 26–50; 4: 51–100; 5: More than 100,9: Omitted or invalid; Sysmis: Not administered,.: Omitted or invalid; .A: Not administered,1: 0–10; 2: 11–25; 3: 26–50; 4: 51–100; 5: More than 100; 9: Omitted or invalid; Sysmis: Not administered,1: 0–10; 2: 11–25; 3: 26–50; 4: 51–100; 5: More than 100; .: Omitted or invalid; .A: Not administered,Background Questionnaire Variables,B,
ASBLH10A,GEN\DIGITAL RESOURCES\COMPUTER OR LAPTOP (2024),HQ-10a,Nominal,1,0,,,1: Yes; 2: No,9: Omitted or invalid; Sysmis: Not administered,.: Omitted or invalid; .A: Not administered,1: Yes; 2: No; 9: Omitted or invalid; Sysmis: Not administered,1: Yes; 2: No; .: Omitted or invalid; .A: Not administered,Background Questionnaire Variables,B,
ASBLH10B,GEN\DIGITAL RESOURCES\TABLET OR EREADER (2024),HQ-10b,Nominal,1,0,,,1: Yes; 2: No,9: Omitted or invalid; Sysmis: Not administered,.: Omitted or invalid; .A: Not administered,1: Yes; 2: No; 9: Omitted or invalid; Sysmis: Not administered,1: Yes; 2: No; .: Omitted or invalid; .A: Not administered,Background Questionnaire Variables,B,
ASBLH10C,GEN\DIGITAL RESOURCES\INTERNET ACCESS (2024),HQ-10c,Nominal,1,0,,,1: Yes; 2: No,9: Omitted or invalid; Sysmis: Not administered,.: Omitted or invalid; .A: Not administered,1: Yes; 2: No; 9: Omitted or invalid; Sysmis: Not administered,1: Yes; 2: No; .: Omitted or invalid; .A: Not administered,Background Questionnaire Variables,B,
ASBLH11AA,GEN\LANGUAGE SPOKEN\<LANGUAGE OF TEST>\<PARENT/GUARDIAN A> (2024),HQ-11Aa,Nominal,1,0,,,1: Checked; 2: Not Checked,9: Omitted or invalid; 6: Logically not applicable; Sysmis: Not administered,.: Omitted or invalid; .A: Not administered; .B: Logically not applicable,1: Checked; 2: Not Checked; 9: Omitted or invalid; 6: Logically not applicable; Sysmis: Not administered,1: Checked; 2: Not Checked; .: Omitted or invalid; .A: Not administered; .B: Logically not applicable,Background Questionnaire Variables,B,
ASBLH11AB,GEN\LANGUAGE SPOKEN\<LANGUAGE OF TEST>\<PARENT/GUARDIAN B> (2024),HQ-11Ab,Nominal,1,0,,,1: Checked; 2: Not Checked,9: Omitted or invalid; 6: Logically not applicable; Sysmis: Not administered,.: Omitted or invalid; .A: Not administered; .B: Logically not applicable,1: Checked; 2: Not Checked; 9: Omitted or invalid; 6: Logically not applicable; Sysmis: Not administered,1: Checked; 2: Not Checked; .: Omitted or invalid; .A: Not administered; .B: Logically not applicable,Background Questionnaire Variables,B,
ASBLH11BA,GEN\LANGUAGE SPOKEN\<COUNTRY-SPECIFIC>\<PARENT/GUARDIAN A> (2024),HQ-11Ba,Nominal,1,0,,,1: Checked; 2: Not Checked,9: Omitted or invalid; 6: Logically not applicable; Sysmis: Not administered,.: Omitted or invalid; .A: Not administered; .B: Logically not applicable,1: Checked; 2: Not Checked; 9: Omitted or invalid; 6: Logically not applicable; Sysmis: Not administered,1: Checked; 2: Not Checked; .: Omitted or invalid; .A: Not administered; .B: Logically not applicable,Background Questionnaire Variables,B,
ASBLH11BB,GEN\LANGUAGE SPOKEN\<COUNTRY-SPECIFIC>\<PARENT/GUARDIAN B> (2024),HQ-11Bb,Nominal,1,0,,,1: Checked; 2: Not Checked,9: Omitted or invalid; 6: Logically not applicable; Sysmis: Not administered,.: Omitted or invalid; .A: Not administered; .B: Logically not applicable,1: Checked; 2: Not Checked; 9: Omitted or invalid; 6: Logically not applicable; Sysmis: Not administered,1: Checked; 2: Not Checked; .: Omitted or invalid; .A: Not administered; .B: Logically not applicable,Background Questionnaire Variables,B,
ASBLH11CA,GEN\LANGUAGE SPOKEN\<COUNTRY-SPECIFIC>\<PARENT/GUARDIAN A> (2024),HQ-11Ca,Nominal,1,0,,,1: Checked; 2: Not Checked,9: Omitted or invalid; 6: Logically not applicable; Sysmis: Not administered,.: Omitted or invalid; .A: Not administered; .B: Logically not applicable,1: Checked; 2: Not Checked; 9: Omitted or invalid; 6: Logically not applicable; Sysmis: Not administered,1: Checked; 2: Not Checked; .: Omitted or invalid; .A: Not administered; .B: Logically not applicable,Background Questionnaire Variables,B,
ASBLH11CB,GEN\LANGUAGE SPOKEN\<COUNTRY-SPECIFIC>\<PARENT/GUARDIAN B> (2024),HQ-11Cb,Nominal,1,0,,,1: Checked; 2: Not Checked,9: Omitted or invalid; 6: Logically not applicable; Sysmis: Not administered,.: Omitted or invalid; .A: Not administered; .B: Logically not applicable,1: Checked; 2: Not Checked; 9: Omitted or invalid; 6: Logically not applicable; Sysmis: Not administered,1: Checked; 2: Not Checked; .: Omitted or invalid; .A: Not administered; .B: Logically not applicable,Background Questionnaire Variables,B,
ASBLH11DA,GEN\LANGUAGE SPOKEN\<COUNTRY-SPECIFIC>\<PARENT/GUARDIAN A> (2024),HQ-11Da,Nominal,1,0,,,1: Checked; 2: Not Checked,9: Omitted or invalid; 6: Logically not applicable; Sysmis: Not administered,.: Omitted or invalid; .A: Not administered; .B: Logically not applicable,1: Checked; 2: Not Checked; 9: Omitted or invalid; 6: Logically not applicable; Sysmis: Not administered,1: Checked; 2: Not Checked; .: Omitted or invalid; .A: Not administered; .B: Logically not applicable,Background Questionnaire Variables,B,
ASBLH11DB,GEN\LANGUAGE SPOKEN\<COUNTRY-SPECIFIC>\<PARENT/GUARDIAN B> (2024),HQ-11Db,Nominal,1,0,,,1: Checked; 2: Not Checked,9: Omitted or invalid; 6: Logically not applicable; Sysmis: Not administered,.: Omitted or invalid; .A: Not administered; .B: Logically not applicable,1: Checked; 2: Not Checked; 9: Omitted or invalid; 6: Logically not applicable; Sysmis: Not administered,1: Checked; 2: Not Checked; .: Omitted or invalid; .A: Not administered; .B: Logically not applicable,Background Questionnaire Variables,B,
ASBLH11EA,GEN\LANGUAGE SPOKEN\<COUNTRY-SPECIFIC>\<PARENT/GUARDIAN A> (2024),HQ-11Ea,Nominal,1,0,,,1: Checked; 2: Not Checked,9: Omitted or invalid; 6: Logically not applicable; Sysmis: Not administered,.: Omitted or invalid; .A: Not administered; .B: Logically not applicable,1: Checked; 2: Not Checked; 9: Omitted or invalid; 6: Logically not applicable; Sysmis: Not administered,1: Checked; 2: Not Checked; .: Omitted or invalid; .A: Not administered; .B: Logically not applicable,Background Questionnaire Variables,B,
ASBLH11EB,GEN\LANGUAGE SPOKEN\<COUNTRY-SPECIFIC>\<PARENT/GUARDIAN B> (2024),HQ-11Eb,Nominal,1,0,,,1: Checked; 2: Not Checked,9: Omitted or invalid; 6: Logically not applicable; Sysmis: Not administered,.: Omitted or invalid; .A: Not administered; .B: Logically not applicable,1: Checked; 2: Not Checked; 9: Omitted or invalid; 6: Logically not applicable; Sysmis: Not administered,1: Checked; 2: Not Checked; .: Omitted or invalid; .A: Not administered; .B: Logically not applicable,Background Questionnaire Variables,B,
ASBLH11FA,GEN\LANGUAGE SPOKEN\OTHER\<PARENT/GUARDIAN A> (2024),HQ-11Fa,Nominal,1,0,,,1: Checked; 2: Not Checked,9: Omitted or invalid; 6: Logically not applicable; Sysmis: Not administered,.: Omitted or invalid; .A: Not administered; .B: Logically not applicable,1: Checked; 2: Not Checked; 9: Omitted or invalid; 6: Logically not applicable; Sysmis: Not administered,1: Checked; 2: Not Checked; .: Omitted or invalid; .A: Not administered; .B: Logically not applicable,Background Questionnaire Variables,B,
ASBLH11FB,GEN\LANGUAGE SPOKEN\OTHER\<PARENT/GUARDIAN B> (2024),HQ-11Fb,Nominal,1,0,,,1: Checked; 2: Not Checked,9: Omitted or invalid; 6: Logically not applicable; Sysmis: Not administered,.: Omitted or invalid; .A: Not administered; .B: Logically not applicable,1: Checked; 2: Not Checked; 9: Omitted or invalid; 6: Logically not applicable; Sysmis: Not administered,1: Checked; 2: Not Checked; .: Omitted or invalid; .A: Not administered; .B: Logically not applicable,Background Questionnaire Variables,B,
ASBLH11GA,GEN\LANGUAGE SPOKEN\NOT APPLICABLE\<PARENT/GUARDIAN A> (2024),HQ-11Ga,Nominal,1,0,,,1: Checked,9: Omitted or invalid; 6: Logically not applicable; Sysmis: Not administered,.: Omitted or invalid; .A: Not administered; .B: Logically not applicable,1: Checked; 9: Omitted or invalid; 6: Logically not applicable; Sysmis: Not administered,1: Checked; .: Omitted or invalid; .A: Not administered; .B: Logically not applicable,Background Questionnaire Variables,B,
ASBLH11GB,GEN\LANGUAGE SPOKEN\NOT APPLICABLE\<PARENT/GUARDIAN B> (2024),HQ-11Gb,Nominal,1,0,,,1: Checked,9: Omitted or invalid; 6: Logically not applicable; Sysmis: Not administered,.: Omitted or invalid; .A: Not administered; .B: Logically not applicable,1: Checked; 9: Omitted or invalid; 6: Logically not applicable; Sysmis: Not administered,1: Checked; .: Omitted or invalid; .A: Not administered; .B: Logically not applicable,Background Questionnaire Variables,B,
ASBLH12,GEN\HOW OFTEN DOES CHILD SPEAK LANGUAGE AT HOME (2024),HQ-12,Ordinal,1,0,,,1: Always; 2: Almost always; 3: Sometimes; 4: Never,9: Omitted or invalid; Sysmis: Not administered,.: Omitted or invalid; .A: Not administered,1: Always; 2: Almost always; 3: Sometimes; 4: Never; 9: Omitted or invalid; Sysmis: Not administered,1: Always; 2: Almost always; 3: Sometimes; 4: Never; .: Omitted or invalid; .A: Not administered,Background Questionnaire Variables,B,
ASBLH13A,GEN\LVL OF EDUCATION\<PARENT/GUARDIAN A> (2024),HQ-13a,Ordinal,2,0,,,"1: Did not go to school; 2: Some <Primary education—ISCED Level 1 or Lower secondary education—ISCED Level 2>; 3: <Lower secondary education—ISCED Level 2>; 4: <Upper secondary education—ISCED Level 3>; 5: <Post-secondary, non-tertiary education—ISCED Level 4>; 6: <Short-cycle tertiary education—ISCED Level 5>; 7: <Bachelor’s or equivalent level—ISCED Level 6>; 8: <Postgraduate degree: Master’s—ISCED Level 7 or Doctor—ISCED Level 8>; 9: Not applicable",99: Omitted or invalid; Sysmis: Not administered,.: Omitted or invalid; .A: Not administered,"1: Did not go to school; 2: Some <Primary education—ISCED Level 1 or Lower secondary education—ISCED Level 2>; 3: <Lower secondary education—ISCED Level 2>; 4: <Upper secondary education—ISCED Level 3>; 5: <Post-secondary, non-tertiary education—ISCED Level 4>; 6: <Short-cycle tertiary education—ISCED Level 5>; 7: <Bachelor’s or equivalent level—ISCED Level 6>; 8: <Postgraduate degree: Master’s—ISCED Level 7 or Doctor—ISCED Level 8>; 9: Not applicable; 99: Omitted or invalid; Sysmis: Not administered","1: Did not go to school; 2: Some <Primary education—ISCED Level 1 or Lower secondary education—ISCED Level 2>; 3: <Lower secondary education—ISCED Level 2>; 4: <Upper secondary education—ISCED Level 3>; 5: <Post-secondary, non-tertiary education—ISCED Level 4>; 6: <Short-cycle tertiary education—ISCED Level 5>; 7: <Bachelor’s or equivalent level—ISCED Level 6>; 8: <Postgraduate degree: Master’s—ISCED Level 7 or Doctor—ISCED Level 8>; 9: Not applicable; .: Omitted or invalid; .A: Not administered",Background Questionnaire Variables,B,
ASBLH13B,GEN\LVL OF EDUCATION\<PARENT/GUARDIAN B> (2024),HQ-13b,Ordinal,2,0,,,"1: Did not go to school; 2: Some <Primary education—ISCED Level 1 or Lower secondary education—ISCED Level 2>; 3: <Lower secondary education—ISCED Level 2>; 4: <Upper secondary education—ISCED Level 3>; 5: <Post-secondary, non-tertiary education—ISCED Level 4>; 6: <Short-cycle tertiary education—ISCED Level 5>; 7: <Bachelor’s or equivalent level—ISCED Level 6>; 8: <Postgraduate degree: Master’s—ISCED Level 7 or Doctor—ISCED Level 8>; 9: Not applicable",99: Omitted or invalid; Sysmis: Not administered,.: Omitted or invalid; .A: Not administered,"1: Did not go to school; 2: Some <Primary education—ISCED Level 1 or Lower secondary education—ISCED Level 2>; 3: <Lower secondary education—ISCED Level 2>; 4: <Upper secondary education—ISCED Level 3>; 5: <Post-secondary, non-tertiary education—ISCED Level 4>; 6: <Short-cycle tertiary education—ISCED Level 5>; 7: <Bachelor’s or equivalent level—ISCED Level 6>; 8: <Postgraduate degree: Master’s—ISCED Level 7 or Doctor—ISCED Level 8>; 9: Not applicable; 99: Omitted or invalid; Sysmis: Not administered","1: Did not go to school; 2: Some <Primary education—ISCED Level 1 or Lower secondary education—ISCED Level 2>; 3: <Lower secondary education—ISCED Level 2>; 4: <Upper secondary education—ISCED Level 3>; 5: <Post-secondary, non-tertiary education—ISCED Level 4>; 6: <Short-cycle tertiary education—ISCED Level 5>; 7: <Bachelor’s or equivalent level—ISCED Level 6>; 8: <Postgraduate degree: Master’s—ISCED Level 7 or Doctor—ISCED Level 8>; 9: Not applicable; .: Omitted or invalid; .A: Not administered",Background Questionnaire Variables,B,
ASBLH14,GEN\LVL OF EDUCATION\CHILD (2024),HQ-14,Ordinal,1,0,,,"1: Finish <Lower secondary education—ISCED Level 2>; 2: Finish <Upper secondary education—ISCED Level 3>; 3: Finish <Post-secondary, non-tertiary education—ISCED Level 4>; 4: Finish <Short-cycle tertiary education —ISCED Level 5>; 5: Finish <Bachelor’s or equivalent level—ISCED Level 6>; 6: Finish <Postgraduate degree: Master’s—ISCED Level 7 or Doctor—ISCED Level 8>",9: Omitted or invalid; Sysmis: Not administered,.: Omitted or invalid; .A: Not administered,"1: Finish <Lower secondary education—ISCED Level 2>; 2: Finish <Upper secondary education—ISCED Level 3>; 3: Finish <Post-secondary, non-tertiary education—ISCED Level 4>; 4: Finish <Short-cycle tertiary education —ISCED Level 5>; 5: Finish <Bachelor’s or equivalent level—ISCED Level 6>; 6: Finish <Postgraduate degree: Master’s—ISCED Level 7 or Doctor—ISCED Level 8>; 9: Omitted or invalid; Sysmis: Not administered","1: Finish <Lower secondary education—ISCED Level 2>; 2: Finish <Upper secondary education—ISCED Level 3>; 3: Finish <Post-secondary, non-tertiary education—ISCED Level 4>; 4: Finish <Short-cycle tertiary education —ISCED Level 5>; 5: Finish <Bachelor’s or equivalent level—ISCED Level 6>; 6: Finish <Postgraduate degree: Master’s—ISCED Level 7 or Doctor—ISCED Level 8>; .: Omitted or invalid; .A: Not administered",Background Questionnaire Variables,B,
ASBLH15A,GEN\WHAT KIND OF MAIN JOB\<PARENT/GUARDIAN A> (2024),HQ-15a,Nominal,2,0,,,1: Has never worked for pay; 2: Small Business Owner; 3: Clerical Worker; 4: Service or Sales Worker; 5: Skilled Agricultural or Fishery Worker; 6: Craft or Trade Worker; 7: Plant or Machine Operator; 8: General Laborers; 9: Corporate Manager or Senior Official; 10: Professional; 11: Technician or Associate Professional; 12: Not applicable,99: Omitted or invalid; Sysmis: Not administered,.: Omitted or invalid; .A: Not administered,1: Has never worked for pay; 2: Small Business Owner; 3: Clerical Worker; 4: Service or Sales Worker; 5: Skilled Agricultural or Fishery Worker; 6: Craft or Trade Worker; 7: Plant or Machine Operator; 8: General Laborers; 9: Corporate Manager or Senior Official; 10: Professional; 11: Technician or Associate Professional; 12: Not applicable; 99: Omitted or invalid; Sysmis: Not administered,1: Has never worked for pay; 2: Small Business Owner; 3: Clerical Worker; 4: Service or Sales Worker; 5: Skilled Agricultural or Fishery Worker; 6: Craft or Trade Worker; 7: Plant or Machine Operator; 8: General Laborers; 9: Corporate Manager or Senior Official; 10: Professional; 11: Technician or Associate Professional; 12: Not applicable; .: Omitted or invalid; .A: Not administered,Background Questionnaire Variables,B,
ASBLH15B,GEN\WHAT KIND OF MAIN JOB\<PARENT/GUARDIAN B> (2024),HQ-15b,Nominal,2,0,,,1: Has never worked for pay; 2: Small Business Owner; 3: Clerical Worker; 4: Service or Sales Worker; 5: Skilled Agricultural or Fishery Worker; 6: Craft or Trade Worker; 7: Plant or Machine Operator; 8: General Laborers; 9: Corporate Manager or Senior Official; 10: Professional; 11: Technician or Associate Professional; 12: Not applicable,99: Omitted or invalid; Sysmis: Not administered,.: Omitted or invalid; .A: Not administered,1: Has never worked for pay; 2: Small Business Owner; 3: Clerical Worker; 4: Service or Sales Worker; 5: Skilled Agricultural or Fishery Worker; 6: Craft or Trade Worker; 7: Plant or Machine Operator; 8: General Laborers; 9: Corporate Manager or Senior Official; 10: Professional; 11: Technician or Associate Professional; 12: Not applicable; 99: Omitted or invalid; Sysmis: Not administered,1: Has never worked for pay; 2: Small Business Owner; 3: Clerical Worker; 4: Service or Sales Worker; 5: Skilled Agricultural or Fishery Worker; 6: Craft or Trade Worker; 7: Plant or Machine Operator; 8: General Laborers; 9: Corporate Manager or Senior Official; 10: Professional; 11: Technician or Associate Professional; 12: Not applicable; .: Omitted or invalid; .A: Not administered,Background Questionnaire Variables,B,
ASBGHRL,Home Resources for Learning/SCL (2023),BG Scale,Scale,12,5,,,,999999: Omitted or invalid; SYSMIS: Not administered,.: Omitted or invalid; .A: Not administered,999999: Omitted or invalid; SYSMIS: Not administered,.: Omitted or invalid; .A: Not administered,BG Scales and Indices,ISC_D,
ASDGHRL,Home Resources for Learning/IDX (2023),BG Scale,Nominal,1,0,,,1: Many Resources; 2: Some Resources; 3: Few Resources,9: Omitted or invalid; SYSMIS: Not administered,.: Omitted or invalid; .A: Not administered,1: Many Resources; 2: Some Resources; 3: Few Resources; 9: Omitted or invalid; SYSMIS: Not administered,1: Many Resources; 2: Some Resources; 3: Few Resources; .: Omitted or invalid; .A: Not administered,BG Scales and Indices,ISC_D,
ASBHSES,Home Socioeconomic Status/SCL (2023),BG Scale,Scale,12,5,,,,999999: Omitted or invalid; SYSMIS: Not administered,.: Omitted or invalid; .A: Not administered,999999: Omitted or invalid; SYSMIS: Not administered,.: Omitted or invalid; .A: Not administered,BG Scales and Indices,ISC_D,
ASDHSES,Home Socioeconomic Status/IDX (2023),BG Scale,Nominal,1,0,,,1: Higher; 2: Middle; 3: Lower,9: Omitted or invalid; SYSMIS: Not administered,.: Omitted or invalid; .A: Not administered,1: Higher; 2: Middle; 3: Lower; 9: Omitted or invalid; SYSMIS: Not administered,1: Higher; 2: Middle; 3: Lower; .: Omitted or invalid; .A: Not administered,BG Scales and Indices,ISC_D,
ASBHELA,Early Literacy Activities Before School/SCL (2023),BG Scale,Scale,12,5,,,,999999: Omitted or invalid; SYSMIS: Not administered,.: Omitted or invalid; .A: Not administered,999999: Omitted or invalid; SYSMIS: Not administered,.: Omitted or invalid; .A: Not administered,BG Scales and Indices,ISC_D,
ASDHELA,Early Literacy Activities Before School/IDX (2023),BG Scale,Nominal,1,0,,,1: Very Often; 2: Often; 3: Sometimes,9: Omitted or invalid; SYSMIS: Not administered,.: Omitted or invalid; .A: Not administered,1: Very Often; 2: Often; 3: Sometimes; 9: Omitted or invalid; SYSMIS: Not administered,1: Very Often; 2: Often; 3: Sometimes; .: Omitted or invalid; .A: Not administered,BG Scales and Indices,ISC_D,
ASBHENA,Early Numeracy Activities Before School/SCL (2023),BG Scale,Scale,12,5,,,,999999: Omitted or invalid; SYSMIS: Not administered,.: Omitted or invalid; .A: Not administered,999999: Omitted or invalid; SYSMIS: Not administered,.: Omitted or invalid; .A: Not administered,BG Scales and Indices,ISC_D,
ASDHENA,Early Numeracy Activities Before School/IDX (2023),BG Scale,Nominal,1,0,,,1: Very Often; 2: Often; 3: Sometimes,9: Omitted or invalid; SYSMIS: Not administered,.: Omitted or invalid; .A: Not administered,1: Very Often; 2: Often; 3: Sometimes; 9: Omitted or invalid; SYSMIS: Not administered,1: Very Often; 2: Often; 3: Sometimes; .: Omitted or invalid; .A: Not administered,BG Scales and Indices,ISC_D,
ASBHELN,Early Literacy and Numeracy Activities Before School/SCL (2023),BG Scale,Scale,12,5,,,,999999: Omitted or invalid; SYSMIS: Not administered,.: Omitted or invalid; .A: Not administered,999999: Omitted or invalid; SYSMIS: Not administered,.: Omitted or invalid; .A: Not administered,BG Scales and Indices,ISC_D,
ASDHELN,Early Literacy and Numeracy Activities Before School/IDX (2023),BG Scale,Nominal,1,0,,,1: Very Often; 2: Often; 3: Sometimes,9: Omitted or invalid; SYSMIS: Not administered,.: Omitted or invalid; .A: Not administered,1: Very Often; 2: Often; 3: Sometimes; 9: Omitted or invalid; SYSMIS: Not administered,1: Very Often; 2: Often; 3: Sometimes; .: Omitted or invalid; .A: Not administered,BG Scales and Indices,ISC_D,
ASBHELT,Early Literacy Tasks Beginning School/SCL (2023),BG Scale,Scale,12,5,,,,999999: Omitted or invalid; SYSMIS: Not administered,.: Omitted or invalid; .A: Not administered,999999: Omitted or invalid; SYSMIS: Not administered,.: Omitted or invalid; .A: Not administered,BG Scales and Indices,ISC_D,
ASDHELT,Early Literacy Tasks Beginning School/IDX (2023),BG Scale,Nominal,1,0,,,1: Very Well; 2: Moderately Well; 3: Not Well,9: Omitted or invalid; SYSMIS: Not administered,.: Omitted or invalid; .A: Not administered,1: Very Well; 2: Moderately Well; 3: Not Well; 9: Omitted or invalid; SYSMIS: Not administered,1: Very Well; 2: Moderately Well; 3: Not Well; .: Omitted or invalid; .A: Not administered,BG Scales and Indices,ISC_D,
ASBHENT,Early Numeracy Tasks Beginning School/SCL (2023),BG Scale,Scale,12,5,,,,999999: Omitted or invalid; SYSMIS: Not administered,.: Omitted or invalid; .A: Not administered,999999: Omitted or invalid; SYSMIS: Not administered,.: Omitted or invalid; .A: Not administered,BG Scales and Indices,ISC_D,
ASDHENT,Early Numeracy Tasks Beginning School/IDX (2023),BG Scale,Nominal,1,0,,,1: Very Well; 2: Moderately Well; 3: Not Well,9: Omitted or invalid; SYSMIS: Not administered,.: Omitted or invalid; .A: Not administered,1: Very Well; 2: Moderately Well; 3: Not Well; 9: Omitted or invalid; SYSMIS: Not administered,1: Very Well; 2: Moderately Well; 3: Not Well; .: Omitted or invalid; .A: Not administered,BG Scales and Indices,ISC_D,
ASBHLNT,Early Literacy and Numeracy Tasks Beginning School/SCL (2023),BG Scale,Scale,12,5,,,,999999: Omitted or invalid; SYSMIS: Not administered,.: Omitted or invalid; .A: Not administered,999999: Omitted or invalid; SYSMIS: Not administered,.: Omitted or invalid; .A: Not administered,BG Scales and Indices,ISC_D,
ASDHLNT,Early Literacy and Numeracy Tasks Beginning School/IDX (2023),BG Scale,Nominal,1,0,,,1: Very Well; 2: Moderately Well; 3: Not Well,9: Omitted or invalid; SYSMIS: Not administered,.: Omitted or invalid; .A: Not administered,1: Very Well; 2: Moderately Well; 3: Not Well; 9: Omitted or invalid; SYSMIS: Not administered,1: Very Well; 2: Moderately Well; 3: Not Well; .: Omitted or invalid; .A: Not administered,BG Scales and Indices,ISC_D,
ASBHPSP,Parents Perceptions of Their Child School/SCL (2023),BG Scale,Scale,12,5,,,,999999: Omitted or invalid; SYSMIS: Not administered,.: Omitted or invalid; .A: Not administered,999999: Omitted or invalid; SYSMIS: Not administered,.: Omitted or invalid; .A: Not administered,BG Scales and Indices,ISC_D,
ASDHPSP,Parents Perceptions of Their Child School/IDX (2023),BG Scale,Nominal,1,0,,,1: Very Satisfied; 2: Somewhat Satisfied; 3: Less than Satisfied,9: Omitted or invalid; SYSMIS: Not administered,.: Omitted or invalid; .A: Not administered,1: Very Satisfied; 2: Somewhat Satisfied; 3: Less than Satisfied; 9: Omitted or invalid; SYSMIS: Not administered,1: Very Satisfied; 2: Somewhat Satisfied; 3: Less than Satisfied; .: Omitted or invalid; .A: Not administered,BG Scales and Indices,ISC_D,
ASBLGHRL,Home Resources for Learning/SCL (2024),BG Scale,Scale,12,5,,,,999999: Omitted or invalid; SYSMIS: Not administered,.: Omitted or invalid; .A: Not administered,999999: Omitted or invalid; SYSMIS: Not administered,.: Omitted or invalid; .A: Not administered,BG Scales and Indices,ISC_D,
ASDLGHRL,Home Resources for Learning/IDX (2024),BG Scale,Nominal,1,0,,,1: Many Resources; 2: Some Resources; 3: Few Resources,9: Omitted or invalid; SYSMIS: Not administered,.: Omitted or invalid; .A: Not administered,1: Many Resources; 2: Some Resources; 3: Few Resources; 9: Omitted or invalid; SYSMIS: Not administered,1: Many Resources; 2: Some Resources; 3: Few Resources; .: Omitted or invalid; .A: Not administered,BG Scales and Indices,ISC_D,
ASBLHSES,Home Socioeconomic Status/SCL (2024),BG Scale,Scale,12,5,,,,999999: Omitted or invalid; SYSMIS: Not administered,.: Omitted or invalid; .A: Not administered,999999: Omitted or invalid; SYSMIS: Not administered,.: Omitted or invalid; .A: Not administered,BG Scales and Indices,ISC_D,
ASDLHSES,Home Socioeconomic Status/IDX (2024),BG Scale,Nominal,1,0,,,1: Higher; 2: Middle; 3: Lower,9: Omitted or invalid; SYSMIS: Not administered,.: Omitted or invalid; .A: Not administered,1: Higher; 2: Middle; 3: Lower; 9: Omitted or invalid; SYSMIS: Not administered,1: Higher; 2: Middle; 3: Lower; .: Omitted or invalid; .A: Not administered,BG Scales and Indices,ISC_D,
ASBLHPSP,Parents Perceptions of Their Child School/SCL (2024),BG Scale,Scale,12,5,,,,999999: Omitted or invalid; SYSMIS: Not administered,.: Omitted or invalid; .A: Not administered,999999: Omitted or invalid; SYSMIS: Not administered,.: Omitted or invalid; .A: Not administered,BG Scales and Indices,ISC_D,
ASDLHPSP,Parents Perceptions of Their Child School/IDX (2024),BG Scale,Nominal,1,0,,,1: Very Satisfied; 2: Somewhat Satisfied; 3: Less than Satisfied,9: Omitted or invalid; SYSMIS: Not administered,.: Omitted or invalid; .A: Not administered,1: Very Satisfied; 2: Somewhat Satisfied; 3: Less than Satisfied; 9: Omitted or invalid; SYSMIS: Not administered,1: Very Satisfied; 2: Somewhat Satisfied; 3: Less than Satisfied; .: Omitted or invalid; .A: Not administered,BG Scales and Indices,ISC_D,
ASBLHPAC,Parents Activities with Their Child/SCL (2024),BG Scale,Scale,12,5,,,,999999: Omitted or invalid; SYSMIS: Not administered,.: Omitted or invalid; .A: Not administered,999999: Omitted or invalid; SYSMIS: Not administered,.: Omitted or invalid; .A: Not administered,BG Scales and Indices,ISC_D,
ASDLHPAC,Parents Activities with Their Child/IDX (2024),BG Scale,Nominal,1,0,,,1: Very Often; 2: Often; 3: Sometimes,9: Omitted or invalid; SYSMIS: Not administered,.: Omitted or invalid; .A: Not administered,1: Very Often; 2: Often; 3: Sometimes; 9: Omitted or invalid; SYSMIS: Not administered,1: Very Often; 2: Often; 3: Sometimes; .: Omitted or invalid; .A: Not administered,BG Scales and Indices,ISC_D,
ASDHAPS,Student Attended Preprimary Education (2023),Derived,Not defined,1,0,,,1: Did Not Attend; 2: 1 Year or Less; 3: 2 Years; 4: 3 Years or More,9: Omitted or invalid; SYSMIS: Not administered,.: Omitted or invalid; .A: Not administered,1: Did Not Attend; 2: 1 Year or Less; 3: 2 Years; 4: 3 Years or More; 9: Omitted or invalid; SYSMIS: Not administered,1: Did Not Attend; 2: 1 Year or Less; 3: 2 Years; 4: 3 Years or More; .: Omitted or invalid; .A: Not administered,Derived,ISC_D,
ASDHEDUP,Parents' Highest Education Level (2023),Derived,Not defined,1,0,,,1: University or Higher; 2: Post-Secondary Education but not University; 3: Upper Secondary; 4: Lower Secondary; 5: Some Primary or Lower Secondary or Did not go to School; 6: Not Applicable,9: Omitted or invalid; SYSMIS: Not administered,.: Omitted or invalid; .A: Not administered,1: University or Higher; 2: Post-Secondary Education but not University; 3: Upper Secondary; 4: Lower Secondary; 5: Some Primary or Lower Secondary or Did not go to School; 6: Not Applicable; 9: Omitted or invalid; SYSMIS: Not administered,1: University or Higher; 2: Post-Secondary Education but not University; 3: Upper Secondary; 4: Lower Secondary; 5: Some Primary or Lower Secondary or Did not go to School; 6: Not Applicable; .: Omitted or invalid; .A: Not administered,Derived,ISC_D,
ASDHOCCP,Parents' Occupation (2023),Derived,Not defined,1,0,,,1: Professional; 2: Small Business Owner; 3: Clerical; 4: Skilled Worker; 5: General Laborer; 6: Never Worked for Pay; 7: Not Applicable;,9: Omitted or invalid; SYSMIS: Not administered,.: Omitted or invalid; .A: Not administered,1: Professional; 2: Small Business Owner; 3: Clerical; 4: Skilled Worker; 5: General Laborer; 6: Never Worked for Pay; 7: Not Applicable; 9: Omitted or invalid; SYSMIS: Not administered,1: Professional; 2: Small Business Owner; 3: Clerical; 4: Skilled Worker; 5: General Laborer; 6: Never Worked for Pay; 7: Not Applicable; .: Omitted or invalid; .A: Not administered,Derived,ISC_D,
ASDLHEDUP,Parents' Highest Education Level (2024),Derived,Not defined,1,0,,,1: University or Higher; 2: Post-Secondary Education but not University; 3: Upper Secondary; 4: Lower Secondary; 5: Some Primary or Lower Secondary or Did not go to School; 6: Not Applicable,9: Omitted or invalid; SYSMIS: Not administered,.: Omitted or invalid; .A: Not administered,1: University or Higher; 2: Post-Secondary Education but not University; 3: Upper Secondary; 4: Lower Secondary; 5: Some Primary or Lower Secondary or Did not go to School; 6: Not Applicable; 9: Omitted or invalid; SYSMIS: Not administered,1: University or Higher; 2: Post-Secondary Education but not University; 3: Upper Secondary; 4: Lower Secondary; 5: Some Primary or Lower Secondary or Did not go to School; 6: Not Applicable; .: Omitted or invalid; .A: Not administered,Derived,ISC_D,
ASDLHOCCP,Parents' Occupation (2024),Derived,Not defined,1,0,,,1: Professional; 2: Small Business Owner; 3: Clerical; 4: Skilled Worker; 5: General Laborer; 6: Never Worked for Pay; 7: Not Applicable;,9: Omitted or invalid; SYSMIS: Not administered,.: Omitted or invalid; .A: Not administered,1: Professional; 2: Small Business Owner; 3: Clerical; 4: Skilled Worker; 5: General Laborer; 6: Never Worked for Pay; 7: Not Applicable; 9: Omitted or invalid; SYSMIS: Not administered,1: Professional; 2: Small Business Owner; 3: Clerical; 4: Skilled Worker; 5: General Laborer; 6: Never Worked for Pay; 7: Not Applicable; .: Omitted or invalid; .A: Not administered,Derived,ISC_D,
IDGRADER,Standardized Grade ID,,Nominal,1,0,,,1: Lower Grade; 2: Upper Grade,,,1: Lower Grade; 2: Upper Grade;,1: Lower Grade; 2: Upper Grade,Calculated at IEA,IEA_D,
IDGRADE,Grade ID,,Nominal,1,0,,,3: Grade 3; 4: Grade 4; 5: Grade 5; 6: Grade 6,,,3: Grade 3; 4: Grade 4; 5: Grade 5; 6: Grade 6;,3: Grade 3; 4: Grade 4; 5: Grade 5; 6: Grade 6,Calculated at IEA,IEA_D,
ITYEAR,Assessment Year,,Nominal,4,0,2023,2024,,,,,,Not Assinged,IEA_D,
IDSCHOOL,School ID,,Nominal,4,0,5001,9900,,,,,,ID Variables,ID,
IDTEACH,Teacher ID,,Nominal,6,0,500101,990001,,,,,,ID Variables,ID,
IDLINK,Teacher Link Number,,Nominal,2,0,1,90,,,,,,ID Variables,ID,
IDTEALIN,Teacher ID and Link,,Nominal,8,0,50010101,99000101,,,,,,ID Variables,ID,
ITCOURSE,Subject Code,,Not defined,1,0,,,1: Mathematics; 6: Integrated science; 7: Mathematics and Integrated Science,9: Omitted or invalid; Sysmis: Not administered,.: Omitted or invalid; .A: Not administered,1: Mathematics; 6: Integrated science; 7: Mathematics and Integrated Science; 9: Omitted or invalid; Sysmis: Not administered,1: Mathematics; 6: Integrated science; 7: Mathematics and Integrated Science; .: Omitted or invalid; .A: Not administered,ID Variables,ID,
IDSUBJ,Subject ID,,Nominal,1,0,,,1: Mathematics; 2: Science; 3: Mathematics and Science,,,1: Mathematics; 2: Science; 3: Mathematics and Science;,1: Mathematics; 2: Science; 3: Mathematics and Science,Calculated at IEA,IEA_D,
ITLANG_TQ,Language of Teacher Questionnaire,,Nominal,2,0,,,5: Albanian; 14: Georgian; 20: Italian; 23: Macedonian; 32: Swedish; 47: Korean; 53: Arabic; 67: Montenegrin (Cyrillic); 79: Slovenian,99: Omitted or invalid; Sysmis: Not administered,.: Omitted or invalid; .A: Not administered,5: Albanian; 14: Georgian; 20: Italian; 23: Macedonian; 32: Swedish; 47: Korean; 53: Arabic; 67: Montenegrin (Cyrillic); 79: Slovenian; 99: Omitted or invalid; Sysmis: Not administered,5: Albanian; 14: Georgian; 20: Italian; 23: Macedonian; 32: Swedish; 47: Korean; 53: Arabic; 67: Montenegrin (Cyrillic); 79: Slovenian; .: Omitted or invalid; .A: Not administered,Calculated at IEA,IEA_D,
LCID_TQ,Locale ID of Teacher Questionnaire,,Nominal,10,0,,,"1040: Italian (Italy); 1042: Korean (Korea); 1053: Swedish (Sweden); 1060: Slovenian (Slovenia); 1071: Macedonian (North Macedonia); 1079: Georgian (Georgia); 10711: Albanian (Macedonia); 11265: Arabic (Jordan); 20744: Albanian (Kosovo); 20748: Montenegrin (Cyrillic, Montenegro)",9999999999: Omitted or invalid; Sysmis: Not administered,.: Omitted or invalid; .A: Not administered,"1040: Italian (Italy); 1042: Korean (Korea); 1053: Swedish (Sweden); 1060: Slovenian (Slovenia); 1071: Macedonian (North Macedonia); 1079: Georgian (Georgia); 10711: Albanian (Macedonia); 11265: Arabic (Jordan); 20744: Albanian (Kosovo); 20748: Montenegrin (Cyrillic, Montenegro); 9999999999: Omitted or invalid; Sysmis: Not administered","1040: Italian (Italy); 1042: Korean (Korea); 1053: Swedish (Sweden); 1060: Slovenian (Slovenia); 1071: Macedonian (North Macedonia); 1079: Georgian (Georgia); 10711: Albanian (Macedonia); 11265: Arabic (Jordan); 20744: Albanian (Kosovo); 20748: Montenegrin (Cyrillic, Montenegro); .: Omitted or invalid; .A: Not administered",Calculated at IEA,IEA_D,
ATBG01,GEN\YEARS BEEN TEACHING (2023),TQG-01,Ratio,2,0,0,60,,99: Omitted or invalid; Sysmis: Not administered,.: Omitted or invalid; .A: Not administered,99: Omitted or invalid; Sysmis: Not administered,.: Omitted or invalid; .A: Not administered,Background Questionnaire Variables,B,
ATBG02,GEN\SEX OF TEACHER (2023),TQG-02,Nominal,1,0,,,1: Female; 2: Male; 3: <Other>,9: Omitted or invalid; Sysmis: Not administered,.: Omitted or invalid; .A: Not administered,1: Female; 2: Male; 3: <Other>; 9: Omitted or invalid; Sysmis: Not administered,1: Female; 2: Male; 3: <Other>; .: Omitted or invalid; .A: Not administered,Background Questionnaire Variables,B,
ATBG03,GEN\AGE OF TEACHER (2023),TQG-03,Ordinal,1,0,,,1: Under 25; 2: 25–29; 3: 30–39; 4: 40–49; 5: 50–59; 6: 60 or more,9: Omitted or invalid; Sysmis: Not administered,.: Omitted or invalid; .A: Not administered,1: Under 25; 2: 25–29; 3: 30–39; 4: 40–49; 5: 50–59; 6: 60 or more; 9: Omitted or invalid; Sysmis: Not administered,1: Under 25; 2: 25–29; 3: 30–39; 4: 40–49; 5: 50–59; 6: 60 or more; .: Omitted or invalid; .A: Not administered,Background Questionnaire Variables,B,
ATBG04,GEN\LEVEL OF FORMAL EDUCATION COMPLETED (2023),TQG-04,Ordinal,2,0,,,"1: Did not complete <Upper secondary education—ISCED Level 3>; 2: <Upper secondary education—ISCED Level 3>; 3: <Post-secondary, non-tertiary education—ISCED Level 4>; 4: <Short-cycle tertiary education—ISCED Level 5>; 5: <Bachelor’s or equivalent level—ISCED Level 6>; 6: <Master’s or equivalent level—ISCED Level 7>; 7: <Doctor or equivalent level—ISCED Level 8>",99: Omitted or invalid; Sysmis: Not administered,.: Omitted or invalid; .A: Not administered,"1: Did not complete <Upper secondary education—ISCED Level 3>; 2: <Upper secondary education—ISCED Level 3> (If you have not completed <postsecondary or tertiary education>, you will b; 3: <Post-secondary, non-tertiary education—ISCED Level 4>; 4: <Short-cycle tertiary education—ISCED Level 5>; 5: <Bachelor’s or equivalent level—ISCED Level 6>; 6: <Master’s or equivalent level—ISCED Level 7>; 7: <Doctor or equivalent level—ISCED Level 8>; 99: Omitted or invalid; Sysmis: Not administered","1: Did not complete <Upper secondary education—ISCED Level 3>; 2: <Upper secondary education—ISCED Level 3> (If you have not completed <postsecondary or tertiary education>, you will b; 3: <Post-secondary, non-tertiary education—ISCED Level 4>; 4: <Short-cycle tertiary education—ISCED Level 5>; 5: <Bachelor’s or equivalent level—ISCED Level 6>; 6: <Master’s or equivalent level—ISCED Level 7>; 7: <Doctor or equivalent level—ISCED Level 8>; .: Omitted or invalid; .A: Not administered",Filter,F,
ATBG05AA,GEN\MAJOR AREA OF STUDY\EDUCATION PRIM (2023),TQG-05Aa,Nominal,1,0,,,1: Yes; 2: No,9: Omitted or invalid; 6: Logically not applicable; Sysmis: Not administered,.: Omitted or invalid; .A: Not administered; .B: Logically not applicable,1: Yes; 2: No; 9: Omitted or invalid; 6: Logically not applicable; Sysmis: Not administered,1: Yes; 2: No; .: Omitted or invalid; .A: Not administered; .B: Logically not applicable,Filter Dependent,BD,
ATBG05AB,GEN\MAJOR AREA OF STUDY\EDUCATION SECOND (2023),TQG-05Ab,Nominal,1,0,,,1: Yes; 2: No,9: Omitted or invalid; 6: Logically not applicable; Sysmis: Not administered,.: Omitted or invalid; .A: Not administered; .B: Logically not applicable,1: Yes; 2: No; 9: Omitted or invalid; 6: Logically not applicable; Sysmis: Not administered,1: Yes; 2: No; .: Omitted or invalid; .A: Not administered; .B: Logically not applicable,Filter Dependent,BD,
ATBG05AC,GEN\MAJOR AREA OF STUDY\MATHEMATICS (2023),TQG-05Ac,Nominal,1,0,,,1: Yes; 2: No,9: Omitted or invalid; 6: Logically not applicable; Sysmis: Not administered,.: Omitted or invalid; .A: Not administered; .B: Logically not applicable,1: Yes; 2: No; 9: Omitted or invalid; 6: Logically not applicable; Sysmis: Not administered,1: Yes; 2: No; .: Omitted or invalid; .A: Not administered; .B: Logically not applicable,Filter Dependent,BD,
ATBG05AD,GEN\MAJOR AREA OF STUDY\SCIENCE (2023),TQG-05Ad,Nominal,1,0,,,1: Yes; 2: No,9: Omitted or invalid; 6: Logically not applicable; Sysmis: Not administered,.: Omitted or invalid; .A: Not administered; .B: Logically not applicable,1: Yes; 2: No; 9: Omitted or invalid; 6: Logically not applicable; Sysmis: Not administered,1: Yes; 2: No; .: Omitted or invalid; .A: Not administered; .B: Logically not applicable,Filter Dependent,BD,
ATBG05AE,GEN\MAJOR AREA OF STUDY\<LANGUAGE TEST> (2023),TQG-05Ae,Nominal,1,0,,,1: Yes; 2: No,9: Omitted or invalid; 6: Logically not applicable; Sysmis: Not administered,.: Omitted or invalid; .A: Not administered; .B: Logically not applicable,1: Yes; 2: No; 9: Omitted or invalid; 6: Logically not applicable; Sysmis: Not administered,1: Yes; 2: No; .: Omitted or invalid; .A: Not administered; .B: Logically not applicable,Filter Dependent,BD,
ATBG05AF,GEN\MAJOR AREA OF STUDY\OTHER (2023),TQG-05Af,Nominal,1,0,,,1: Yes; 2: No,9: Omitted or invalid; 6: Logically not applicable; Sysmis: Not administered,.: Omitted or invalid; .A: Not administered; .B: Logically not applicable,1: Yes; 2: No; 9: Omitted or invalid; 6: Logically not applicable; Sysmis: Not administered,1: Yes; 2: No; .: Omitted or invalid; .A: Not administered; .B: Logically not applicable,Filter Dependent,BD,
ATBG05BA,GEN\<SPECIALIZATION>\MATHEMATICS (2023),TQG-05Ba,Nominal,1,0,,,1: Yes; 2: No,9: Omitted or invalid; 6: Logically not applicable; Sysmis: Not administered,.: Omitted or invalid; .A: Not administered; .B: Logically not applicable,1: Yes; 2: No; 9: Omitted or invalid; 6: Logically not applicable; Sysmis: Not administered,1: Yes; 2: No; .: Omitted or invalid; .A: Not administered; .B: Logically not applicable,Filter Dependent,BD,
ATBG05BB,GEN\<SPECIALIZATION>\SCIENCE (2023),TQG-05Bb,Nominal,1,0,,,1: Yes; 2: No,9: Omitted or invalid; 6: Logically not applicable; Sysmis: Not administered,.: Omitted or invalid; .A: Not administered; .B: Logically not applicable,1: Yes; 2: No; 9: Omitted or invalid; 6: Logically not applicable; Sysmis: Not administered,1: Yes; 2: No; .: Omitted or invalid; .A: Not administered; .B: Logically not applicable,Filter Dependent,BD,
ATBG05BC,GEN\<SPECIALIZATION>\LANGUAGE-READING (2023),TQG-05Bc,Nominal,1,0,,,1: Yes; 2: No,9: Omitted or invalid; 6: Logically not applicable; Sysmis: Not administered,.: Omitted or invalid; .A: Not administered; .B: Logically not applicable,1: Yes; 2: No; 9: Omitted or invalid; 6: Logically not applicable; Sysmis: Not administered,1: Yes; 2: No; .: Omitted or invalid; .A: Not administered; .B: Logically not applicable,Filter Dependent,BD,
ATBG05BD,GEN\<SPECIALIZATION>\OTHER SUBJECT (2023),TQG-05Bd,Nominal,1,0,,,1: Yes; 2: No,9: Omitted or invalid; 6: Logically not applicable; Sysmis: Not administered,.: Omitted or invalid; .A: Not administered; .B: Logically not applicable,1: Yes; 2: No; 9: Omitted or invalid; 6: Logically not applicable; Sysmis: Not administered,1: Yes; 2: No; .: Omitted or invalid; .A: Not administered; .B: Logically not applicable,Filter Dependent,BD,
ATBG06A,GEN\CHARACTERIZE\TCHS UNDERSTANDING (2023),TQG-06a,Ordinal,1,0,,,1: Very high; 2: High; 3: Medium; 4: Low; 5: Very low,9: Omitted or invalid; Sysmis: Not administered,.: Omitted or invalid; .A: Not administered,1: Very high; 2: High; 3: Medium; 4: Low; 5: Very low; 9: Omitted or invalid; Sysmis: Not administered,1: Very high; 2: High; 3: Medium; 4: Low; 5: Very low; .: Omitted or invalid; .A: Not administered,Background Questionnaire Variables,B,
ATBG06B,GEN\CHARACTERIZE\TCHS DEGREE OF SUCCESS (2023),TQG-06b,Ordinal,1,0,,,1: Very high; 2: High; 3: Medium; 4: Low; 5: Very low,9: Omitted or invalid; Sysmis: Not administered,.: Omitted or invalid; .A: Not administered,1: Very high; 2: High; 3: Medium; 4: Low; 5: Very low; 9: Omitted or invalid; Sysmis: Not administered,1: Very high; 2: High; 3: Medium; 4: Low; 5: Very low; .: Omitted or invalid; .A: Not administered,Background Questionnaire Variables,B,
ATBG06C,GEN\CHARACTERIZE\TCHS EXPECTATIONS (2023),TQG-06c,Ordinal,1,0,,,1: Very high; 2: High; 3: Medium; 4: Low; 5: Very low,9: Omitted or invalid; Sysmis: Not administered,.: Omitted or invalid; .A: Not administered,1: Very high; 2: High; 3: Medium; 4: Low; 5: Very low; 9: Omitted or invalid; Sysmis: Not administered,1: Very high; 2: High; 3: Medium; 4: Low; 5: Very low; .: Omitted or invalid; .A: Not administered,Background Questionnaire Variables,B,
ATBG06D,GEN\CHARACTERIZE\TCHS ABILITY TO INSPIRE (2023),TQG-06d,Ordinal,1,0,,,1: Very high; 2: High; 3: Medium; 4: Low; 5: Very low,9: Omitted or invalid; Sysmis: Not administered,.: Omitted or invalid; .A: Not administered,1: Very high; 2: High; 3: Medium; 4: Low; 5: Very low; 9: Omitted or invalid; Sysmis: Not administered,1: Very high; 2: High; 3: Medium; 4: Low; 5: Very low; .: Omitted or invalid; .A: Not administered,Background Questionnaire Variables,B,
ATBG06E,GEN\CHARACTERIZE\PARENTAL INVOLVEMENT (2023),TQG-06e,Ordinal,1,0,,,1: Very high; 2: High; 3: Medium; 4: Low; 5: Very low,9: Omitted or invalid; Sysmis: Not administered,.: Omitted or invalid; .A: Not administered,1: Very high; 2: High; 3: Medium; 4: Low; 5: Very low; 9: Omitted or invalid; Sysmis: Not administered,1: Very high; 2: High; 3: Medium; 4: Low; 5: Very low; .: Omitted or invalid; .A: Not administered,Background Questionnaire Variables,B,
ATBG06F,GEN\CHARACTERIZE\PARENTAL COMMITMENT (2023),TQG-06f,Ordinal,1,0,,,1: Very high; 2: High; 3: Medium; 4: Low; 5: Very low,9: Omitted or invalid; Sysmis: Not administered,.: Omitted or invalid; .A: Not administered,1: Very high; 2: High; 3: Medium; 4: Low; 5: Very low; 9: Omitted or invalid; Sysmis: Not administered,1: Very high; 2: High; 3: Medium; 4: Low; 5: Very low; .: Omitted or invalid; .A: Not administered,Background Questionnaire Variables,B,
ATBG06G,GEN\CHARACTERIZE\PARENTAL EXPECTATIONS (2023),TQG-06g,Ordinal,1,0,,,1: Very high; 2: High; 3: Medium; 4: Low; 5: Very low,9: Omitted or invalid; Sysmis: Not administered,.: Omitted or invalid; .A: Not administered,1: Very high; 2: High; 3: Medium; 4: Low; 5: Very low; 9: Omitted or invalid; Sysmis: Not administered,1: Very high; 2: High; 3: Medium; 4: Low; 5: Very low; .: Omitted or invalid; .A: Not administered,Background Questionnaire Variables,B,
ATBG06H,GEN\CHARACTERIZE\PARENTAL SUPPORT (2023),TQG-06h,Ordinal,1,0,,,1: Very high; 2: High; 3: Medium; 4: Low; 5: Very low,9: Omitted or invalid; Sysmis: Not administered,.: Omitted or invalid; .A: Not administered,1: Very high; 2: High; 3: Medium; 4: Low; 5: Very low; 9: Omitted or invalid; Sysmis: Not administered,1: Very high; 2: High; 3: Medium; 4: Low; 5: Very low; .: Omitted or invalid; .A: Not administered,Background Questionnaire Variables,B,
ATBG06I,GEN\CHARACTERIZE\STUDENTS DESIRE (2023),TQG-06i,Ordinal,1,0,,,1: Very high; 2: High; 3: Medium; 4: Low; 5: Very low,9: Omitted or invalid; Sysmis: Not administered,.: Omitted or invalid; .A: Not administered,1: Very high; 2: High; 3: Medium; 4: Low; 5: Very low; 9: Omitted or invalid; Sysmis: Not administered,1: Very high; 2: High; 3: Medium; 4: Low; 5: Very low; .: Omitted or invalid; .A: Not administered,Background Questionnaire Variables,B,
ATBG06J,GEN\CHARACTERIZE\ABILITY TO REACH (2023),TQG-06j,Ordinal,1,0,,,1: Very high; 2: High; 3: Medium; 4: Low; 5: Very low,9: Omitted or invalid; Sysmis: Not administered,.: Omitted or invalid; .A: Not administered,1: Very high; 2: High; 3: Medium; 4: Low; 5: Very low; 9: Omitted or invalid; Sysmis: Not administered,1: Very high; 2: High; 3: Medium; 4: Low; 5: Very low; .: Omitted or invalid; .A: Not administered,Background Questionnaire Variables,B,
ATBG06K,GEN\CHARACTERIZE\RESPECT FOR CLASSMATES (2023),TQG-06k,Ordinal,1,0,,,1: Very high; 2: High; 3: Medium; 4: Low; 5: Very low,9: Omitted or invalid; Sysmis: Not administered,.: Omitted or invalid; .A: Not administered,1: Very high; 2: High; 3: Medium; 4: Low; 5: Very low; 9: Omitted or invalid; Sysmis: Not administered,1: Very high; 2: High; 3: Medium; 4: Low; 5: Very low; .: Omitted or invalid; .A: Not administered,Background Questionnaire Variables,B,
ATBG07A,GEN\THINKING ABT CURR SCH\FEEL SAFE (2023),TQG-07a,Ordinal,1,0,,,1: Agree a lot; 2: Agree a little; 3: Disagree a little; 4: Disagree a lot,9: Omitted or invalid; Sysmis: Not administered,.: Omitted or invalid; .A: Not administered,1: Agree a lot; 2: Agree a little; 3: Disagree a little; 4: Disagree a lot; 9: Omitted or invalid; Sysmis: Not administered,1: Agree a lot; 2: Agree a little; 3: Disagree a little; 4: Disagree a lot; .: Omitted or invalid; .A: Not administered,Background Questionnaire Variables,B,
ATBG07B,GEN\THINKING ABT CURR SCH\SECURITY POLIC (2023),TQG-07b,Ordinal,1,0,,,1: Agree a lot; 2: Agree a little; 3: Disagree a little; 4: Disagree a lot,9: Omitted or invalid; Sysmis: Not administered,.: Omitted or invalid; .A: Not administered,1: Agree a lot; 2: Agree a little; 3: Disagree a little; 4: Disagree a lot; 9: Omitted or invalid; Sysmis: Not administered,1: Agree a lot; 2: Agree a little; 3: Disagree a little; 4: Disagree a lot; .: Omitted or invalid; .A: Not administered,Background Questionnaire Variables,B,
ATBG07C,GEN\THINKING ABT CURR SCH\STUD BEHAVE (2023),TQG-07c,Ordinal,1,0,,,1: Agree a lot; 2: Agree a little; 3: Disagree a little; 4: Disagree a lot,9: Omitted or invalid; Sysmis: Not administered,.: Omitted or invalid; .A: Not administered,1: Agree a lot; 2: Agree a little; 3: Disagree a little; 4: Disagree a lot; 9: Omitted or invalid; Sysmis: Not administered,1: Agree a lot; 2: Agree a little; 3: Disagree a little; 4: Disagree a lot; .: Omitted or invalid; .A: Not administered,Background Questionnaire Variables,B,
ATBG07D,GEN\THINKING ABT CURR SCH\STUD RESPECT (2023),TQG-07d,Ordinal,1,0,,,1: Agree a lot; 2: Agree a little; 3: Disagree a little; 4: Disagree a lot,9: Omitted or invalid; Sysmis: Not administered,.: Omitted or invalid; .A: Not administered,1: Agree a lot; 2: Agree a little; 3: Disagree a little; 4: Disagree a lot; 9: Omitted or invalid; Sysmis: Not administered,1: Agree a lot; 2: Agree a little; 3: Disagree a little; 4: Disagree a lot; .: Omitted or invalid; .A: Not administered,Background Questionnaire Variables,B,
ATBG07E,GEN\THINKING ABT CURR SCH\RESPECT PROPERTY (2023),TQG-07e,Ordinal,1,0,,,1: Agree a lot; 2: Agree a little; 3: Disagree a little; 4: Disagree a lot,9: Omitted or invalid; Sysmis: Not administered,.: Omitted or invalid; .A: Not administered,1: Agree a lot; 2: Agree a little; 3: Disagree a little; 4: Disagree a lot; 9: Omitted or invalid; Sysmis: Not administered,1: Agree a lot; 2: Agree a little; 3: Disagree a little; 4: Disagree a lot; .: Omitted or invalid; .A: Not administered,Background Questionnaire Variables,B,
ATBG07F,GEN\THINKING ABT CURR SCH\SCH CLEAR RULES (2023),TQG-07f,Ordinal,1,0,,,1: Agree a lot; 2: Agree a little; 3: Disagree a little; 4: Disagree a lot,9: Omitted or invalid; Sysmis: Not administered,.: Omitted or invalid; .A: Not administered,1: Agree a lot; 2: Agree a little; 3: Disagree a little; 4: Disagree a lot; 9: Omitted or invalid; Sysmis: Not administered,1: Agree a lot; 2: Agree a little; 3: Disagree a little; 4: Disagree a lot; .: Omitted or invalid; .A: Not administered,Background Questionnaire Variables,B,
ATBG07G,GEN\THINKING ABT CURR SCH\RULES ENFORCED (2023),TQG-07g,Ordinal,1,0,,,1: Agree a lot; 2: Agree a little; 3: Disagree a little; 4: Disagree a lot,9: Omitted or invalid; Sysmis: Not administered,.: Omitted or invalid; .A: Not administered,1: Agree a lot; 2: Agree a little; 3: Disagree a little; 4: Disagree a lot; 9: Omitted or invalid; Sysmis: Not administered,1: Agree a lot; 2: Agree a little; 3: Disagree a little; 4: Disagree a lot; .: Omitted or invalid; .A: Not administered,Background Questionnaire Variables,B,
ATBG08A,GEN\BEING A TEACHER\CONTENT (2023),TQG-08a,Ordinal,1,0,,,1: Very often; 2: Often; 3: Sometimes; 4: Never or almost never,9: Omitted or invalid; Sysmis: Not administered,.: Omitted or invalid; .A: Not administered,1: Very often; 2: Often; 3: Sometimes; 4: Never or almost never; 9: Omitted or invalid; Sysmis: Not administered,1: Very often; 2: Often; 3: Sometimes; 4: Never or almost never; .: Omitted or invalid; .A: Not administered,Background Questionnaire Variables,B,
ATBG08B,GEN\BEING A TEACHER\MEANING AND PURPOSE (2023),TQG-08b,Ordinal,1,0,,,1: Very often; 2: Often; 3: Sometimes; 4: Never or almost never,9: Omitted or invalid; Sysmis: Not administered,.: Omitted or invalid; .A: Not administered,1: Very often; 2: Often; 3: Sometimes; 4: Never or almost never; 9: Omitted or invalid; Sysmis: Not administered,1: Very often; 2: Often; 3: Sometimes; 4: Never or almost never; .: Omitted or invalid; .A: Not administered,Background Questionnaire Variables,B,
ATBG08C,GEN\BEING A TEACHER\ENTHUSIASTIC (2023),TQG-08c,Ordinal,1,0,,,1: Very often; 2: Often; 3: Sometimes; 4: Never or almost never,9: Omitted or invalid; Sysmis: Not administered,.: Omitted or invalid; .A: Not administered,1: Very often; 2: Often; 3: Sometimes; 4: Never or almost never; 9: Omitted or invalid; Sysmis: Not administered,1: Very often; 2: Often; 3: Sometimes; 4: Never or almost never; .: Omitted or invalid; .A: Not administered,Background Questionnaire Variables,B,
ATBG08D,GEN\BEING A TEACHER\WORK INSPIRES (2023),TQG-08d,Ordinal,1,0,,,1: Very often; 2: Often; 3: Sometimes; 4: Never or almost never,9: Omitted or invalid; Sysmis: Not administered,.: Omitted or invalid; .A: Not administered,1: Very often; 2: Often; 3: Sometimes; 4: Never or almost never; 9: Omitted or invalid; Sysmis: Not administered,1: Very often; 2: Often; 3: Sometimes; 4: Never or almost never; .: Omitted or invalid; .A: Not administered,Background Questionnaire Variables,B,
ATBG08E,GEN\BEING A TEACHER\PROUD (2023),TQG-08e,Ordinal,1,0,,,1: Very often; 2: Often; 3: Sometimes; 4: Never or almost never,9: Omitted or invalid; Sysmis: Not administered,.: Omitted or invalid; .A: Not administered,1: Very often; 2: Often; 3: Sometimes; 4: Never or almost never; 9: Omitted or invalid; Sysmis: Not administered,1: Very often; 2: Often; 3: Sometimes; 4: Never or almost never; .: Omitted or invalid; .A: Not administered,Background Questionnaire Variables,B,
ATBG08F,GEN\BEING A TEACHER\APPRECIATED (2023),TQG-08f,Ordinal,1,0,,,1: Very often; 2: Often; 3: Sometimes; 4: Never or almost never,9: Omitted or invalid; Sysmis: Not administered,.: Omitted or invalid; .A: Not administered,1: Very often; 2: Often; 3: Sometimes; 4: Never or almost never; 9: Omitted or invalid; Sysmis: Not administered,1: Very often; 2: Often; 3: Sometimes; 4: Never or almost never; .: Omitted or invalid; .A: Not administered,Background Questionnaire Variables,B,
ATBG08G,GEN\BEING A TEACHER\ENJOY CHALLENGES (2023),TQG-08g,Ordinal,1,0,,,1: Very often; 2: Often; 3: Sometimes; 4: Never or almost never,9: Omitted or invalid; Sysmis: Not administered,.: Omitted or invalid; .A: Not administered,1: Very often; 2: Often; 3: Sometimes; 4: Never or almost never; 9: Omitted or invalid; Sysmis: Not administered,1: Very often; 2: Often; 3: Sometimes; 4: Never or almost never; .: Omitted or invalid; .A: Not administered,Background Questionnaire Variables,B,
ATBG09A,GEN\AGREEMENT\TOO MANY STUDENTS (2023),TQG-09a,Ordinal,1,0,,,1: Agree a lot; 2: Agree a little; 3: Disagree a little; 4: Disagree a lot,9: Omitted or invalid; Sysmis: Not administered,.: Omitted or invalid; .A: Not administered,1: Agree a lot; 2: Agree a little; 3: Disagree a little; 4: Disagree a lot; 9: Omitted or invalid; Sysmis: Not administered,1: Agree a lot; 2: Agree a little; 3: Disagree a little; 4: Disagree a lot; .: Omitted or invalid; .A: Not administered,Background Questionnaire Variables,B,
ATBG09B,GEN\AGREEMENT\TOO MUCH MATERIAL (2023),TQG-09b,Ordinal,1,0,,,1: Agree a lot; 2: Agree a little; 3: Disagree a little; 4: Disagree a lot,9: Omitted or invalid; Sysmis: Not administered,.: Omitted or invalid; .A: Not administered,1: Agree a lot; 2: Agree a little; 3: Disagree a little; 4: Disagree a lot; 9: Omitted or invalid; Sysmis: Not administered,1: Agree a lot; 2: Agree a little; 3: Disagree a little; 4: Disagree a lot; .: Omitted or invalid; .A: Not administered,Background Questionnaire Variables,B,
ATBG09C,GEN\AGREEMENT\TOO MANY HOURS (2023),TQG-09c,Ordinal,1,0,,,1: Agree a lot; 2: Agree a little; 3: Disagree a little; 4: Disagree a lot,9: Omitted or invalid; Sysmis: Not administered,.: Omitted or invalid; .A: Not administered,1: Agree a lot; 2: Agree a little; 3: Disagree a little; 4: Disagree a lot; 9: Omitted or invalid; Sysmis: Not administered,1: Agree a lot; 2: Agree a little; 3: Disagree a little; 4: Disagree a lot; .: Omitted or invalid; .A: Not administered,Background Questionnaire Variables,B,
ATBG09D,GEN\AGREEMENT\NEED MORE TIME TO PREPARE (2023),TQG-09d,Ordinal,1,0,,,1: Agree a lot; 2: Agree a little; 3: Disagree a little; 4: Disagree a lot,9: Omitted or invalid; Sysmis: Not administered,.: Omitted or invalid; .A: Not administered,1: Agree a lot; 2: Agree a little; 3: Disagree a little; 4: Disagree a lot; 9: Omitted or invalid; Sysmis: Not administered,1: Agree a lot; 2: Agree a little; 3: Disagree a little; 4: Disagree a lot; .: Omitted or invalid; .A: Not administered,Background Questionnaire Variables,B,
ATBG09E,GEN\AGREEMENT\NEED MORE TIME TO ASSIST (2023),TQG-09e,Ordinal,1,0,,,1: Agree a lot; 2: Agree a little; 3: Disagree a little; 4: Disagree a lot,9: Omitted or invalid; Sysmis: Not administered,.: Omitted or invalid; .A: Not administered,1: Agree a lot; 2: Agree a little; 3: Disagree a little; 4: Disagree a lot; 9: Omitted or invalid; Sysmis: Not administered,1: Agree a lot; 2: Agree a little; 3: Disagree a little; 4: Disagree a lot; .: Omitted or invalid; .A: Not administered,Background Questionnaire Variables,B,
ATBG09F,GEN\AGREEMENT\TOO MUCH PRESSURE (2023),TQG-09f,Ordinal,1,0,,,1: Agree a lot; 2: Agree a little; 3: Disagree a little; 4: Disagree a lot,9: Omitted or invalid; Sysmis: Not administered,.: Omitted or invalid; .A: Not administered,1: Agree a lot; 2: Agree a little; 3: Disagree a little; 4: Disagree a lot; 9: Omitted or invalid; Sysmis: Not administered,1: Agree a lot; 2: Agree a little; 3: Disagree a little; 4: Disagree a lot; .: Omitted or invalid; .A: Not administered,Background Questionnaire Variables,B,
ATBG09G,GEN\AGREEMENT\CHANGES IN CURRICULUM (2023),TQG-09g,Ordinal,1,0,,,1: Agree a lot; 2: Agree a little; 3: Disagree a little; 4: Disagree a lot,9: Omitted or invalid; Sysmis: Not administered,.: Omitted or invalid; .A: Not administered,1: Agree a lot; 2: Agree a little; 3: Disagree a little; 4: Disagree a lot; 9: Omitted or invalid; Sysmis: Not administered,1: Agree a lot; 2: Agree a little; 3: Disagree a little; 4: Disagree a lot; .: Omitted or invalid; .A: Not administered,Background Questionnaire Variables,B,
ATBG09H,GEN\AGREEMENT\TOO MANY ADMINISTRATIVE TASKS (2023),TQG-09h,Ordinal,1,0,,,1: Agree a lot; 2: Agree a little; 3: Disagree a little; 4: Disagree a lot,9: Omitted or invalid; Sysmis: Not administered,.: Omitted or invalid; .A: Not administered,1: Agree a lot; 2: Agree a little; 3: Disagree a little; 4: Disagree a lot; 9: Omitted or invalid; Sysmis: Not administered,1: Agree a lot; 2: Agree a little; 3: Disagree a little; 4: Disagree a lot; .: Omitted or invalid; .A: Not administered,Background Questionnaire Variables,B,
ATBG10A,GEN\NUMBER OF STUDENTS IN THE CLASS (2023),TQG-10A,Ratio,3,0,1,120,,999: Omitted or invalid; Sysmis: Not administered,.: Omitted or invalid; .A: Not administered,999: Omitted or invalid; Sysmis: Not administered,.: Omitted or invalid; .A: Not administered,Background Questionnaire Variables,B,
ATBG10B,GEN\NUMBER OF STUDENTS IN <4TH GRADE> (2023),TQG-10B,Ratio,3,0,1,120,,999: Omitted or invalid; Sysmis: Not administered,.: Omitted or invalid; .A: Not administered,999: Omitted or invalid; Sysmis: Not administered,.: Omitted or invalid; .A: Not administered,Background Questionnaire Variables,B,
ATBG11,GEN\LANGUAGE DIFFICULTIES (2023),TQG-11,Ratio,3,0,0,120,,999: Omitted or invalid; Sysmis: Not administered,.: Omitted or invalid; .A: Not administered,999: Omitted or invalid; Sysmis: Not administered,.: Omitted or invalid; .A: Not administered,Background Questionnaire Variables,B,
ATBG12A,GEN\HOW OFTEN\RELATE TO STUDENTS LIVES (2023),TQG-12a,Ordinal,1,0,,,1: Every or almost every lesson; 2: About half the lessons; 3: Some lessons; 4: Never,9: Omitted or invalid; Sysmis: Not administered,.: Omitted or invalid; .A: Not administered,1: Every or almost every lesson; 2: About half the lessons; 3: Some lessons; 4: Never; 9: Omitted or invalid; Sysmis: Not administered,1: Every or almost every lesson; 2: About half the lessons; 3: Some lessons; 4: Never; .: Omitted or invalid; .A: Not administered,Background Questionnaire Variables,B,
ATBG12B,GEN\HOW OFTEN\EXPLAIN ANSWERS (2023),TQG-12b,Ordinal,1,0,,,1: Every or almost every lesson; 2: About half the lessons; 3: Some lessons; 4: Never,9: Omitted or invalid; Sysmis: Not administered,.: Omitted or invalid; .A: Not administered,1: Every or almost every lesson; 2: About half the lessons; 3: Some lessons; 4: Never; 9: Omitted or invalid; Sysmis: Not administered,1: Every or almost every lesson; 2: About half the lessons; 3: Some lessons; 4: Never; .: Omitted or invalid; .A: Not administered,Background Questionnaire Variables,B,
ATBG12C,GEN\HOW OFTEN\COMMUNICATE GOALS (2023),TQG-12c,Ordinal,1,0,,,1: Every or almost every lesson; 2: About half the lessons; 3: Some lessons; 4: Never,9: Omitted or invalid; Sysmis: Not administered,.: Omitted or invalid; .A: Not administered,1: Every or almost every lesson; 2: About half the lessons; 3: Some lessons; 4: Never; 9: Omitted or invalid; Sysmis: Not administered,1: Every or almost every lesson; 2: About half the lessons; 3: Some lessons; 4: Never; .: Omitted or invalid; .A: Not administered,Background Questionnaire Variables,B,
ATBG12D,GEN\HOW OFTEN\BEYOND INSTRUCTION (2023),TQG-12d,Ordinal,1,0,,,1: Every or almost every lesson; 2: About half the lessons; 3: Some lessons; 4: Never,9: Omitted or invalid; Sysmis: Not administered,.: Omitted or invalid; .A: Not administered,1: Every or almost every lesson; 2: About half the lessons; 3: Some lessons; 4: Never; 9: Omitted or invalid; Sysmis: Not administered,1: Every or almost every lesson; 2: About half the lessons; 3: Some lessons; 4: Never; .: Omitted or invalid; .A: Not administered,Background Questionnaire Variables,B,
ATBG12E,GEN\HOW OFTEN\CLASSROOM DISCUSSION (2023),TQG-12e,Ordinal,1,0,,,1: Every or almost every lesson; 2: About half the lessons; 3: Some lessons; 4: Never,9: Omitted or invalid; Sysmis: Not administered,.: Omitted or invalid; .A: Not administered,1: Every or almost every lesson; 2: About half the lessons; 3: Some lessons; 4: Never; 9: Omitted or invalid; Sysmis: Not administered,1: Every or almost every lesson; 2: About half the lessons; 3: Some lessons; 4: Never; .: Omitted or invalid; .A: Not administered,Background Questionnaire Variables,B,
ATBG12F,GEN\HOW OFTEN\LINK KNOWLEDGE (2023),TQG-12f,Ordinal,1,0,,,1: Every or almost every lesson; 2: About half the lessons; 3: Some lessons; 4: Never,9: Omitted or invalid; Sysmis: Not administered,.: Omitted or invalid; .A: Not administered,1: Every or almost every lesson; 2: About half the lessons; 3: Some lessons; 4: Never; 9: Omitted or invalid; Sysmis: Not administered,1: Every or almost every lesson; 2: About half the lessons; 3: Some lessons; 4: Never; .: Omitted or invalid; .A: Not administered,Background Questionnaire Variables,B,
ATBG12G,GEN\HOW OFTEN\OWN PROBLEM SOLVING (2023),TQG-12g,Ordinal,1,0,,,1: Every or almost every lesson; 2: About half the lessons; 3: Some lessons; 4: Never,9: Omitted or invalid; Sysmis: Not administered,.: Omitted or invalid; .A: Not administered,1: Every or almost every lesson; 2: About half the lessons; 3: Some lessons; 4: Never; 9: Omitted or invalid; Sysmis: Not administered,1: Every or almost every lesson; 2: About half the lessons; 3: Some lessons; 4: Never; .: Omitted or invalid; .A: Not administered,Background Questionnaire Variables,B,
ATBG13A,GEN\LIMIT TEACHING\LACKING KNOWLEDGE (2023),TQG-13a,Ordinal,1,0,,,1: Not at all; 2: Some; 3: A lot,9: Omitted or invalid; Sysmis: Not administered,.: Omitted or invalid; .A: Not administered,1: Not at all; 2: Some; 3: A lot; 9: Omitted or invalid; Sysmis: Not administered,1: Not at all; 2: Some; 3: A lot; .: Omitted or invalid; .A: Not administered,Background Questionnaire Variables,B,
ATBG13B,GEN\LIMIT TEACHING\LACK OF NUTRITION (2023),TQG-13b,Ordinal,1,0,,,1: Not at all; 2: Some; 3: A lot,9: Omitted or invalid; Sysmis: Not administered,.: Omitted or invalid; .A: Not administered,1: Not at all; 2: Some; 3: A lot; 9: Omitted or invalid; Sysmis: Not administered,1: Not at all; 2: Some; 3: A lot; .: Omitted or invalid; .A: Not administered,Background Questionnaire Variables,B,
ATBG13C,GEN\LIMIT TEACHING\LACK OF SLEEP (2023),TQG-13c,Ordinal,1,0,,,1: Not at all; 2: Some; 3: A lot,9: Omitted or invalid; Sysmis: Not administered,.: Omitted or invalid; .A: Not administered,1: Not at all; 2: Some; 3: A lot; 9: Omitted or invalid; Sysmis: Not administered,1: Not at all; 2: Some; 3: A lot; .: Omitted or invalid; .A: Not administered,Background Questionnaire Variables,B,
ATBG13D,GEN\LIMIT TEACHING\ABSENT FROM CLASS (2023),TQG-13d,Ordinal,1,0,,,1: Not at all; 2: Some; 3: A lot,9: Omitted or invalid; Sysmis: Not administered,.: Omitted or invalid; .A: Not administered,1: Not at all; 2: Some; 3: A lot; 9: Omitted or invalid; Sysmis: Not administered,1: Not at all; 2: Some; 3: A lot; .: Omitted or invalid; .A: Not administered,Background Questionnaire Variables,B,
ATBG13E,GEN\LIMIT TEACHING\DISRUPTIVE STUDENTS (2023),TQG-13e,Ordinal,1,0,,,1: Not at all; 2: Some; 3: A lot,9: Omitted or invalid; Sysmis: Not administered,.: Omitted or invalid; .A: Not administered,1: Not at all; 2: Some; 3: A lot; 9: Omitted or invalid; Sysmis: Not administered,1: Not at all; 2: Some; 3: A lot; .: Omitted or invalid; .A: Not administered,Background Questionnaire Variables,B,
ATBG13F,GEN\LIMIT TEACHING\UNINTERESTED STUDENTS (2023),TQG-13f,Ordinal,1,0,,,1: Not at all; 2: Some; 3: A lot,9: Omitted or invalid; Sysmis: Not administered,.: Omitted or invalid; .A: Not administered,1: Not at all; 2: Some; 3: A lot; 9: Omitted or invalid; Sysmis: Not administered,1: Not at all; 2: Some; 3: A lot; .: Omitted or invalid; .A: Not administered,Background Questionnaire Variables,B,
ATBG13G,GEN\LIMIT TEACHING\DISTRACTED STUDENTS (2023),TQG-13g,Ordinal,1,0,,,1: Not at all; 2: Some; 3: A lot,9: Omitted or invalid; Sysmis: Not administered,.: Omitted or invalid; .A: Not administered,1: Not at all; 2: Some; 3: A lot; 9: Omitted or invalid; Sysmis: Not administered,1: Not at all; 2: Some; 3: A lot; .: Omitted or invalid; .A: Not administered,Background Questionnaire Variables,B,
ATBG13H,GEN\LIMIT TEACHING\MENTAL IMPAIRMENT (2023),TQG-13h,Ordinal,1,0,,,1: Not at all; 2: Some; 3: A lot,9: Omitted or invalid; Sysmis: Not administered,.: Omitted or invalid; .A: Not administered,1: Not at all; 2: Some; 3: A lot; 9: Omitted or invalid; Sysmis: Not administered,1: Not at all; 2: Some; 3: A lot; .: Omitted or invalid; .A: Not administered,Background Questionnaire Variables,B,
ATBG13I,GEN\LIMIT TEACHING\DIFF UNDERSTANDING LNG (2023),TQG-13i,Ordinal,1,0,,,1: Not at all; 2: Some; 3: A lot,9: Omitted or invalid; Sysmis: Not administered,.: Omitted or invalid; .A: Not administered,1: Not at all; 2: Some; 3: A lot; 9: Omitted or invalid; Sysmis: Not administered,1: Not at all; 2: Some; 3: A lot; .: Omitted or invalid; .A: Not administered,Background Questionnaire Variables,B,
ATBM01,MAT\TIME SPENT MATHEMATICS MINUTES (2023),TQM-01,Ratio,4,0,1,1800,,9999: Omitted or invalid; Sysmis: Not administered,.: Omitted or invalid; .A: Not administered,9999: Omitted or invalid; Sysmis: Not administered,.: Omitted or invalid; .A: Not administered,Background Questionnaire Variables,B,
ATBM02A,MAT\ASK STUDENTS\EXPLAIN NEW MATHEMATICS (2023),TQM-02a,Ordinal,1,0,,,1: Every or almost every lesson; 2: About half the lessons; 3: Some lessons; 4: Never,9: Omitted or invalid; Sysmis: Not administered,.: Omitted or invalid; .A: Not administered,1: Every or almost every lesson; 2: About half the lessons; 3: Some lessons; 4: Never; 9: Omitted or invalid; Sysmis: Not administered,1: Every or almost every lesson; 2: About half the lessons; 3: Some lessons; 4: Never; .: Omitted or invalid; .A: Not administered,Background Questionnaire Variables,B,
ATBM02B,MAT\ASK STUDENTS\EXPLAIN HOW TO SOLVE (2023),TQM-02b,Ordinal,1,0,,,1: Every or almost every lesson; 2: About half the lessons; 3: Some lessons; 4: Never,9: Omitted or invalid; Sysmis: Not administered,.: Omitted or invalid; .A: Not administered,1: Every or almost every lesson; 2: About half the lessons; 3: Some lessons; 4: Never; 9: Omitted or invalid; Sysmis: Not administered,1: Every or almost every lesson; 2: About half the lessons; 3: Some lessons; 4: Never; .: Omitted or invalid; .A: Not administered,Background Questionnaire Variables,B,
ATBM02C,MAT\ASK STUDENTS\MEMORIZE RULES (2023),TQM-02c,Ordinal,1,0,,,1: Every or almost every lesson; 2: About half the lessons; 3: Some lessons; 4: Never,9: Omitted or invalid; Sysmis: Not administered,.: Omitted or invalid; .A: Not administered,1: Every or almost every lesson; 2: About half the lessons; 3: Some lessons; 4: Never; 9: Omitted or invalid; Sysmis: Not administered,1: Every or almost every lesson; 2: About half the lessons; 3: Some lessons; 4: Never; .: Omitted or invalid; .A: Not administered,Background Questionnaire Variables,B,
ATBM02D,MAT\ASK STUDENTS\PRACTICE PROCEDURES (2023),TQM-02d,Ordinal,1,0,,,1: Every or almost every lesson; 2: About half the lessons; 3: Some lessons; 4: Never,9: Omitted or invalid; Sysmis: Not administered,.: Omitted or invalid; .A: Not administered,1: Every or almost every lesson; 2: About half the lessons; 3: Some lessons; 4: Never; 9: Omitted or invalid; Sysmis: Not administered,1: Every or almost every lesson; 2: About half the lessons; 3: Some lessons; 4: Never; .: Omitted or invalid; .A: Not administered,Background Questionnaire Variables,B,
ATBM02E,MAT\ASK STUDENTS\APPLY WHAT LEARNED (2023),TQM-02e,Ordinal,1,0,,,1: Every or almost every lesson; 2: About half the lessons; 3: Some lessons; 4: Never,9: Omitted or invalid; Sysmis: Not administered,.: Omitted or invalid; .A: Not administered,1: Every or almost every lesson; 2: About half the lessons; 3: Some lessons; 4: Never; 9: Omitted or invalid; Sysmis: Not administered,1: Every or almost every lesson; 2: About half the lessons; 3: Some lessons; 4: Never; .: Omitted or invalid; .A: Not administered,Background Questionnaire Variables,B,
ATBM02F,MAT\ASK STUDENTS\WORK IN WHOLE CLASS (2023),TQM-02f,Ordinal,1,0,,,1: Every or almost every lesson; 2: About half the lessons; 3: Some lessons; 4: Never,9: Omitted or invalid; Sysmis: Not administered,.: Omitted or invalid; .A: Not administered,1: Every or almost every lesson; 2: About half the lessons; 3: Some lessons; 4: Never; 9: Omitted or invalid; Sysmis: Not administered,1: Every or almost every lesson; 2: About half the lessons; 3: Some lessons; 4: Never; .: Omitted or invalid; .A: Not administered,Background Questionnaire Variables,B,
ATBM02G,MAT\ASK STUDENTS\MIXED ABILITY (2023),TQM-02g,Ordinal,1,0,,,1: Every or almost every lesson; 2: About half the lessons; 3: Some lessons; 4: Never,9: Omitted or invalid; Sysmis: Not administered,.: Omitted or invalid; .A: Not administered,1: Every or almost every lesson; 2: About half the lessons; 3: Some lessons; 4: Never; 9: Omitted or invalid; Sysmis: Not administered,1: Every or almost every lesson; 2: About half the lessons; 3: Some lessons; 4: Never; .: Omitted or invalid; .A: Not administered,Background Questionnaire Variables,B,
ATBM02H,MAT\ASK STUDENTS\SAME ABILITY (2023),TQM-02h,Ordinal,1,0,,,1: Every or almost every lesson; 2: About half the lessons; 3: Some lessons; 4: Never,9: Omitted or invalid; Sysmis: Not administered,.: Omitted or invalid; .A: Not administered,1: Every or almost every lesson; 2: About half the lessons; 3: Some lessons; 4: Never; 9: Omitted or invalid; Sysmis: Not administered,1: Every or almost every lesson; 2: About half the lessons; 3: Some lessons; 4: Never; .: Omitted or invalid; .A: Not administered,Background Questionnaire Variables,B,
ATBM03,MAT\PERMITTED TO USE CALCULATORS (2023),TQM-03,Ordinal,1,0,,,"1: Yes, with unrestricted use; 2: Yes, with restricted use; 3: No",9: Omitted or invalid; Sysmis: Not administered,.: Omitted or invalid; .A: Not administered,"1: Yes, with unrestricted use; 2: Yes, with restricted use; 3: No; 9: Omitted or invalid; Sysmis: Not administered","1: Yes, with unrestricted use; 2: Yes, with restricted use; 3: No; .: Omitted or invalid; .A: Not administered",Background Questionnaire Variables,B,
ATBM04A,MAT\DIGITAL DEVICE AVAILABILITY DURING MATH (2023),TQM-04A,Nominal,1,0,,,1: Yes; 2: No,9: Omitted or invalid; Sysmis: Not administered,.: Omitted or invalid; .A: Not administered,1: Yes; 2: No; 9: Omitted or invalid; Sysmis: Not administered,1: Yes; 2: No; .: Omitted or invalid; .A: Not administered,Filter,F,
ATBM04BA,MAT\ACCESS TO DEVICES\EACH STD HAS A DEVICE (2023),TQM-04Ba,Nominal,1,0,,,1: Yes; 2: No,9: Omitted or invalid; 6: Logically not applicable; Sysmis: Not administered,.: Omitted or invalid; .A: Not administered; .B: Logically not applicable,1: Yes; 2: No; 9: Omitted or invalid; 6: Logically not applicable; Sysmis: Not administered,1: Yes; 2: No; .: Omitted or invalid; .A: Not administered; .B: Logically not applicable,Filter Dependent,BD,
ATBM04BB,MAT\ACCESS TO DEVICES\CLASS HAS DEVICES TO SHARE (2023),TQM-04Bb,Nominal,1,0,,,1: Yes; 2: No,9: Omitted or invalid; 6: Logically not applicable; Sysmis: Not administered,.: Omitted or invalid; .A: Not administered; .B: Logically not applicable,1: Yes; 2: No; 9: Omitted or invalid; 6: Logically not applicable; Sysmis: Not administered,1: Yes; 2: No; .: Omitted or invalid; .A: Not administered; .B: Logically not applicable,Filter Dependent,BD,
ATBM04BC,MAT\ACCESS TO DEVICES\SCHOOL HAS DEVICES (2023),TQM-04Bc,Nominal,1,0,,,1: Yes; 2: No,9: Omitted or invalid; 6: Logically not applicable; Sysmis: Not administered,.: Omitted or invalid; .A: Not administered; .B: Logically not applicable,1: Yes; 2: No; 9: Omitted or invalid; 6: Logically not applicable; Sysmis: Not administered,1: Yes; 2: No; .: Omitted or invalid; .A: Not administered; .B: Logically not applicable,Filter Dependent,BD,
ATBM04BD,MAT\ACCESS TO DEVICES\STUDENTS BRING OWN DEVICES (2023),TQM-04Bd,Nominal,1,0,,,1: Yes; 2: No,9: Omitted or invalid; 6: Logically not applicable; Sysmis: Not administered,.: Omitted or invalid; .A: Not administered; .B: Logically not applicable,1: Yes; 2: No; 9: Omitted or invalid; 6: Logically not applicable; Sysmis: Not administered,1: Yes; 2: No; .: Omitted or invalid; .A: Not administered; .B: Logically not applicable,Filter Dependent,BD,
ATBM04C,MAT\ACCESS TO DEVICES\HOW OFTEN (2023),TQM-04C,Ordinal,1,0,,,1: At least once a week; 2: Once or twice a month; 3: A few times a year; 4: Never or almost never,9: Omitted or invalid; 6: Logically not applicable; Sysmis: Not administered,.: Omitted or invalid; .A: Not administered; .B: Logically not applicable,1: At least once a week; 2: Once or twice a month; 3: A few times a year; 4: Never or almost never; 9: Omitted or invalid; 6: Logically not applicable; Sysmis: Not administered,1: At least once a week; 2: Once or twice a month; 3: A few times a year; 4: Never or almost never; .: Omitted or invalid; .A: Not administered; .B: Logically not applicable,Filter Dependent,BD,
ATBM04DA,MAT\ACCESS TO DEVICES\HOW OFTEN\PRACTICE PROBLEMS (2023),TQM-04Da,Ordinal,1,0,,,1: At least once a week; 2: Once or twice a month; 3: A few times a year; 4: Never or almost never,9: Omitted or invalid; 6: Logically not applicable; Sysmis: Not administered,.: Omitted or invalid; .A: Not administered; .B: Logically not applicable,1: At least once a week; 2: Once or twice a month; 3: A few times a year; 4: Never or almost never; 9: Omitted or invalid; 6: Logically not applicable; Sysmis: Not administered,1: At least once a week; 2: Once or twice a month; 3: A few times a year; 4: Never or almost never; .: Omitted or invalid; .A: Not administered; .B: Logically not applicable,Filter Dependent,BD,
ATBM04DB,MAT\ACCESS TO DEVICES\HOW OFTEN\EXTENDED PROBLEMS (2023),TQM-04Db,Ordinal,1,0,,,1: At least once a week; 2: Once or twice a month; 3: A few times a year; 4: Never or almost never,9: Omitted or invalid; 6: Logically not applicable; Sysmis: Not administered,.: Omitted or invalid; .A: Not administered; .B: Logically not applicable,1: At least once a week; 2: Once or twice a month; 3: A few times a year; 4: Never or almost never; 9: Omitted or invalid; 6: Logically not applicable; Sysmis: Not administered,1: At least once a week; 2: Once or twice a month; 3: A few times a year; 4: Never or almost never; .: Omitted or invalid; .A: Not administered; .B: Logically not applicable,Filter Dependent,BD,
ATBM04DC,MAT\ACCESS TO DEVICES\HOW OFTEN\CREATE DATA DISPLAYS (2023),TQM-04Dc,Ordinal,1,0,,,1: At least once a week; 2: Once or twice a month; 3: A few times a year; 4: Never or almost never,9: Omitted or invalid; 6: Logically not applicable; Sysmis: Not administered,.: Omitted or invalid; .A: Not administered; .B: Logically not applicable,1: At least once a week; 2: Once or twice a month; 3: A few times a year; 4: Never or almost never; 9: Omitted or invalid; 6: Logically not applicable; Sysmis: Not administered,1: At least once a week; 2: Once or twice a month; 3: A few times a year; 4: Never or almost never; .: Omitted or invalid; .A: Not administered; .B: Logically not applicable,Filter Dependent,BD,
ATBM04DD,MAT\ACCESS TO DEVICES\HOW OFTEN\PLAY GAMES (2023),TQM-04Dd,Ordinal,1,0,,,1: At least once a week; 2: Once or twice a month; 3: A few times a year; 4: Never or almost never,9: Omitted or invalid; 6: Logically not applicable; Sysmis: Not administered,.: Omitted or invalid; .A: Not administered; .B: Logically not applicable,1: At least once a week; 2: Once or twice a month; 3: A few times a year; 4: Never or almost never; 9: Omitted or invalid; 6: Logically not applicable; Sysmis: Not administered,1: At least once a week; 2: Once or twice a month; 3: A few times a year; 4: Never or almost never; .: Omitted or invalid; .A: Not administered; .B: Logically not applicable,Filter Dependent,BD,
ATBM04DE,MAT\ACCESS TO DEVICES\HOW OFTEN\READ TEXTBOOK (2023),TQM-04De,Ordinal,1,0,,,1: At least once a week; 2: Once or twice a month; 3: A few times a year; 4: Never or almost never,9: Omitted or invalid; 6: Logically not applicable; Sysmis: Not administered,.: Omitted or invalid; .A: Not administered; .B: Logically not applicable,1: At least once a week; 2: Once or twice a month; 3: A few times a year; 4: Never or almost never; 9: Omitted or invalid; 6: Logically not applicable; Sysmis: Not administered,1: At least once a week; 2: Once or twice a month; 3: A few times a year; 4: Never or almost never; .: Omitted or invalid; .A: Not administered; .B: Logically not applicable,Filter Dependent,BD,
ATBM04DF,MAT\ACCESS TO DEVICES\HOW OFTEN\TAKE A TEST (2023),TQM-04Df,Ordinal,1,0,,,1: At least once a week; 2: Once or twice a month; 3: A few times a year; 4: Never or almost never,9: Omitted or invalid; 6: Logically not applicable; Sysmis: Not administered,.: Omitted or invalid; .A: Not administered; .B: Logically not applicable,1: At least once a week; 2: Once or twice a month; 3: A few times a year; 4: Never or almost never; 9: Omitted or invalid; 6: Logically not applicable; Sysmis: Not administered,1: At least once a week; 2: Once or twice a month; 3: A few times a year; 4: Never or almost never; .: Omitted or invalid; .A: Not administered; .B: Logically not applicable,Filter Dependent,BD,
ATBM05A,MAT\KEEP FROM USING DIGITAL DEVICES\NOT KNOWING HOW (2023),TQM-05a,Ordinal,1,0,,,1: Not at all; 2: Somewhat; 3: A lot,9: Omitted or invalid; Sysmis: Not administered,.: Omitted or invalid; .A: Not administered,1: Not at all; 2: Somewhat; 3: A lot; 9: Omitted or invalid; Sysmis: Not administered,1: Not at all; 2: Somewhat; 3: A lot; .: Omitted or invalid; .A: Not administered,Background Questionnaire Variables,B,
ATBM05B,MAT\KEEP FROM USING DIGITAL DEVICES\NOT ENOUCH ACCESS (2023),TQM-05b,Ordinal,1,0,,,1: Not at all; 2: Somewhat; 3: A lot,9: Omitted or invalid; Sysmis: Not administered,.: Omitted or invalid; .A: Not administered,1: Not at all; 2: Somewhat; 3: A lot; 9: Omitted or invalid; Sysmis: Not administered,1: Not at all; 2: Somewhat; 3: A lot; .: Omitted or invalid; .A: Not administered,Background Questionnaire Variables,B,
ATBM05C,MAT\KEEP FROM USING DIGITAL DEVICES\KEEPING STUDENTS ON TASK (2023),TQM-05c,Ordinal,1,0,,,1: Not at all; 2: Somewhat; 3: A lot,9: Omitted or invalid; Sysmis: Not administered,.: Omitted or invalid; .A: Not administered,1: Not at all; 2: Somewhat; 3: A lot; 9: Omitted or invalid; Sysmis: Not administered,1: Not at all; 2: Somewhat; 3: A lot; .: Omitted or invalid; .A: Not administered,Background Questionnaire Variables,B,
ATBM05D,MAT\KEEP FROM USING DIGITAL DEVICES\LACK TECH SUPPORT (2023),TQM-05d,Ordinal,1,0,,,1: Not at all; 2: Somewhat; 3: A lot,9: Omitted or invalid; Sysmis: Not administered,.: Omitted or invalid; .A: Not administered,1: Not at all; 2: Somewhat; 3: A lot; 9: Omitted or invalid; Sysmis: Not administered,1: Not at all; 2: Somewhat; 3: A lot; .: Omitted or invalid; .A: Not administered,Background Questionnaire Variables,B,
ATBM06AA,MAT\TOPICS\NUMBER\WHOLE NUMBER ORDERING (2023),TQM-06Aa,Nominal,1,0,,,1: Mostly taught before this year; 2: Mostly taught this year; 3: Not yet taught,9: Omitted or invalid; Sysmis: Not administered,.: Omitted or invalid; .A: Not administered,1: Mostly taught before this year; 2: Mostly taught this year; 3: Not yet taught; 9: Omitted or invalid; Sysmis: Not administered,1: Mostly taught before this year; 2: Mostly taught this year; 3: Not yet taught; .: Omitted or invalid; .A: Not administered,Background Questionnaire Variables,B,
ATBM06AB,MAT\TOPICS\NUMBER\ADD SUBTRACT 4 DIGITS (2023),TQM-06Ab,Nominal,1,0,,,1: Mostly taught before this year; 2: Mostly taught this year; 3: Not yet taught,9: Omitted or invalid; Sysmis: Not administered,.: Omitted or invalid; .A: Not administered,1: Mostly taught before this year; 2: Mostly taught this year; 3: Not yet taught; 9: Omitted or invalid; Sysmis: Not administered,1: Mostly taught before this year; 2: Mostly taught this year; 3: Not yet taught; .: Omitted or invalid; .A: Not administered,Background Questionnaire Variables,B,
ATBM06AC,MAT\TOPICS\NUMBER\MULTIPLY 3 BY 1 AND 2 BY 2 DIGITS (2023),TQM-06Ac,Nominal,1,0,,,1: Mostly taught before this year; 2: Mostly taught this year; 3: Not yet taught,9: Omitted or invalid; Sysmis: Not administered,.: Omitted or invalid; .A: Not administered,1: Mostly taught before this year; 2: Mostly taught this year; 3: Not yet taught; 9: Omitted or invalid; Sysmis: Not administered,1: Mostly taught before this year; 2: Mostly taught this year; 3: Not yet taught; .: Omitted or invalid; .A: Not administered,Background Questionnaire Variables,B,
ATBM06AD,MAT\TOPICS\NUMBER\DIVIDE 3 BY 1 DIGITS (2023),TQM-06Ad,Nominal,1,0,,,1: Mostly taught before this year; 2: Mostly taught this year; 3: Not yet taught,9: Omitted or invalid; Sysmis: Not administered,.: Omitted or invalid; .A: Not administered,1: Mostly taught before this year; 2: Mostly taught this year; 3: Not yet taught; 9: Omitted or invalid; Sysmis: Not administered,1: Mostly taught before this year; 2: Mostly taught this year; 3: Not yet taught; .: Omitted or invalid; .A: Not administered,Background Questionnaire Variables,B,
ATBM06AE,MAT\TOPICS\NUMBER\ODD EVEN NUMBERS MULTIPLES FACTORS (2023),TQM-06Ae,Nominal,1,0,,,1: Mostly taught before this year; 2: Mostly taught this year; 3: Not yet taught,9: Omitted or invalid; Sysmis: Not administered,.: Omitted or invalid; .A: Not administered,1: Mostly taught before this year; 2: Mostly taught this year; 3: Not yet taught; 9: Omitted or invalid; Sysmis: Not administered,1: Mostly taught before this year; 2: Mostly taught this year; 3: Not yet taught; .: Omitted or invalid; .A: Not administered,Background Questionnaire Variables,B,
ATBM06AF,MAT\TOPICS\NUMBER\ROUND ESTIMATE (2023),TQM-06Af,Nominal,1,0,,,1: Mostly taught before this year; 2: Mostly taught this year; 3: Not yet taught,9: Omitted or invalid; Sysmis: Not administered,.: Omitted or invalid; .A: Not administered,1: Mostly taught before this year; 2: Mostly taught this year; 3: Not yet taught; 9: Omitted or invalid; Sysmis: Not administered,1: Mostly taught before this year; 2: Mostly taught this year; 3: Not yet taught; .: Omitted or invalid; .A: Not administered,Background Questionnaire Variables,B,
ATBM06AG,MAT\TOPICS\NUMBER\MISSING NUMBER OR OPERATION (2023),TQM-06Ag,Nominal,1,0,,,1: Mostly taught before this year; 2: Mostly taught this year; 3: Not yet taught,9: Omitted or invalid; Sysmis: Not administered,.: Omitted or invalid; .A: Not administered,1: Mostly taught before this year; 2: Mostly taught this year; 3: Not yet taught; 9: Omitted or invalid; Sysmis: Not administered,1: Mostly taught before this year; 2: Mostly taught this year; 3: Not yet taught; .: Omitted or invalid; .A: Not administered,Background Questionnaire Variables,B,
ATBM06AH,MAT\TOPICS\NUMBER\NUMBER PATTERNS (2023),TQM-06Ah,Nominal,1,0,,,1: Mostly taught before this year; 2: Mostly taught this year; 3: Not yet taught,9: Omitted or invalid; Sysmis: Not administered,.: Omitted or invalid; .A: Not administered,1: Mostly taught before this year; 2: Mostly taught this year; 3: Not yet taught; 9: Omitted or invalid; Sysmis: Not administered,1: Mostly taught before this year; 2: Mostly taught this year; 3: Not yet taught; .: Omitted or invalid; .A: Not administered,Background Questionnaire Variables,B,
ATBM06AI,MAT\TOPICS\NUMBER\COMPARE AND ORDER FRACTIONS (2023),TQM-06Ai,Nominal,1,0,,,1: Mostly taught before this year; 2: Mostly taught this year; 3: Not yet taught,9: Omitted or invalid; Sysmis: Not administered,.: Omitted or invalid; .A: Not administered,1: Mostly taught before this year; 2: Mostly taught this year; 3: Not yet taught; 9: Omitted or invalid; Sysmis: Not administered,1: Mostly taught before this year; 2: Mostly taught this year; 3: Not yet taught; .: Omitted or invalid; .A: Not administered,Background Questionnaire Variables,B,
ATBM06AJ,MAT\TOPICS\NUMBER\ADD AND SUBTRACT FRACTIONS (2023),TQM-06Aj,Nominal,1,0,,,1: Mostly taught before this year; 2: Mostly taught this year; 3: Not yet taught,9: Omitted or invalid; Sysmis: Not administered,.: Omitted or invalid; .A: Not administered,1: Mostly taught before this year; 2: Mostly taught this year; 3: Not yet taught; 9: Omitted or invalid; Sysmis: Not administered,1: Mostly taught before this year; 2: Mostly taught this year; 3: Not yet taught; .: Omitted or invalid; .A: Not administered,Background Questionnaire Variables,B,
ATBM06AK,MAT\TOPICS\NUMBER\COMPARE AND ORDER DECIMALS (2023),TQM-06Ak,Nominal,1,0,,,1: Mostly taught before this year; 2: Mostly taught this year; 3: Not yet taught,9: Omitted or invalid; Sysmis: Not administered,.: Omitted or invalid; .A: Not administered,1: Mostly taught before this year; 2: Mostly taught this year; 3: Not yet taught; 9: Omitted or invalid; Sysmis: Not administered,1: Mostly taught before this year; 2: Mostly taught this year; 3: Not yet taught; .: Omitted or invalid; .A: Not administered,Background Questionnaire Variables,B,
ATBM06AL,MAT\TOPICS\NUMBER\ADD AND SUBTRACT DECIMALS (2023),TQM-06Al,Nominal,1,0,,,1: Mostly taught before this year; 2: Mostly taught this year; 3: Not yet taught,9: Omitted or invalid; Sysmis: Not administered,.: Omitted or invalid; .A: Not administered,1: Mostly taught before this year; 2: Mostly taught this year; 3: Not yet taught; 9: Omitted or invalid; Sysmis: Not administered,1: Mostly taught before this year; 2: Mostly taught this year; 3: Not yet taught; .: Omitted or invalid; .A: Not administered,Background Questionnaire Variables,B,
ATBM06BA,MAT\TOPICS\GEOMETRY\SOLVING PROB LENGTH (2023),TQM-06Ba,Nominal,1,0,,,1: Mostly taught before this year; 2: Mostly taught this year; 3: Not yet taught,9: Omitted or invalid; Sysmis: Not administered,.: Omitted or invalid; .A: Not administered,1: Mostly taught before this year; 2: Mostly taught this year; 3: Not yet taught; 9: Omitted or invalid; Sysmis: Not administered,1: Mostly taught before this year; 2: Mostly taught this year; 3: Not yet taught; .: Omitted or invalid; .A: Not administered,Background Questionnaire Variables,B,
ATBM06BB,MAT\TOPICS\GEOMETRY\SOLVING PROB MASS VOLUME TIME (2023),TQM-06Bb,Nominal,1,0,,,1: Mostly taught before this year; 2: Mostly taught this year; 3: Not yet taught,9: Omitted or invalid; Sysmis: Not administered,.: Omitted or invalid; .A: Not administered,1: Mostly taught before this year; 2: Mostly taught this year; 3: Not yet taught; 9: Omitted or invalid; Sysmis: Not administered,1: Mostly taught before this year; 2: Mostly taught this year; 3: Not yet taught; .: Omitted or invalid; .A: Not administered,Background Questionnaire Variables,B,
ATBM06BC,MAT\TOPICS\GEOMETRY\FIND PERIMETER (2023),TQM-06Bc,Nominal,1,0,,,1: Mostly taught before this year; 2: Mostly taught this year; 3: Not yet taught,9: Omitted or invalid; Sysmis: Not administered,.: Omitted or invalid; .A: Not administered,1: Mostly taught before this year; 2: Mostly taught this year; 3: Not yet taught; 9: Omitted or invalid; Sysmis: Not administered,1: Mostly taught before this year; 2: Mostly taught this year; 3: Not yet taught; .: Omitted or invalid; .A: Not administered,Background Questionnaire Variables,B,
ATBM06BD,MAT\TOPICS\GEOMETRY\AREAS AND VOLUMES (2023),TQM-06Bd,Nominal,1,0,,,1: Mostly taught before this year; 2: Mostly taught this year; 3: Not yet taught,9: Omitted or invalid; Sysmis: Not administered,.: Omitted or invalid; .A: Not administered,1: Mostly taught before this year; 2: Mostly taught this year; 3: Not yet taught; 9: Omitted or invalid; Sysmis: Not administered,1: Mostly taught before this year; 2: Mostly taught this year; 3: Not yet taught; .: Omitted or invalid; .A: Not administered,Background Questionnaire Variables,B,
ATBM06BE,MAT\TOPICS\GEOMETRY\PARALLEL AND PERPENDICULAR LINES (2023),TQM-06Be,Nominal,1,0,,,1: Mostly taught before this year; 2: Mostly taught this year; 3: Not yet taught,9: Omitted or invalid; Sysmis: Not administered,.: Omitted or invalid; .A: Not administered,1: Mostly taught before this year; 2: Mostly taught this year; 3: Not yet taught; 9: Omitted or invalid; Sysmis: Not administered,1: Mostly taught before this year; 2: Mostly taught this year; 3: Not yet taught; .: Omitted or invalid; .A: Not administered,Background Questionnaire Variables,B,
ATBM06BF,MAT\TOPICS\GEOMETRY\COMPARE AND DRAW ANGLES (2023),TQM-06Bf,Nominal,1,0,,,1: Mostly taught before this year; 2: Mostly taught this year; 3: Not yet taught,9: Omitted or invalid; Sysmis: Not administered,.: Omitted or invalid; .A: Not administered,1: Mostly taught before this year; 2: Mostly taught this year; 3: Not yet taught; 9: Omitted or invalid; Sysmis: Not administered,1: Mostly taught before this year; 2: Mostly taught this year; 3: Not yet taught; .: Omitted or invalid; .A: Not administered,Background Questionnaire Variables,B,
ATBM06BG,MAT\TOPICS\GEOMETRY\TWO DIMENSIONAL SHAPES (2023),TQM-06Bg,Nominal,1,0,,,1: Mostly taught before this year; 2: Mostly taught this year; 3: Not yet taught,9: Omitted or invalid; Sysmis: Not administered,.: Omitted or invalid; .A: Not administered,1: Mostly taught before this year; 2: Mostly taught this year; 3: Not yet taught; 9: Omitted or invalid; Sysmis: Not administered,1: Mostly taught before this year; 2: Mostly taught this year; 3: Not yet taught; .: Omitted or invalid; .A: Not administered,Background Questionnaire Variables,B,
ATBM06BH,MAT\TOPICS\GEOMETRY\THREE DIMENSIONAL SHAPES (2023),TQM-06Bh,Nominal,1,0,,,1: Mostly taught before this year; 2: Mostly taught this year; 3: Not yet taught,9: Omitted or invalid; Sysmis: Not administered,.: Omitted or invalid; .A: Not administered,1: Mostly taught before this year; 2: Mostly taught this year; 3: Not yet taught; 9: Omitted or invalid; Sysmis: Not administered,1: Mostly taught before this year; 2: Mostly taught this year; 3: Not yet taught; .: Omitted or invalid; .A: Not administered,Background Questionnaire Variables,B,
ATBM06CA,MAT\TOPICS\DATA\READING AND INTERPRETING DATA (2023),TQM-06Ca,Nominal,1,0,,,1: Mostly taught before this year; 2: Mostly taught this year; 3: Not yet taught,9: Omitted or invalid; Sysmis: Not administered,.: Omitted or invalid; .A: Not administered,1: Mostly taught before this year; 2: Mostly taught this year; 3: Not yet taught; 9: Omitted or invalid; Sysmis: Not administered,1: Mostly taught before this year; 2: Mostly taught this year; 3: Not yet taught; .: Omitted or invalid; .A: Not administered,Background Questionnaire Variables,B,
ATBM06CB,MAT\TOPICS\DATA\CREATE OR COMPLETE DATA DISPLAYS (2023),TQM-06Cb,Nominal,1,0,,,1: Mostly taught before this year; 2: Mostly taught this year; 3: Not yet taught,9: Omitted or invalid; Sysmis: Not administered,.: Omitted or invalid; .A: Not administered,1: Mostly taught before this year; 2: Mostly taught this year; 3: Not yet taught; 9: Omitted or invalid; Sysmis: Not administered,1: Mostly taught before this year; 2: Mostly taught this year; 3: Not yet taught; .: Omitted or invalid; .A: Not administered,Background Questionnaire Variables,B,
ATBM06CC,MAT\TOPICS\DATA\DRAWING CONCLUSIONS (2023),TQM-06Cc,Nominal,1,0,,,1: Mostly taught before this year; 2: Mostly taught this year; 3: Not yet taught,9: Omitted or invalid; Sysmis: Not administered,.: Omitted or invalid; .A: Not administered,1: Mostly taught before this year; 2: Mostly taught this year; 3: Not yet taught; 9: Omitted or invalid; Sysmis: Not administered,1: Mostly taught before this year; 2: Mostly taught this year; 3: Not yet taught; .: Omitted or invalid; .A: Not administered,Background Questionnaire Variables,B,
ATBM07A,MAT\HOW OFTEN MATH HOMEWORK ASSIGNED (2023),TQM-07A,Ordinal,1,0,,,1: I do not Assign mathematics homework; 2: Less than once a week; 3: 1 or 2 times a week; 4: 3 or 4 times a week; 5: Every day,9: Omitted or invalid; Sysmis: Not administered,.: Omitted or invalid; .A: Not administered,1: I do not Assign mathematics homework; 2: Less than once a week; 3: 1 or 2 times a week; 4: 3 or 4 times a week; 5: Every day; 9: Omitted or invalid; Sysmis: Not administered,1: I do not Assign mathematics homework; 2: Less than once a week; 3: 1 or 2 times a week; 4: 3 or 4 times a week; 5: Every day; .: Omitted or invalid; .A: Not administered,Filter,F,
ATBM07BA,MAT\HOMEWORK\CORRECT (2023),TQM-07Ba,Ordinal,1,0,,,1: Always or almost always; 2: Sometimes; 3: Never or almost never,9: Omitted or invalid; 6: Logically not applicable; Sysmis: Not administered,.: Omitted or invalid; .A: Not administered; .B: Logically not applicable,1: Always or almost always; 2: Sometimes; 3: Never or almost never; 9: Omitted or invalid; 6: Logically not applicable; Sysmis: Not administered,1: Always or almost always; 2: Sometimes; 3: Never or almost never; .: Omitted or invalid; .A: Not administered; .B: Logically not applicable,Filter Dependent,BD,
ATBM07BB,MAT\HOMEWORK\DISCUSS HOMEWORK (2023),TQM-07Bb,Ordinal,1,0,,,1: Always or almost always; 2: Sometimes; 3: Never or almost never,9: Omitted or invalid; 6: Logically not applicable; Sysmis: Not administered,.: Omitted or invalid; .A: Not administered; .B: Logically not applicable,1: Always or almost always; 2: Sometimes; 3: Never or almost never; 9: Omitted or invalid; 6: Logically not applicable; Sysmis: Not administered,1: Always or almost always; 2: Sometimes; 3: Never or almost never; .: Omitted or invalid; .A: Not administered; .B: Logically not applicable,Filter Dependent,BD,
ATBM07BC,MAT\HOMEWORK\MONITOR COMPLETENESS (2023),TQM-07Bc,Ordinal,1,0,,,1: Always or almost always; 2: Sometimes; 3: Never or almost never,9: Omitted or invalid; 6: Logically not applicable; Sysmis: Not administered,.: Omitted or invalid; .A: Not administered; .B: Logically not applicable,1: Always or almost always; 2: Sometimes; 3: Never or almost never; 9: Omitted or invalid; 6: Logically not applicable; Sysmis: Not administered,1: Always or almost always; 2: Sometimes; 3: Never or almost never; .: Omitted or invalid; .A: Not administered; .B: Logically not applicable,Filter Dependent,BD,
ATBM08A,MAT\IMPORTANCE STRATEGIES\OBSERVING STUDENTS (2023),TQM-08a,Ordinal,1,0,,,1: A lot; 2: Some; 3: None,9: Omitted or invalid; Sysmis: Not administered,.: Omitted or invalid; .A: Not administered,1: A lot; 2: Some; 3: None; 9: Omitted or invalid; Sysmis: Not administered,1: A lot; 2: Some; 3: None; .: Omitted or invalid; .A: Not administered,Background Questionnaire Variables,B,
ATBM08B,MAT\IMPORTANCE STRATEGIES\ASKING STUDENTS (2023),TQM-08b,Ordinal,1,0,,,1: A lot; 2: Some; 3: None,9: Omitted or invalid; Sysmis: Not administered,.: Omitted or invalid; .A: Not administered,1: A lot; 2: Some; 3: None; 9: Omitted or invalid; Sysmis: Not administered,1: A lot; 2: Some; 3: None; .: Omitted or invalid; .A: Not administered,Background Questionnaire Variables,B,
ATBM08C,MAT\IMPORTANCE STRATEGIES\SHORT ASSESSMENTS (2023),TQM-08c,Ordinal,1,0,,,1: A lot; 2: Some; 3: None,9: Omitted or invalid; Sysmis: Not administered,.: Omitted or invalid; .A: Not administered,1: A lot; 2: Some; 3: None; 9: Omitted or invalid; Sysmis: Not administered,1: A lot; 2: Some; 3: None; .: Omitted or invalid; .A: Not administered,Background Questionnaire Variables,B,
ATBM08D,MAT\IMPORTANCE STRATEGIES\LONGER TESTS (2023),TQM-08d,Ordinal,1,0,,,1: A lot; 2: Some; 3: None,9: Omitted or invalid; Sysmis: Not administered,.: Omitted or invalid; .A: Not administered,1: A lot; 2: Some; 3: None; 9: Omitted or invalid; Sysmis: Not administered,1: A lot; 2: Some; 3: None; .: Omitted or invalid; .A: Not administered,Background Questionnaire Variables,B,
ATBM08E,MAT\IMPORTANCE STRATEGIES\LONG-TERM PROJECTS (2023),TQM-08e,Ordinal,1,0,,,1: A lot; 2: Some; 3: None,9: Omitted or invalid; Sysmis: Not administered,.: Omitted or invalid; .A: Not administered,1: A lot; 2: Some; 3: None; 9: Omitted or invalid; Sysmis: Not administered,1: A lot; 2: Some; 3: None; .: Omitted or invalid; .A: Not administered,Background Questionnaire Variables,B,
ATBM09AA,MAT\PROF DEVELOPMENT PAST\MATH CONTENT (2023),TQM-09Aa,Nominal,1,0,,,1: Yes; 2: No,9: Omitted or invalid; Sysmis: Not administered,.: Omitted or invalid; .A: Not administered,1: Yes; 2: No; 9: Omitted or invalid; Sysmis: Not administered,1: Yes; 2: No; .: Omitted or invalid; .A: Not administered,Background Questionnaire Variables,B,
ATBM09BA,MAT\PROF DEVELOPMENT FUTURE\MATH CONTENT (2023),TQM-09Ba,Nominal,1,0,,,1: Yes; 2: No,9: Omitted or invalid; Sysmis: Not administered,.: Omitted or invalid; .A: Not administered,1: Yes; 2: No; 9: Omitted or invalid; Sysmis: Not administered,1: Yes; 2: No; .: Omitted or invalid; .A: Not administered,Background Questionnaire Variables,B,
ATBM09AB,MAT\PROF DEVELOPMENT PAST\MATH PEDAGOGY (2023),TQM-09Ab,Nominal,1,0,,,1: Yes; 2: No,9: Omitted or invalid; Sysmis: Not administered,.: Omitted or invalid; .A: Not administered,1: Yes; 2: No; 9: Omitted or invalid; Sysmis: Not administered,1: Yes; 2: No; .: Omitted or invalid; .A: Not administered,Background Questionnaire Variables,B,
ATBM09BB,MAT\PROF DEVELOPMENT FUTURE\MATH PEDAGOGY (2023),TQM-09Bb,Nominal,1,0,,,1: Yes; 2: No,9: Omitted or invalid; Sysmis: Not administered,.: Omitted or invalid; .A: Not administered,1: Yes; 2: No; 9: Omitted or invalid; Sysmis: Not administered,1: Yes; 2: No; .: Omitted or invalid; .A: Not administered,Background Questionnaire Variables,B,
ATBM09AC,MAT\PROF DEVELOPMENT PAST\MATH CURRICULUM (2023),TQM-09Ac,Nominal,1,0,,,1: Yes; 2: No,9: Omitted or invalid; Sysmis: Not administered,.: Omitted or invalid; .A: Not administered,1: Yes; 2: No; 9: Omitted or invalid; Sysmis: Not administered,1: Yes; 2: No; .: Omitted or invalid; .A: Not administered,Background Questionnaire Variables,B,
ATBM09BC,MAT\PROF DEVELOPMENT FUTURE\MATH CURRICULUM (2023),TQM-09Bc,Nominal,1,0,,,1: Yes; 2: No,9: Omitted or invalid; Sysmis: Not administered,.: Omitted or invalid; .A: Not administered,1: Yes; 2: No; 9: Omitted or invalid; Sysmis: Not administered,1: Yes; 2: No; .: Omitted or invalid; .A: Not administered,Background Questionnaire Variables,B,
ATBM09AD,MAT\PROF DEVELOPMENT PAST\INTEGRATING TECHNOLOGY (2023),TQM-09Ad,Nominal,1,0,,,1: Yes; 2: No,9: Omitted or invalid; Sysmis: Not administered,.: Omitted or invalid; .A: Not administered,1: Yes; 2: No; 9: Omitted or invalid; Sysmis: Not administered,1: Yes; 2: No; .: Omitted or invalid; .A: Not administered,Background Questionnaire Variables,B,
ATBM09BD,MAT\PROF DEVELOPMENT FUTURE\INTEGRATING TECHNOLOGY (2023),TQM-09Bd,Nominal,1,0,,,1: Yes; 2: No,9: Omitted or invalid; Sysmis: Not administered,.: Omitted or invalid; .A: Not administered,1: Yes; 2: No; 9: Omitted or invalid; Sysmis: Not administered,1: Yes; 2: No; .: Omitted or invalid; .A: Not administered,Background Questionnaire Variables,B,
ATBM09AE,MAT\PROF DEVELOPMENT PAST\PROBLEM SOLVING SKILLS (2023),TQM-09Ae,Nominal,1,0,,,1: Yes; 2: No,9: Omitted or invalid; Sysmis: Not administered,.: Omitted or invalid; .A: Not administered,1: Yes; 2: No; 9: Omitted or invalid; Sysmis: Not administered,1: Yes; 2: No; .: Omitted or invalid; .A: Not administered,Background Questionnaire Variables,B,
ATBM09BE,MAT\PROF DEVELOPMENT FUTURE\PROBLEM SOLVING SKILLS (2023),TQM-09Be,Nominal,1,0,,,1: Yes; 2: No,9: Omitted or invalid; Sysmis: Not administered,.: Omitted or invalid; .A: Not administered,1: Yes; 2: No; 9: Omitted or invalid; Sysmis: Not administered,1: Yes; 2: No; .: Omitted or invalid; .A: Not administered,Background Questionnaire Variables,B,
ATBM09AF,MAT\PROF DEVELOPMENT PAST\MATH ASSESSMENT (2023),TQM-09Af,Nominal,1,0,,,1: Yes; 2: No,9: Omitted or invalid; Sysmis: Not administered,.: Omitted or invalid; .A: Not administered,1: Yes; 2: No; 9: Omitted or invalid; Sysmis: Not administered,1: Yes; 2: No; .: Omitted or invalid; .A: Not administered,Background Questionnaire Variables,B,
ATBM09BF,MAT\PROF DEVELOPMENT FUTURE\MATH ASSESSMENT (2023),TQM-09Bf,Nominal,1,0,,,1: Yes; 2: No,9: Omitted or invalid; Sysmis: Not administered,.: Omitted or invalid; .A: Not administered,1: Yes; 2: No; 9: Omitted or invalid; Sysmis: Not administered,1: Yes; 2: No; .: Omitted or invalid; .A: Not administered,Background Questionnaire Variables,B,
ATBM09AG,MAT\PROF DEVELOPMENT PAST\STUDENT NEEDS (2023),TQM-09Ag,Nominal,1,0,,,1: Yes; 2: No,9: Omitted or invalid; Sysmis: Not administered,.: Omitted or invalid; .A: Not administered,1: Yes; 2: No; 9: Omitted or invalid; Sysmis: Not administered,1: Yes; 2: No; .: Omitted or invalid; .A: Not administered,Background Questionnaire Variables,B,
ATBM09BG,MAT\PROF DEVELOPMENT FUTURE\STUDENT NEEDS (2023),TQM-09Bg,Nominal,1,0,,,1: Yes; 2: No,9: Omitted or invalid; Sysmis: Not administered,.: Omitted or invalid; .A: Not administered,1: Yes; 2: No; 9: Omitted or invalid; Sysmis: Not administered,1: Yes; 2: No; .: Omitted or invalid; .A: Not administered,Background Questionnaire Variables,B,
ATBS01A,SCI\SCIENCE TAUGHT AS SEPARATE SUBJECT (2023),TQS-01A,Nominal,1,0,,,1: Yes; 2: No,9: Omitted or invalid; Sysmis: Not administered,.: Omitted or invalid; .A: Not administered,1: Yes; 2: No; 9: Omitted or invalid; Sysmis: Not administered,1: Yes; 2: No; .: Omitted or invalid; .A: Not administered,Background Questionnaire Variables,B,
ATBS01B,SCI\TIME SPENT SCIENCE MINUTES (2023),TQS-01B,Ratio,4,0,1,1800,,9999: Omitted or invalid; Sysmis: Not administered,.: Omitted or invalid; .A: Not administered,9999: Omitted or invalid; Sysmis: Not administered,.: Omitted or invalid; .A: Not administered,Background Questionnaire Variables,B,
ATBS02A,SCI\ASK STUDENTS\LISTEN TO ME EXPLAIN (2023),TQS-02a,Ordinal,1,0,,,1: Every or almost every lesson; 2: About half the lessons; 3: Some lessons; 4: Never,9: Omitted or invalid; Sysmis: Not administered,.: Omitted or invalid; .A: Not administered,1: Every or almost every lesson; 2: About half the lessons; 3: Some lessons; 4: Never; 9: Omitted or invalid; Sysmis: Not administered,1: Every or almost every lesson; 2: About half the lessons; 3: Some lessons; 4: Never; .: Omitted or invalid; .A: Not administered,Background Questionnaire Variables,B,
ATBS02B,SCI\ASK STUDENTS\OBSERVE PHENOMENA (2023),TQS-02b,Ordinal,1,0,,,1: Every or almost every lesson; 2: About half the lessons; 3: Some lessons; 4: Never,9: Omitted or invalid; Sysmis: Not administered,.: Omitted or invalid; .A: Not administered,1: Every or almost every lesson; 2: About half the lessons; 3: Some lessons; 4: Never; 9: Omitted or invalid; Sysmis: Not administered,1: Every or almost every lesson; 2: About half the lessons; 3: Some lessons; 4: Never; .: Omitted or invalid; .A: Not administered,Background Questionnaire Variables,B,
ATBS02C,SCI\ASK STUDENTS\DEMONSTRATE EXPERIMENT (2023),TQS-02c,Ordinal,1,0,,,1: Every or almost every lesson; 2: About half the lessons; 3: Some lessons; 4: Never,9: Omitted or invalid; Sysmis: Not administered,.: Omitted or invalid; .A: Not administered,1: Every or almost every lesson; 2: About half the lessons; 3: Some lessons; 4: Never; 9: Omitted or invalid; Sysmis: Not administered,1: Every or almost every lesson; 2: About half the lessons; 3: Some lessons; 4: Never; .: Omitted or invalid; .A: Not administered,Background Questionnaire Variables,B,
ATBS02D,SCI\ASK STUDENTS\READ TEXTBOOK (2023),TQS-02d,Ordinal,1,0,,,1: Every or almost every lesson; 2: About half the lessons; 3: Some lessons; 4: Never,9: Omitted or invalid; Sysmis: Not administered,.: Omitted or invalid; .A: Not administered,1: Every or almost every lesson; 2: About half the lessons; 3: Some lessons; 4: Never; 9: Omitted or invalid; Sysmis: Not administered,1: Every or almost every lesson; 2: About half the lessons; 3: Some lessons; 4: Never; .: Omitted or invalid; .A: Not administered,Background Questionnaire Variables,B,
ATBS02E,SCI\ASK STUDENTS\MEMORIZE FACTS (2023),TQS-02e,Ordinal,1,0,,,1: Every or almost every lesson; 2: About half the lessons; 3: Some lessons; 4: Never,9: Omitted or invalid; Sysmis: Not administered,.: Omitted or invalid; .A: Not administered,1: Every or almost every lesson; 2: About half the lessons; 3: Some lessons; 4: Never; 9: Omitted or invalid; Sysmis: Not administered,1: Every or almost every lesson; 2: About half the lessons; 3: Some lessons; 4: Never; .: Omitted or invalid; .A: Not administered,Background Questionnaire Variables,B,
ATBS02F,SCI\ASK STUDENTS\DO FIELD WORK (2023),TQS-02f,Ordinal,1,0,,,1: Every or almost every lesson; 2: About half the lessons; 3: Some lessons; 4: Never,9: Omitted or invalid; Sysmis: Not administered,.: Omitted or invalid; .A: Not administered,1: Every or almost every lesson; 2: About half the lessons; 3: Some lessons; 4: Never; 9: Omitted or invalid; Sysmis: Not administered,1: Every or almost every lesson; 2: About half the lessons; 3: Some lessons; 4: Never; .: Omitted or invalid; .A: Not administered,Background Questionnaire Variables,B,
ATBS02G,SCI\ASK STUDENTS\MIXED ABILITY GROUPS (2023),TQS-02g,Ordinal,1,0,,,1: Every or almost every lesson; 2: About half the lessons; 3: Some lessons; 4: Never,9: Omitted or invalid; Sysmis: Not administered,.: Omitted or invalid; .A: Not administered,1: Every or almost every lesson; 2: About half the lessons; 3: Some lessons; 4: Never; 9: Omitted or invalid; Sysmis: Not administered,1: Every or almost every lesson; 2: About half the lessons; 3: Some lessons; 4: Never; .: Omitted or invalid; .A: Not administered,Background Questionnaire Variables,B,
ATBS02H,SCI\ASK STUDENTS\SAME ABILITY GROUPS (2023),TQS-02h,Ordinal,1,0,,,1: Every or almost every lesson; 2: About half the lessons; 3: Some lessons; 4: Never,9: Omitted or invalid; Sysmis: Not administered,.: Omitted or invalid; .A: Not administered,1: Every or almost every lesson; 2: About half the lessons; 3: Some lessons; 4: Never; 9: Omitted or invalid; Sysmis: Not administered,1: Every or almost every lesson; 2: About half the lessons; 3: Some lessons; 4: Never; .: Omitted or invalid; .A: Not administered,Background Questionnaire Variables,B,
ATBS03A,SCI\EMPHASIS\ASK QUESTIONS (2023),TQS-03a,Ordinal,1,0,,,1: A lot; 2: Some; 3: None,9: Omitted or invalid; Sysmis: Not administered,.: Omitted or invalid; .A: Not administered,1: A lot; 2: Some; 3: None; 9: Omitted or invalid; Sysmis: Not administered,1: A lot; 2: Some; 3: None; .: Omitted or invalid; .A: Not administered,Background Questionnaire Variables,B,
ATBS03B,SCI\EMPHASIS\PREDICT OUTCOMES (2023),TQS-03b,Ordinal,1,0,,,1: A lot; 2: Some; 3: None,9: Omitted or invalid; Sysmis: Not administered,.: Omitted or invalid; .A: Not administered,1: A lot; 2: Some; 3: None; 9: Omitted or invalid; Sysmis: Not administered,1: A lot; 2: Some; 3: None; .: Omitted or invalid; .A: Not administered,Background Questionnaire Variables,B,
ATBS03C,SCI\EMPHASIS\CREATE REPRESENTATIONS (2023),TQS-03c,Ordinal,1,0,,,1: A lot; 2: Some; 3: None,9: Omitted or invalid; Sysmis: Not administered,.: Omitted or invalid; .A: Not administered,1: A lot; 2: Some; 3: None; 9: Omitted or invalid; Sysmis: Not administered,1: A lot; 2: Some; 3: None; .: Omitted or invalid; .A: Not administered,Background Questionnaire Variables,B,
ATBS03D,SCI\EMPHASIS\EXPLAIN PHENOMENA (2023),TQS-03d,Ordinal,1,0,,,1: A lot; 2: Some; 3: None,9: Omitted or invalid; Sysmis: Not administered,.: Omitted or invalid; .A: Not administered,1: A lot; 2: Some; 3: None; 9: Omitted or invalid; Sysmis: Not administered,1: A lot; 2: Some; 3: None; .: Omitted or invalid; .A: Not administered,Background Questionnaire Variables,B,
ATBS03E,SCI\EMPHASIS\CONDUCT EXPERIMENTS (2023),TQS-03e,Ordinal,1,0,,,1: A lot; 2: Some; 3: None,9: Omitted or invalid; Sysmis: Not administered,.: Omitted or invalid; .A: Not administered,1: A lot; 2: Some; 3: None; 9: Omitted or invalid; Sysmis: Not administered,1: A lot; 2: Some; 3: None; .: Omitted or invalid; .A: Not administered,Background Questionnaire Variables,B,
ATBS04A,SCI\TEACHING\DEVELOP POSITIVE ATTITUDES (2023),TQS-04a,Ordinal,1,0,,,1: At least once a week; 2: Once or twice a month; 3: A few times a year; 4: Never or almost never,9: Omitted or invalid; Sysmis: Not administered,.: Omitted or invalid; .A: Not administered,1: At least once a week; 2: Once or twice a month; 3: A few times a year; 4: Never or almost never; 9: Omitted or invalid; Sysmis: Not administered,1: At least once a week; 2: Once or twice a month; 3: A few times a year; 4: Never or almost never; .: Omitted or invalid; .A: Not administered,Background Questionnaire Variables,B,
ATBS04B,SCI\TEACHING\ENCOURAGE SAVE RESOURCES (2023),TQS-04b,Ordinal,1,0,,,1: At least once a week; 2: Once or twice a month; 3: A few times a year; 4: Never or almost never,9: Omitted or invalid; Sysmis: Not administered,.: Omitted or invalid; .A: Not administered,1: At least once a week; 2: Once or twice a month; 3: A few times a year; 4: Never or almost never; 9: Omitted or invalid; Sysmis: Not administered,1: At least once a week; 2: Once or twice a month; 3: A few times a year; 4: Never or almost never; .: Omitted or invalid; .A: Not administered,Background Questionnaire Variables,B,
ATBS04C,SCI\TEACHING\DISCUSS ACTIONS (2023),TQS-04c,Ordinal,1,0,,,1: At least once a week; 2: Once or twice a month; 3: A few times a year; 4: Never or almost never,9: Omitted or invalid; Sysmis: Not administered,.: Omitted or invalid; .A: Not administered,1: At least once a week; 2: Once or twice a month; 3: A few times a year; 4: Never or almost never; 9: Omitted or invalid; Sysmis: Not administered,1: At least once a week; 2: Once or twice a month; 3: A few times a year; 4: Never or almost never; .: Omitted or invalid; .A: Not administered,Background Questionnaire Variables,B,
ATBS04D,SCI\TEACHING\DISCUSS ISSUES (2023),TQS-04d,Ordinal,1,0,,,1: At least once a week; 2: Once or twice a month; 3: A few times a year; 4: Never or almost never,9: Omitted or invalid; Sysmis: Not administered,.: Omitted or invalid; .A: Not administered,1: At least once a week; 2: Once or twice a month; 3: A few times a year; 4: Never or almost never; 9: Omitted or invalid; Sysmis: Not administered,1: At least once a week; 2: Once or twice a month; 3: A few times a year; 4: Never or almost never; .: Omitted or invalid; .A: Not administered,Background Questionnaire Variables,B,
ATBS05A,SCI\TEACH ISSUES\VISIT NATURAL AREAS (2023),TQS-05a,Nominal,1,0,,,1: Yes; 2: No,9: Omitted or invalid; Sysmis: Not administered,.: Omitted or invalid; .A: Not administered,1: Yes; 2: No; 9: Omitted or invalid; Sysmis: Not administered,1: Yes; 2: No; .: Omitted or invalid; .A: Not administered,Background Questionnaire Variables,B,
ATBS05B,SCI\TEACH ISSUES\PARTICIPATE ACTIVITIES (2023),TQS-05b,Nominal,1,0,,,1: Yes; 2: No,9: Omitted or invalid; Sysmis: Not administered,.: Omitted or invalid; .A: Not administered,1: Yes; 2: No; 9: Omitted or invalid; Sysmis: Not administered,1: Yes; 2: No; .: Omitted or invalid; .A: Not administered,Background Questionnaire Variables,B,
ATBS05C,SCI\TEACH ISSUES\RESEARCH TOPICS (2023),TQS-05c,Nominal,1,0,,,1: Yes; 2: No,9: Omitted or invalid; Sysmis: Not administered,.: Omitted or invalid; .A: Not administered,1: Yes; 2: No; 9: Omitted or invalid; Sysmis: Not administered,1: Yes; 2: No; .: Omitted or invalid; .A: Not administered,Background Questionnaire Variables,B,
ATBS05D,SCI\TEACH ISSUES\OUTDOOR PROGRAMS (2023),TQS-05d,Nominal,1,0,,,1: Yes; 2: No,9: Omitted or invalid; Sysmis: Not administered,.: Omitted or invalid; .A: Not administered,1: Yes; 2: No; 9: Omitted or invalid; Sysmis: Not administered,1: Yes; 2: No; .: Omitted or invalid; .A: Not administered,Background Questionnaire Variables,B,
ATBS06,SCI\ENVIRONMENTAL EDUCATION\OPINION (2023),TQS-06,Ordinal,1,0,,,1: Agree a lot; 2: Agree a little; 3: Disagree a little; 4: Disagree a lot,9: Omitted or invalid; Sysmis: Not administered,.: Omitted or invalid; .A: Not administered,1: Agree a lot; 2: Agree a little; 3: Disagree a little; 4: Disagree a lot; 9: Omitted or invalid; Sysmis: Not administered,1: Agree a lot; 2: Agree a little; 3: Disagree a little; 4: Disagree a lot; .: Omitted or invalid; .A: Not administered,Background Questionnaire Variables,B,
ATBS07A,SCI\DIGITAL DEVICE AVAILABILITY DURING SCIENCE (2023),TQS-07A,Nominal,1,0,,,1: Yes; 2: No,9: Omitted or invalid; Sysmis: Not administered,.: Omitted or invalid; .A: Not administered,1: Yes; 2: No; 9: Omitted or invalid; Sysmis: Not administered,1: Yes; 2: No; .: Omitted or invalid; .A: Not administered,Background Questionnaire Variables,B,
ATBS07BA,SCI\ACCESS TO DEVICES\EACH STD HAS A DEVICE (2023),TQS-07Ba,Nominal,1,0,,,1: Yes; 2: No,9: Omitted or invalid; 6: Logically not applicable; Sysmis: Not administered,.: Omitted or invalid; .A: Not administered; .B: Logically not applicable,1: Yes; 2: No; 9: Omitted or invalid; 6: Logically not applicable; Sysmis: Not administered,1: Yes; 2: No; .: Omitted or invalid; .A: Not administered; .B: Logically not applicable,Background Questionnaire Variables,B,
ATBS07BB,SCI\ACCESS TO DEVICES\CLASS HAS DEVICES TO SHARE (2023),TQS-07Bb,Nominal,1,0,,,1: Yes; 2: No,9: Omitted or invalid; 6: Logically not applicable; Sysmis: Not administered,.: Omitted or invalid; .A: Not administered; .B: Logically not applicable,1: Yes; 2: No; 9: Omitted or invalid; 6: Logically not applicable; Sysmis: Not administered,1: Yes; 2: No; .: Omitted or invalid; .A: Not administered; .B: Logically not applicable,Background Questionnaire Variables,B,
ATBS07BC,SCI\ACCESS TO DEVICES\SCHOOL HAS DEVICES (2023),TQS-07Bc,Nominal,1,0,,,1: Yes; 2: No,9: Omitted or invalid; 6: Logically not applicable; Sysmis: Not administered,.: Omitted or invalid; .A: Not administered; .B: Logically not applicable,1: Yes; 2: No; 9: Omitted or invalid; 6: Logically not applicable; Sysmis: Not administered,1: Yes; 2: No; .: Omitted or invalid; .A: Not administered; .B: Logically not applicable,Background Questionnaire Variables,B,
ATBS07BD,SCI\ACCESS TO DEVICES\STUDENTS BRING OWN DEVICES (2023),TQS-07Bd,Nominal,1,0,,,1: Yes; 2: No,9: Omitted or invalid; 6: Logically not applicable; Sysmis: Not administered,.: Omitted or invalid; .A: Not administered; .B: Logically not applicable,1: Yes; 2: No; 9: Omitted or invalid; 6: Logically not applicable; Sysmis: Not administered,1: Yes; 2: No; .: Omitted or invalid; .A: Not administered; .B: Logically not applicable,Background Questionnaire Variables,B,
ATBS07C,SCI\ACCESS TO DEVICES\HOW OFTEN (2023),TQS-07C,Ordinal,1,0,,,1: At least once a week; 2: Once or twice a month; 3: A few times a year; 4: Never or almost never,9: Omitted or invalid; 6: Logically not applicable; Sysmis: Not administered,.: Omitted or invalid; .A: Not administered; .B: Logically not applicable,1: At least once a week; 2: Once or twice a month; 3: A few times a year; 4: Never or almost never; 9: Omitted or invalid; 6: Logically not applicable; Sysmis: Not administered,1: At least once a week; 2: Once or twice a month; 3: A few times a year; 4: Never or almost never; .: Omitted or invalid; .A: Not administered; .B: Logically not applicable,Background Questionnaire Variables,B,
ATBS07DA,SCI\ACCESS TO DEVICES\HOW OFTEN\EXTENDED PROBLEMS (2023),TQS-07Da,Ordinal,1,0,,,1: At least once a week; 2: Once or twice a month; 3: A few times a year; 4: Never or almost never,9: Omitted or invalid; 6: Logically not applicable; Sysmis: Not administered,.: Omitted or invalid; .A: Not administered; .B: Logically not applicable,1: At least once a week; 2: Once or twice a month; 3: A few times a year; 4: Never or almost never; 9: Omitted or invalid; 6: Logically not applicable; Sysmis: Not administered,1: At least once a week; 2: Once or twice a month; 3: A few times a year; 4: Never or almost never; .: Omitted or invalid; .A: Not administered; .B: Logically not applicable,Background Questionnaire Variables,B,
ATBS07DB,SCI\ACCESS TO DEVICES\HOW OFTEN\CREATE DATA DISPLAYS (2023),TQS-07Db,Ordinal,1,0,,,1: At least once a week; 2: Once or twice a month; 3: A few times a year; 4: Never or almost never,9: Omitted or invalid; 6: Logically not applicable; Sysmis: Not administered,.: Omitted or invalid; .A: Not administered; .B: Logically not applicable,1: At least once a week; 2: Once or twice a month; 3: A few times a year; 4: Never or almost never; 9: Omitted or invalid; 6: Logically not applicable; Sysmis: Not administered,1: At least once a week; 2: Once or twice a month; 3: A few times a year; 4: Never or almost never; .: Omitted or invalid; .A: Not administered; .B: Logically not applicable,Background Questionnaire Variables,B,
ATBS07DC,SCI\ACCESS TO DEVICES\HOW OFTEN\PLAY GAMES (2023),TQS-07Dc,Ordinal,1,0,,,1: At least once a week; 2: Once or twice a month; 3: A few times a year; 4: Never or almost never,9: Omitted or invalid; 6: Logically not applicable; Sysmis: Not administered,.: Omitted or invalid; .A: Not administered; .B: Logically not applicable,1: At least once a week; 2: Once or twice a month; 3: A few times a year; 4: Never or almost never; 9: Omitted or invalid; 6: Logically not applicable; Sysmis: Not administered,1: At least once a week; 2: Once or twice a month; 3: A few times a year; 4: Never or almost never; .: Omitted or invalid; .A: Not administered; .B: Logically not applicable,Background Questionnaire Variables,B,
ATBS07DD,SCI\ACCESS TO DEVICES\HOW OFTEN\EXPERIMENTS OR SIMULATIONS (2023),TQS-07Dd,Ordinal,1,0,,,1: At least once a week; 2: Once or twice a month; 3: A few times a year; 4: Never or almost never,9: Omitted or invalid; 6: Logically not applicable; Sysmis: Not administered,.: Omitted or invalid; .A: Not administered; .B: Logically not applicable,1: At least once a week; 2: Once or twice a month; 3: A few times a year; 4: Never or almost never; 9: Omitted or invalid; 6: Logically not applicable; Sysmis: Not administered,1: At least once a week; 2: Once or twice a month; 3: A few times a year; 4: Never or almost never; .: Omitted or invalid; .A: Not administered; .B: Logically not applicable,Background Questionnaire Variables,B,
ATBS07DE,SCI\ACCESS TO DEVICES\HOW OFTEN\READ TEXTBOOK (2023),TQS-07De,Ordinal,1,0,,,1: At least once a week; 2: Once or twice a month; 3: A few times a year; 4: Never or almost never,9: Omitted or invalid; 6: Logically not applicable; Sysmis: Not administered,.: Omitted or invalid; .A: Not administered; .B: Logically not applicable,1: At least once a week; 2: Once or twice a month; 3: A few times a year; 4: Never or almost never; 9: Omitted or invalid; 6: Logically not applicable; Sysmis: Not administered,1: At least once a week; 2: Once or twice a month; 3: A few times a year; 4: Never or almost never; .: Omitted or invalid; .A: Not administered; .B: Logically not applicable,Background Questionnaire Variables,B,
ATBS07DF,SCI\ACCESS TO DEVICES\HOW OFTEN\TAKE TEST (2023),TQS-07Df,Ordinal,1,0,,,1: At least once a week; 2: Once or twice a month; 3: A few times a year; 4: Never or almost never,9: Omitted or invalid; 6: Logically not applicable; Sysmis: Not administered,.: Omitted or invalid; .A: Not administered; .B: Logically not applicable,1: At least once a week; 2: Once or twice a month; 3: A few times a year; 4: Never or almost never; 9: Omitted or invalid; 6: Logically not applicable; Sysmis: Not administered,1: At least once a week; 2: Once or twice a month; 3: A few times a year; 4: Never or almost never; .: Omitted or invalid; .A: Not administered; .B: Logically not applicable,Background Questionnaire Variables,B,
ATBS08A,SCI\KEEP FROM USING DIGITAL DEVICES\NOT KNOWING HOW (2023),TQS-08a,Ordinal,1,0,,,1: Not at all; 2: Somewhat; 3: A lot,9: Omitted or invalid; Sysmis: Not administered,.: Omitted or invalid; .A: Not administered,1: Not at all; 2: Somewhat; 3: A lot; 9: Omitted or invalid; Sysmis: Not administered,1: Not at all; 2: Somewhat; 3: A lot; .: Omitted or invalid; .A: Not administered,Background Questionnaire Variables,B,
ATBS08B,SCI\KEEP FROM USING DIGITAL DEVICES\NOT ENOUCH ACCESS (2023),TQS-08b,Ordinal,1,0,,,1: Not at all; 2: Somewhat; 3: A lot,9: Omitted or invalid; Sysmis: Not administered,.: Omitted or invalid; .A: Not administered,1: Not at all; 2: Somewhat; 3: A lot; 9: Omitted or invalid; Sysmis: Not administered,1: Not at all; 2: Somewhat; 3: A lot; .: Omitted or invalid; .A: Not administered,Background Questionnaire Variables,B,
ATBS08C,SCI\KEEP FROM USING DIGITAL DEVICES\KEEPING STUDENTS ON TASK (2023),TQS-08c,Ordinal,1,0,,,1: Not at all; 2: Somewhat; 3: A lot,9: Omitted or invalid; Sysmis: Not administered,.: Omitted or invalid; .A: Not administered,1: Not at all; 2: Somewhat; 3: A lot; 9: Omitted or invalid; Sysmis: Not administered,1: Not at all; 2: Somewhat; 3: A lot; .: Omitted or invalid; .A: Not administered,Background Questionnaire Variables,B,
ATBS08D,SCI\KEEP FROM USING DIGITAL DEVICES\LACK TECH SUPPORT (2023),TQS-08d,Ordinal,1,0,,,1: Not at all; 2: Somewhat; 3: A lot,9: Omitted or invalid; Sysmis: Not administered,.: Omitted or invalid; .A: Not administered,1: Not at all; 2: Somewhat; 3: A lot; 9: Omitted or invalid; Sysmis: Not administered,1: Not at all; 2: Somewhat; 3: A lot; .: Omitted or invalid; .A: Not administered,Background Questionnaire Variables,B,
ATBS09AA,SCI\TOPICS\LIFE\LIVING THINGS (2023),TQS-09Aa,Nominal,1,0,,,1: Mostly taught before this year; 2: Mostly taught this year; 3: Not yet taught,9: Omitted or invalid; Sysmis: Not administered,.: Omitted or invalid; .A: Not administered,1: Mostly taught before this year; 2: Mostly taught this year; 3: Not yet taught; 9: Omitted or invalid; Sysmis: Not administered,1: Mostly taught before this year; 2: Mostly taught this year; 3: Not yet taught; .: Omitted or invalid; .A: Not administered,Background Questionnaire Variables,B,
ATBS09AB,SCI\TOPICS\LIFE\CHARACTERISTICS GROUPS OF LIVING THINGS (2023),TQS-09Ab,Nominal,1,0,,,1: Mostly taught before this year; 2: Mostly taught this year; 3: Not yet taught,9: Omitted or invalid; Sysmis: Not administered,.: Omitted or invalid; .A: Not administered,1: Mostly taught before this year; 2: Mostly taught this year; 3: Not yet taught; 9: Omitted or invalid; Sysmis: Not administered,1: Mostly taught before this year; 2: Mostly taught this year; 3: Not yet taught; .: Omitted or invalid; .A: Not administered,Background Questionnaire Variables,B,
ATBS09AC,SCI\TOPICS\LIFE\FUNCTIONS MAJOR STRUCTURES (2023),TQS-09Ac,Nominal,1,0,,,1: Mostly taught before this year; 2: Mostly taught this year; 3: Not yet taught,9: Omitted or invalid; Sysmis: Not administered,.: Omitted or invalid; .A: Not administered,1: Mostly taught before this year; 2: Mostly taught this year; 3: Not yet taught; 9: Omitted or invalid; Sysmis: Not administered,1: Mostly taught before this year; 2: Mostly taught this year; 3: Not yet taught; .: Omitted or invalid; .A: Not administered,Background Questionnaire Variables,B,
ATBS09AD,SCI\TOPICS\LIFE\LIFE CYCLES (2023),TQS-09Ad,Nominal,1,0,,,1: Mostly taught before this year; 2: Mostly taught this year; 3: Not yet taught,9: Omitted or invalid; Sysmis: Not administered,.: Omitted or invalid; .A: Not administered,1: Mostly taught before this year; 2: Mostly taught this year; 3: Not yet taught; 9: Omitted or invalid; Sysmis: Not administered,1: Mostly taught before this year; 2: Mostly taught this year; 3: Not yet taught; .: Omitted or invalid; .A: Not administered,Background Questionnaire Variables,B,
ATBS09AE,SCI\TOPICS\LIFE\INHERITED CHARACTERISTICS (2023),TQS-09Ae,Nominal,1,0,,,1: Mostly taught before this year; 2: Mostly taught this year; 3: Not yet taught,9: Omitted or invalid; Sysmis: Not administered,.: Omitted or invalid; .A: Not administered,1: Mostly taught before this year; 2: Mostly taught this year; 3: Not yet taught; 9: Omitted or invalid; Sysmis: Not administered,1: Mostly taught before this year; 2: Mostly taught this year; 3: Not yet taught; .: Omitted or invalid; .A: Not administered,Background Questionnaire Variables,B,
ATBS09AF,SCI\TOPICS\LIFE\HOW LIVING THINGS SURVIVE (2023),TQS-09Af,Nominal,1,0,,,1: Mostly taught before this year; 2: Mostly taught this year; 3: Not yet taught,9: Omitted or invalid; Sysmis: Not administered,.: Omitted or invalid; .A: Not administered,1: Mostly taught before this year; 2: Mostly taught this year; 3: Not yet taught; 9: Omitted or invalid; Sysmis: Not administered,1: Mostly taught before this year; 2: Mostly taught this year; 3: Not yet taught; .: Omitted or invalid; .A: Not administered,Background Questionnaire Variables,B,
ATBS09AG,SCI\TOPICS\LIFE\HUMAN ACTIONS IMPACT ENVIRONMENT (2023),TQS-09Ag,Nominal,1,0,,,1: Mostly taught before this year; 2: Mostly taught this year; 3: Not yet taught,9: Omitted or invalid; Sysmis: Not administered,.: Omitted or invalid; .A: Not administered,1: Mostly taught before this year; 2: Mostly taught this year; 3: Not yet taught; 9: Omitted or invalid; Sysmis: Not administered,1: Mostly taught before this year; 2: Mostly taught this year; 3: Not yet taught; .: Omitted or invalid; .A: Not administered,Background Questionnaire Variables,B,
ATBS09AH,SCI\TOPICS\LIFE\COMMON ECOSYSTEMS (2023),TQS-09Ah,Nominal,1,0,,,1: Mostly taught before this year; 2: Mostly taught this year; 3: Not yet taught,9: Omitted or invalid; Sysmis: Not administered,.: Omitted or invalid; .A: Not administered,1: Mostly taught before this year; 2: Mostly taught this year; 3: Not yet taught; 9: Omitted or invalid; Sysmis: Not administered,1: Mostly taught before this year; 2: Mostly taught this year; 3: Not yet taught; .: Omitted or invalid; .A: Not administered,Background Questionnaire Variables,B,
ATBS09AI,SCI\TOPICS\LIFE\SIMPLE FOOD CHAINS (2023),TQS-09Ai,Nominal,1,0,,,1: Mostly taught before this year; 2: Mostly taught this year; 3: Not yet taught,9: Omitted or invalid; Sysmis: Not administered,.: Omitted or invalid; .A: Not administered,1: Mostly taught before this year; 2: Mostly taught this year; 3: Not yet taught; 9: Omitted or invalid; Sysmis: Not administered,1: Mostly taught before this year; 2: Mostly taught this year; 3: Not yet taught; .: Omitted or invalid; .A: Not administered,Background Questionnaire Variables,B,
ATBS09AJ,SCI\TOPICS\LIFE\COMPETITION IN ECOSYSTEMS (2023),TQS-09Aj,Nominal,1,0,,,1: Mostly taught before this year; 2: Mostly taught this year; 3: Not yet taught,9: Omitted or invalid; Sysmis: Not administered,.: Omitted or invalid; .A: Not administered,1: Mostly taught before this year; 2: Mostly taught this year; 3: Not yet taught; 9: Omitted or invalid; Sysmis: Not administered,1: Mostly taught before this year; 2: Mostly taught this year; 3: Not yet taught; .: Omitted or invalid; .A: Not administered,Background Questionnaire Variables,B,
ATBS09AK,SCI\TOPICS\LIFE\MAINTAINING GOOD HEALTH (2023),TQS-09Ak,Nominal,1,0,,,1: Mostly taught before this year; 2: Mostly taught this year; 3: Not yet taught,9: Omitted or invalid; Sysmis: Not administered,.: Omitted or invalid; .A: Not administered,1: Mostly taught before this year; 2: Mostly taught this year; 3: Not yet taught; 9: Omitted or invalid; Sysmis: Not administered,1: Mostly taught before this year; 2: Mostly taught this year; 3: Not yet taught; .: Omitted or invalid; .A: Not administered,Background Questionnaire Variables,B,
ATBS09BA,SCI\TOPICS\PHYSICAL\STATES OF MATTER (2023),TQS-09Ba,Nominal,1,0,,,1: Mostly taught before this year; 2: Mostly taught this year; 3: Not yet taught,9: Omitted or invalid; Sysmis: Not administered,.: Omitted or invalid; .A: Not administered,1: Mostly taught before this year; 2: Mostly taught this year; 3: Not yet taught; 9: Omitted or invalid; Sysmis: Not administered,1: Mostly taught before this year; 2: Mostly taught this year; 3: Not yet taught; .: Omitted or invalid; .A: Not administered,Background Questionnaire Variables,B,
ATBS09BB,SCI\TOPICS\PHYSICAL\CLASSIFICATION (2023),TQS-09Bb,Nominal,1,0,,,1: Mostly taught before this year; 2: Mostly taught this year; 3: Not yet taught,9: Omitted or invalid; Sysmis: Not administered,.: Omitted or invalid; .A: Not administered,1: Mostly taught before this year; 2: Mostly taught this year; 3: Not yet taught; 9: Omitted or invalid; Sysmis: Not administered,1: Mostly taught before this year; 2: Mostly taught this year; 3: Not yet taught; .: Omitted or invalid; .A: Not administered,Background Questionnaire Variables,B,
ATBS09BC,SCI\TOPICS\PHYSICAL\MIXTURES AND THEIR SEPARATION (2023),TQS-09Bc,Nominal,1,0,,,1: Mostly taught before this year; 2: Mostly taught this year; 3: Not yet taught,9: Omitted or invalid; Sysmis: Not administered,.: Omitted or invalid; .A: Not administered,1: Mostly taught before this year; 2: Mostly taught this year; 3: Not yet taught; 9: Omitted or invalid; Sysmis: Not administered,1: Mostly taught before this year; 2: Mostly taught this year; 3: Not yet taught; .: Omitted or invalid; .A: Not administered,Background Questionnaire Variables,B,
ATBS09BD,SCI\TOPICS\PHYSICAL\MAGNETIC ATTRACTION (2023),TQS-09Bd,Nominal,1,0,,,1: Mostly taught before this year; 2: Mostly taught this year; 3: Not yet taught,9: Omitted or invalid; Sysmis: Not administered,.: Omitted or invalid; .A: Not administered,1: Mostly taught before this year; 2: Mostly taught this year; 3: Not yet taught; 9: Omitted or invalid; Sysmis: Not administered,1: Mostly taught before this year; 2: Mostly taught this year; 3: Not yet taught; .: Omitted or invalid; .A: Not administered,Background Questionnaire Variables,B,
ATBS09BE,SCI\TOPICS\PHYSICAL\PHYSICAL AND CHEMICAL CHANGES (2023),TQS-09Be,Nominal,1,0,,,1: Mostly taught before this year; 2: Mostly taught this year; 3: Not yet taught,9: Omitted or invalid; Sysmis: Not administered,.: Omitted or invalid; .A: Not administered,1: Mostly taught before this year; 2: Mostly taught this year; 3: Not yet taught; 9: Omitted or invalid; Sysmis: Not administered,1: Mostly taught before this year; 2: Mostly taught this year; 3: Not yet taught; .: Omitted or invalid; .A: Not administered,Background Questionnaire Variables,B,
ATBS09BF,SCI\TOPICS\PHYSICAL\DISSOLVING SOLIDS (2023),TQS-09Bf,Nominal,1,0,,,1: Mostly taught before this year; 2: Mostly taught this year; 3: Not yet taught,9: Omitted or invalid; Sysmis: Not administered,.: Omitted or invalid; .A: Not administered,1: Mostly taught before this year; 2: Mostly taught this year; 3: Not yet taught; 9: Omitted or invalid; Sysmis: Not administered,1: Mostly taught before this year; 2: Mostly taught this year; 3: Not yet taught; .: Omitted or invalid; .A: Not administered,Background Questionnaire Variables,B,
ATBS09BG,SCI\TOPICS\PHYSICAL\SOLUTION CONCENTRATION (2023),TQS-09Bg,Nominal,1,0,,,1: Mostly taught before this year; 2: Mostly taught this year; 3: Not yet taught,9: Omitted or invalid; Sysmis: Not administered,.: Omitted or invalid; .A: Not administered,1: Mostly taught before this year; 2: Mostly taught this year; 3: Not yet taught; 9: Omitted or invalid; Sysmis: Not administered,1: Mostly taught before this year; 2: Mostly taught this year; 3: Not yet taught; .: Omitted or invalid; .A: Not administered,Background Questionnaire Variables,B,
ATBS09BH,SCI\TOPICS\PHYSICAL\COMMON ENERGY SOURCE (2023),TQS-09Bh,Nominal,1,0,,,1: Mostly taught before this year; 2: Mostly taught this year; 3: Not yet taught,9: Omitted or invalid; Sysmis: Not administered,.: Omitted or invalid; .A: Not administered,1: Mostly taught before this year; 2: Mostly taught this year; 3: Not yet taught; 9: Omitted or invalid; Sysmis: Not administered,1: Mostly taught before this year; 2: Mostly taught this year; 3: Not yet taught; .: Omitted or invalid; .A: Not administered,Background Questionnaire Variables,B,
ATBS09BI,SCI\TOPICS\PHYSICAL\LIGHT (2023),TQS-09Bi,Nominal,1,0,,,1: Mostly taught before this year; 2: Mostly taught this year; 3: Not yet taught,9: Omitted or invalid; Sysmis: Not administered,.: Omitted or invalid; .A: Not administered,1: Mostly taught before this year; 2: Mostly taught this year; 3: Not yet taught; 9: Omitted or invalid; Sysmis: Not administered,1: Mostly taught before this year; 2: Mostly taught this year; 3: Not yet taught; .: Omitted or invalid; .A: Not administered,Background Questionnaire Variables,B,
ATBS09BJ,SCI\TOPICS\PHYSICAL\SOUND (2023),TQS-09Bj,Nominal,1,0,,,1: Mostly taught before this year; 2: Mostly taught this year; 3: Not yet taught,9: Omitted or invalid; Sysmis: Not administered,.: Omitted or invalid; .A: Not administered,1: Mostly taught before this year; 2: Mostly taught this year; 3: Not yet taught; 9: Omitted or invalid; Sysmis: Not administered,1: Mostly taught before this year; 2: Mostly taught this year; 3: Not yet taught; .: Omitted or invalid; .A: Not administered,Background Questionnaire Variables,B,
ATBS09BK,SCI\TOPICS\PHYSICAL\MOVEMENT OF HEAT (2023),TQS-09Bk,Nominal,1,0,,,1: Mostly taught before this year; 2: Mostly taught this year; 3: Not yet taught,9: Omitted or invalid; Sysmis: Not administered,.: Omitted or invalid; .A: Not administered,1: Mostly taught before this year; 2: Mostly taught this year; 3: Not yet taught; 9: Omitted or invalid; Sysmis: Not administered,1: Mostly taught before this year; 2: Mostly taught this year; 3: Not yet taught; .: Omitted or invalid; .A: Not administered,Background Questionnaire Variables,B,
ATBS09BL,SCI\TOPICS\PHYSICAL\SIMPLE CIRCUITS (2023),TQS-09Bl,Nominal,1,0,,,1: Mostly taught before this year; 2: Mostly taught this year; 3: Not yet taught,9: Omitted or invalid; Sysmis: Not administered,.: Omitted or invalid; .A: Not administered,1: Mostly taught before this year; 2: Mostly taught this year; 3: Not yet taught; 9: Omitted or invalid; Sysmis: Not administered,1: Mostly taught before this year; 2: Mostly taught this year; 3: Not yet taught; .: Omitted or invalid; .A: Not administered,Background Questionnaire Variables,B,
ATBS09BM,SCI\TOPICS\PHYSICAL\MOTION AND FORCES (2023),TQS-09Bm,Nominal,1,0,,,1: Mostly taught before this year; 2: Mostly taught this year; 3: Not yet taught,9: Omitted or invalid; Sysmis: Not administered,.: Omitted or invalid; .A: Not administered,1: Mostly taught before this year; 2: Mostly taught this year; 3: Not yet taught; 9: Omitted or invalid; Sysmis: Not administered,1: Mostly taught before this year; 2: Mostly taught this year; 3: Not yet taught; .: Omitted or invalid; .A: Not administered,Background Questionnaire Variables,B,
ATBS09BN,SCI\TOPICS\PHYSICAL\SIMPLE MACHINES (2023),TQS-09Bn,Nominal,1,0,,,1: Mostly taught before this year; 2: Mostly taught this year; 3: Not yet taught,9: Omitted or invalid; Sysmis: Not administered,.: Omitted or invalid; .A: Not administered,1: Mostly taught before this year; 2: Mostly taught this year; 3: Not yet taught; 9: Omitted or invalid; Sysmis: Not administered,1: Mostly taught before this year; 2: Mostly taught this year; 3: Not yet taught; .: Omitted or invalid; .A: Not administered,Background Questionnaire Variables,B,
ATBS09CA,SCI\TOPICS\EARTH\PHYSICAL MAKEUP EARTHS SURFACE (2023),TQS-09Ca,Nominal,1,0,,,1: Mostly taught before this year; 2: Mostly taught this year; 3: Not yet taught,9: Omitted or invalid; Sysmis: Not administered,.: Omitted or invalid; .A: Not administered,1: Mostly taught before this year; 2: Mostly taught this year; 3: Not yet taught; 9: Omitted or invalid; Sysmis: Not administered,1: Mostly taught before this year; 2: Mostly taught this year; 3: Not yet taught; .: Omitted or invalid; .A: Not administered,Background Questionnaire Variables,B,
ATBS09CB,SCI\TOPICS\EARTH\EARTHS RESOURCES (2023),TQS-09Cb,Nominal,1,0,,,1: Mostly taught before this year; 2: Mostly taught this year; 3: Not yet taught,9: Omitted or invalid; Sysmis: Not administered,.: Omitted or invalid; .A: Not administered,1: Mostly taught before this year; 2: Mostly taught this year; 3: Not yet taught; 9: Omitted or invalid; Sysmis: Not administered,1: Mostly taught before this year; 2: Mostly taught this year; 3: Not yet taught; .: Omitted or invalid; .A: Not administered,Background Questionnaire Variables,B,
ATBS09CC,SCI\TOPICS\EARTH\RENEWABLE AND NONRENEWABLE RESOURCES (2023),TQS-09Cc,Nominal,1,0,,,1: Mostly taught before this year; 2: Mostly taught this year; 3: Not yet taught,9: Omitted or invalid; Sysmis: Not administered,.: Omitted or invalid; .A: Not administered,1: Mostly taught before this year; 2: Mostly taught this year; 3: Not yet taught; 9: Omitted or invalid; Sysmis: Not administered,1: Mostly taught before this year; 2: Mostly taught this year; 3: Not yet taught; .: Omitted or invalid; .A: Not administered,Background Questionnaire Variables,B,
ATBS09CD,SCI\TOPICS\EARTH\CHANGING EARTHS SURFACE (2023),TQS-09Cd,Nominal,1,0,,,1: Mostly taught before this year; 2: Mostly taught this year; 3: Not yet taught,9: Omitted or invalid; Sysmis: Not administered,.: Omitted or invalid; .A: Not administered,1: Mostly taught before this year; 2: Mostly taught this year; 3: Not yet taught; 9: Omitted or invalid; Sysmis: Not administered,1: Mostly taught before this year; 2: Mostly taught this year; 3: Not yet taught; .: Omitted or invalid; .A: Not administered,Background Questionnaire Variables,B,
ATBS09CE,SCI\TOPICS\EARTH\FOSSILS (2023),TQS-09Ce,Nominal,1,0,,,1: Mostly taught before this year; 2: Mostly taught this year; 3: Not yet taught,9: Omitted or invalid; Sysmis: Not administered,.: Omitted or invalid; .A: Not administered,1: Mostly taught before this year; 2: Mostly taught this year; 3: Not yet taught; 9: Omitted or invalid; Sysmis: Not administered,1: Mostly taught before this year; 2: Mostly taught this year; 3: Not yet taught; .: Omitted or invalid; .A: Not administered,Background Questionnaire Variables,B,
ATBS09CF,SCI\TOPICS\EARTH\WEATHER CHANGES (2023),TQS-09Cf,Nominal,1,0,,,1: Mostly taught before this year; 2: Mostly taught this year; 3: Not yet taught,9: Omitted or invalid; Sysmis: Not administered,.: Omitted or invalid; .A: Not administered,1: Mostly taught before this year; 2: Mostly taught this year; 3: Not yet taught; 9: Omitted or invalid; Sysmis: Not administered,1: Mostly taught before this year; 2: Mostly taught this year; 3: Not yet taught; .: Omitted or invalid; .A: Not administered,Background Questionnaire Variables,B,
ATBS09CG,SCI\TOPICS\EARTH\INCREASING TEMPERATURES (2023),TQS-09Cg,Nominal,1,0,,,1: Mostly taught before this year; 2: Mostly taught this year; 3: Not yet taught,9: Omitted or invalid; Sysmis: Not administered,.: Omitted or invalid; .A: Not administered,1: Mostly taught before this year; 2: Mostly taught this year; 3: Not yet taught; 9: Omitted or invalid; Sysmis: Not administered,1: Mostly taught before this year; 2: Mostly taught this year; 3: Not yet taught; .: Omitted or invalid; .A: Not administered,Background Questionnaire Variables,B,
ATBS09CH,SCI\TOPICS\EARTH\SOLAR SYSTEM COMPOSITION (2023),TQS-09Ch,Nominal,1,0,,,1: Mostly taught before this year; 2: Mostly taught this year; 3: Not yet taught,9: Omitted or invalid; Sysmis: Not administered,.: Omitted or invalid; .A: Not administered,1: Mostly taught before this year; 2: Mostly taught this year; 3: Not yet taught; 9: Omitted or invalid; Sysmis: Not administered,1: Mostly taught before this year; 2: Mostly taught this year; 3: Not yet taught; .: Omitted or invalid; .A: Not administered,Background Questionnaire Variables,B,
ATBS09CI,SCI\TOPICS\EARTH\MOVEMENT OF MOON (2023),TQS-09Ci,Nominal,1,0,,,1: Mostly taught before this year; 2: Mostly taught this year; 3: Not yet taught,9: Omitted or invalid; Sysmis: Not administered,.: Omitted or invalid; .A: Not administered,1: Mostly taught before this year; 2: Mostly taught this year; 3: Not yet taught; 9: Omitted or invalid; Sysmis: Not administered,1: Mostly taught before this year; 2: Mostly taught this year; 3: Not yet taught; .: Omitted or invalid; .A: Not administered,Background Questionnaire Variables,B,
ATBS09CJ,SCI\TOPICS\EARTH\DAY AND NIGHT (2023),TQS-09Cj,Nominal,1,0,,,1: Mostly taught before this year; 2: Mostly taught this year; 3: Not yet taught,9: Omitted or invalid; Sysmis: Not administered,.: Omitted or invalid; .A: Not administered,1: Mostly taught before this year; 2: Mostly taught this year; 3: Not yet taught; 9: Omitted or invalid; Sysmis: Not administered,1: Mostly taught before this year; 2: Mostly taught this year; 3: Not yet taught; .: Omitted or invalid; .A: Not administered,Background Questionnaire Variables,B,
ATBS09CK,SCI\TOPICS\EARTH\SEASONAL CHANGE (2023),TQS-09Ck,Nominal,1,0,,,1: Mostly taught before this year; 2: Mostly taught this year; 3: Not yet taught,9: Omitted or invalid; Sysmis: Not administered,.: Omitted or invalid; .A: Not administered,1: Mostly taught before this year; 2: Mostly taught this year; 3: Not yet taught; 9: Omitted or invalid; Sysmis: Not administered,1: Mostly taught before this year; 2: Mostly taught this year; 3: Not yet taught; .: Omitted or invalid; .A: Not administered,Background Questionnaire Variables,B,
ATBS10A,SCI\HOW OFTEN SCIENCE HOMEWORK ASSIGNED (2023),TQS-10A,Ordinal,1,0,,,1: I do not Assign science homework; 2: Less than once a week; 3: 1 or 2 times a week; 4: 3 or 4 times a week; 5: Every day,9: Omitted or invalid; Sysmis: Not administered,.: Omitted or invalid; .A: Not administered,1: I do not Assign science homework; 2: Less than once a week; 3: 1 or 2 times a week; 4: 3 or 4 times a week; 5: Every day; 9: Omitted or invalid; Sysmis: Not administered,1: I do not Assign science homework; 2: Less than once a week; 3: 1 or 2 times a week; 4: 3 or 4 times a week; 5: Every day; .: Omitted or invalid; .A: Not administered,Background Questionnaire Variables,B,
ATBS10BA,SCI\HOMEWORK\CORRECT (2023),TQS-10Ba,Ordinal,1,0,,,1: Always or almost always; 2: Sometimes; 3: Never or almost never,9: Omitted or invalid; 6: Logically not applicable; Sysmis: Not administered,.: Omitted or invalid; .A: Not administered; .B: Logically not applicable,1: Always or almost always; 2: Sometimes; 3: Never or almost never; 9: Omitted or invalid; 6: Logically not applicable; Sysmis: Not administered,1: Always or almost always; 2: Sometimes; 3: Never or almost never; .: Omitted or invalid; .A: Not administered; .B: Logically not applicable,Background Questionnaire Variables,B,
ATBS10BB,SCI\HOMEWORK\DISCUSS HOMEWORK (2023),TQS-10Bb,Ordinal,1,0,,,1: Always or almost always; 2: Sometimes; 3: Never or almost never,9: Omitted or invalid; 6: Logically not applicable; Sysmis: Not administered,.: Omitted or invalid; .A: Not administered; .B: Logically not applicable,1: Always or almost always; 2: Sometimes; 3: Never or almost never; 9: Omitted or invalid; 6: Logically not applicable; Sysmis: Not administered,1: Always or almost always; 2: Sometimes; 3: Never or almost never; .: Omitted or invalid; .A: Not administered; .B: Logically not applicable,Background Questionnaire Variables,B,
ATBS10BC,SCI\HOMEWORK\MONITOR COMPLETENESS (2023),TQS-10Bc,Ordinal,1,0,,,1: Always or almost always; 2: Sometimes; 3: Never or almost never,9: Omitted or invalid; 6: Logically not applicable; Sysmis: Not administered,.: Omitted or invalid; .A: Not administered; .B: Logically not applicable,1: Always or almost always; 2: Sometimes; 3: Never or almost never; 9: Omitted or invalid; 6: Logically not applicable; Sysmis: Not administered,1: Always or almost always; 2: Sometimes; 3: Never or almost never; .: Omitted or invalid; .A: Not administered; .B: Logically not applicable,Background Questionnaire Variables,B,
ATBS11A,SCI\IMPORTANCE STRATEGIES\OBSERVING STUDENTS (2023),TQS-11a,Ordinal,1,0,,,1: A lot; 2: Some; 3: None,9: Omitted or invalid; Sysmis: Not administered,.: Omitted or invalid; .A: Not administered,1: A lot; 2: Some; 3: None; 9: Omitted or invalid; Sysmis: Not administered,1: A lot; 2: Some; 3: None; .: Omitted or invalid; .A: Not administered,Background Questionnaire Variables,B,
ATBS11B,SCI\IMPORTANCE STRATEGIES\ASKING STUDENTS (2023),TQS-11b,Ordinal,1,0,,,1: A lot; 2: Some; 3: None,9: Omitted or invalid; Sysmis: Not administered,.: Omitted or invalid; .A: Not administered,1: A lot; 2: Some; 3: None; 9: Omitted or invalid; Sysmis: Not administered,1: A lot; 2: Some; 3: None; .: Omitted or invalid; .A: Not administered,Background Questionnaire Variables,B,
ATBS11C,SCI\IMPORTANCE STRATEGIES\SHORT ASSESSMENTS (2023),TQS-11c,Ordinal,1,0,,,1: A lot; 2: Some; 3: None,9: Omitted or invalid; Sysmis: Not administered,.: Omitted or invalid; .A: Not administered,1: A lot; 2: Some; 3: None; 9: Omitted or invalid; Sysmis: Not administered,1: A lot; 2: Some; 3: None; .: Omitted or invalid; .A: Not administered,Background Questionnaire Variables,B,
ATBS11D,SCI\IMPORTANCE STRATEGIES\LONGER TESTS (2023),TQS-11d,Ordinal,1,0,,,1: A lot; 2: Some; 3: None,9: Omitted or invalid; Sysmis: Not administered,.: Omitted or invalid; .A: Not administered,1: A lot; 2: Some; 3: None; 9: Omitted or invalid; Sysmis: Not administered,1: A lot; 2: Some; 3: None; .: Omitted or invalid; .A: Not administered,Background Questionnaire Variables,B,
ATBS11E,SCI\IMPORTANCE STRATEGIES\LONG-TERM PROJECTS (2023),TQS-11e,Ordinal,1,0,,,1: A lot; 2: Some; 3: None,9: Omitted or invalid; Sysmis: Not administered,.: Omitted or invalid; .A: Not administered,1: A lot; 2: Some; 3: None; 9: Omitted or invalid; Sysmis: Not administered,1: A lot; 2: Some; 3: None; .: Omitted or invalid; .A: Not administered,Background Questionnaire Variables,B,
ATBS12AA,SCI\PROF DEVELOPMENT PAST\SCIENCE CONTENT (2023),TQS-12Aa,Nominal,1,0,,,1: Yes; 2: No,9: Omitted or invalid; Sysmis: Not administered,.: Omitted or invalid; .A: Not administered,1: Yes; 2: No; 9: Omitted or invalid; Sysmis: Not administered,1: Yes; 2: No; .: Omitted or invalid; .A: Not administered,Background Questionnaire Variables,B,
ATBS12BA,SCI\PROF DEVELOPMENT FUTURE\SCIENCE CONTENT (2023),TQS-12Ba,Nominal,1,0,,,1: Yes; 2: No,9: Omitted or invalid; Sysmis: Not administered,.: Omitted or invalid; .A: Not administered,1: Yes; 2: No; 9: Omitted or invalid; Sysmis: Not administered,1: Yes; 2: No; .: Omitted or invalid; .A: Not administered,Background Questionnaire Variables,B,
ATBS12AB,SCI\PROF DEVELOPMENT PAST\SCIENCE PEDAGOGY (2023),TQS-12Ab,Nominal,1,0,,,1: Yes; 2: No,9: Omitted or invalid; Sysmis: Not administered,.: Omitted or invalid; .A: Not administered,1: Yes; 2: No; 9: Omitted or invalid; Sysmis: Not administered,1: Yes; 2: No; .: Omitted or invalid; .A: Not administered,Background Questionnaire Variables,B,
ATBS12BB,SCI\PROF DEVELOPMENT FUTURE\SCIENCE PEDAGOGY (2023),TQS-12Bb,Nominal,1,0,,,1: Yes; 2: No,9: Omitted or invalid; Sysmis: Not administered,.: Omitted or invalid; .A: Not administered,1: Yes; 2: No; 9: Omitted or invalid; Sysmis: Not administered,1: Yes; 2: No; .: Omitted or invalid; .A: Not administered,Background Questionnaire Variables,B,
ATBS12AC,SCI\PROF DEVELOPMENT PAST\SCIENCE CURRICULUM (2023),TQS-12Ac,Nominal,1,0,,,1: Yes; 2: No,9: Omitted or invalid; Sysmis: Not administered,.: Omitted or invalid; .A: Not administered,1: Yes; 2: No; 9: Omitted or invalid; Sysmis: Not administered,1: Yes; 2: No; .: Omitted or invalid; .A: Not administered,Background Questionnaire Variables,B,
ATBS12BC,SCI\PROF DEVELOPMENT FUTURE\SCIENCE CURRICULUM (2023),TQS-12Bc,Nominal,1,0,,,1: Yes; 2: No,9: Omitted or invalid; Sysmis: Not administered,.: Omitted or invalid; .A: Not administered,1: Yes; 2: No; 9: Omitted or invalid; Sysmis: Not administered,1: Yes; 2: No; .: Omitted or invalid; .A: Not administered,Background Questionnaire Variables,B,
ATBS12AD,SCI\PROF DEVELOPMENT PAST\INTEGRATING TECHNOLOGY (2023),TQS-12Ad,Nominal,1,0,,,1: Yes; 2: No,9: Omitted or invalid; Sysmis: Not administered,.: Omitted or invalid; .A: Not administered,1: Yes; 2: No; 9: Omitted or invalid; Sysmis: Not administered,1: Yes; 2: No; .: Omitted or invalid; .A: Not administered,Background Questionnaire Variables,B,
ATBS12BD,SCI\PROF DEVELOPMENT FUTURE\INTEGRATING TECHNOLOGY (2023),TQS-12Bd,Nominal,1,0,,,1: Yes; 2: No,9: Omitted or invalid; Sysmis: Not administered,.: Omitted or invalid; .A: Not administered,1: Yes; 2: No; 9: Omitted or invalid; Sysmis: Not administered,1: Yes; 2: No; .: Omitted or invalid; .A: Not administered,Background Questionnaire Variables,B,
ATBS12AE,SCI\PROF DEVELOPMENT PAST\STD CRITICAL THINKING (2023),TQS-12Ae,Nominal,1,0,,,1: Yes; 2: No,9: Omitted or invalid; Sysmis: Not administered,.: Omitted or invalid; .A: Not administered,1: Yes; 2: No; 9: Omitted or invalid; Sysmis: Not administered,1: Yes; 2: No; .: Omitted or invalid; .A: Not administered,Background Questionnaire Variables,B,
ATBS12BE,SCI\PROF DEVELOPMENT FUTURE\STD CRITICAL THINKING (2023),TQS-12Be,Nominal,1,0,,,1: Yes; 2: No,9: Omitted or invalid; Sysmis: Not administered,.: Omitted or invalid; .A: Not administered,1: Yes; 2: No; 9: Omitted or invalid; Sysmis: Not administered,1: Yes; 2: No; .: Omitted or invalid; .A: Not administered,Background Questionnaire Variables,B,
ATBS12AF,SCI\PROF DEVELOPMENT PAST\SCIENCE ASSESSMENT (2023),TQS-12Af,Nominal,1,0,,,1: Yes; 2: No,9: Omitted or invalid; Sysmis: Not administered,.: Omitted or invalid; .A: Not administered,1: Yes; 2: No; 9: Omitted or invalid; Sysmis: Not administered,1: Yes; 2: No; .: Omitted or invalid; .A: Not administered,Background Questionnaire Variables,B,
ATBS12BF,SCI\PROF DEVELOPMENT FUTURE\SCIENCE ASSESSMENT (2023),TQS-12Bf,Nominal,1,0,,,1: Yes; 2: No,9: Omitted or invalid; Sysmis: Not administered,.: Omitted or invalid; .A: Not administered,1: Yes; 2: No; 9: Omitted or invalid; Sysmis: Not administered,1: Yes; 2: No; .: Omitted or invalid; .A: Not administered,Background Questionnaire Variables,B,
ATBS12AG,SCI\PROF DEVELOPMENT PAST\STUDENT NEEDS (2023),TQS-12Ag,Nominal,1,0,,,1: Yes; 2: No,9: Omitted or invalid; Sysmis: Not administered,.: Omitted or invalid; .A: Not administered,1: Yes; 2: No; 9: Omitted or invalid; Sysmis: Not administered,1: Yes; 2: No; .: Omitted or invalid; .A: Not administered,Background Questionnaire Variables,B,
ATBS12BG,SCI\PROF DEVELOPMENT FUTURE\STUDENT NEEDS (2023),TQS-12Bg,Nominal,1,0,,,1: Yes; 2: No,9: Omitted or invalid; Sysmis: Not administered,.: Omitted or invalid; .A: Not administered,1: Yes; 2: No; 9: Omitted or invalid; Sysmis: Not administered,1: Yes; 2: No; .: Omitted or invalid; .A: Not administered,Background Questionnaire Variables,B,
ATBS12AH,SCI\PROF DEVELOPMENT PAST\INTEGRATE SCIENCE SUBJECTS (2023),TQS-12Ah,Nominal,1,0,,,1: Yes; 2: No,9: Omitted or invalid; Sysmis: Not administered,.: Omitted or invalid; .A: Not administered,1: Yes; 2: No; 9: Omitted or invalid; Sysmis: Not administered,1: Yes; 2: No; .: Omitted or invalid; .A: Not administered,Background Questionnaire Variables,B,
ATBS12BH,SCI\PROF DEVELOPMENT FUTURE\INTEGRATE SCIENCE SUBJECTS (2023),TQS-12Bh,Nominal,1,0,,,1: Yes; 2: No,9: Omitted or invalid; Sysmis: Not administered,.: Omitted or invalid; .A: Not administered,1: Yes; 2: No; 9: Omitted or invalid; Sysmis: Not administered,1: Yes; 2: No; .: Omitted or invalid; .A: Not administered,Background Questionnaire Variables,B,
ATBS12AI,SCI\PROF DEVELOPMENT PAST\INTEGRATE ENVIRONMENTALISM (2023),TQS-12Ai,Nominal,1,0,,,1: Yes; 2: No,9: Omitted or invalid; Sysmis: Not administered,.: Omitted or invalid; .A: Not administered,1: Yes; 2: No; 9: Omitted or invalid; Sysmis: Not administered,1: Yes; 2: No; .: Omitted or invalid; .A: Not administered,Background Questionnaire Variables,B,
ATBS12BI,SCI\PROF DEVELOPMENT FUTURE\INTEGRATE ENVIRONMENTALISM (2023),TQS-12Bi,Nominal,1,0,,,1: Yes; 2: No,9: Omitted or invalid; Sysmis: Not administered,.: Omitted or invalid; .A: Not administered,1: Yes; 2: No; 9: Omitted or invalid; Sysmis: Not administered,1: Yes; 2: No; .: Omitted or invalid; .A: Not administered,Background Questionnaire Variables,B,
ATBLG01,GEN\YEARS BEEN TEACHING (2024),TQG-01,Ratio,2,0,0,60,,99: Omitted or invalid; Sysmis: Not administered,.: Omitted or invalid; .A: Not administered,99: Omitted or invalid; Sysmis: Not administered,.: Omitted or invalid; .A: Not administered,Background Questionnaire Variables,B,
ATBLG02,GEN\SEX OF TEACHER (2024),TQG-02,Nominal,1,0,,,1: Female; 2: Male; 3: <Other>,9: Omitted or invalid; Sysmis: Not administered,.: Omitted or invalid; .A: Not administered,1: Female; 2: Male; 3: <Other>; 9: Omitted or invalid; Sysmis: Not administered,1: Female; 2: Male; 3: <Other>; .: Omitted or invalid; .A: Not administered,Background Questionnaire Variables,B,
ATBLG03,GEN\AGE OF TEACHER (2024),TQG-03,Ordinal,1,0,,,1: Under 25; 2: 25–29; 3: 30–39; 4: 40–49; 5: 50–59; 6: 60 or more,9: Omitted or invalid; Sysmis: Not administered,.: Omitted or invalid; .A: Not administered,1: Under 25; 2: 25–29; 3: 30–39; 4: 40–49; 5: 50–59; 6: 60 or more; 9: Omitted or invalid; Sysmis: Not administered,1: Under 25; 2: 25–29; 3: 30–39; 4: 40–49; 5: 50–59; 6: 60 or more; .: Omitted or invalid; .A: Not administered,Background Questionnaire Variables,B,
ATBLG04,GEN\LEVEL OF FORMAL EDUCATION COMPLETED (2024),TQG-04,Ordinal,2,0,,,"1: Did not complete <Upper secondary education—ISCED Level 3>; 2: <Upper secondary education—ISCED Level 3>; 3: <Post-secondary, non-tertiary education—ISCED Level 4>; 4: <Short-cycle tertiary education—ISCED Level 5>; 5: <Bachelor’s or equivalent level—ISCED Level 6>; 6: <Master’s or equivalent level—ISCED Level 7>; 7: <Doctor or equivalent level—ISCED Level 8>",99: Omitted or invalid; Sysmis: Not administered,.: Omitted or invalid; .A: Not administered,"1: Did not complete <Upper secondary education—ISCED Level 3>; 2: <Upper secondary education—ISCED Level 3> (If you have not completed <postsecondary or tertiary education>, you will b; 3: <Post-secondary, non-tertiary education—ISCED Level 4>; 4: <Short-cycle tertiary education—ISCED Level 5>; 5: <Bachelor’s or equivalent level—ISCED Level 6>; 6: <Master’s or equivalent level—ISCED Level 7>; 7: <Doctor or equivalent level—ISCED Level 8>; 99: Omitted or invalid; Sysmis: Not administered","1: Did not complete <Upper secondary education—ISCED Level 3>; 2: <Upper secondary education—ISCED Level 3> (If you have not completed <postsecondary or tertiary education>, you will b; 3: <Post-secondary, non-tertiary education—ISCED Level 4>; 4: <Short-cycle tertiary education—ISCED Level 5>; 5: <Bachelor’s or equivalent level—ISCED Level 6>; 6: <Master’s or equivalent level—ISCED Level 7>; 7: <Doctor or equivalent level—ISCED Level 8>; .: Omitted or invalid; .A: Not administered",Filter,F,
ATBLG05AA,GEN\MAJOR AREA OF STUDY\EDUCATION PRIM (2024),TQG-05Aa,Nominal,1,0,,,1: Yes; 2: No,9: Omitted or invalid; 6: Logically not applicable; Sysmis: Not administered,.: Omitted or invalid; .A: Not administered; .B: Logically not applicable,1: Yes; 2: No; 9: Omitted or invalid; 6: Logically not applicable; Sysmis: Not administered,1: Yes; 2: No; .: Omitted or invalid; .A: Not administered; .B: Logically not applicable,Filter Dependent,BD,
ATBLG05AB,GEN\MAJOR AREA OF STUDY\EDUCATION SECOND (2024),TQG-05Ab,Nominal,1,0,,,1: Yes; 2: No,9: Omitted or invalid; 6: Logically not applicable; Sysmis: Not administered,.: Omitted or invalid; .A: Not administered; .B: Logically not applicable,1: Yes; 2: No; 9: Omitted or invalid; 6: Logically not applicable; Sysmis: Not administered,1: Yes; 2: No; .: Omitted or invalid; .A: Not administered; .B: Logically not applicable,Filter Dependent,BD,
ATBLG05AC,GEN\MAJOR AREA OF STUDY\MATHEMATICS (2024),TQG-05Ac,Nominal,1,0,,,1: Yes; 2: No,9: Omitted or invalid; 6: Logically not applicable; Sysmis: Not administered,.: Omitted or invalid; .A: Not administered; .B: Logically not applicable,1: Yes; 2: No; 9: Omitted or invalid; 6: Logically not applicable; Sysmis: Not administered,1: Yes; 2: No; .: Omitted or invalid; .A: Not administered; .B: Logically not applicable,Filter Dependent,BD,
ATBLG05AD,GEN\MAJOR AREA OF STUDY\SCIENCE (2024),TQG-05Ad,Nominal,1,0,,,1: Yes; 2: No,9: Omitted or invalid; 6: Logically not applicable; Sysmis: Not administered,.: Omitted or invalid; .A: Not administered; .B: Logically not applicable,1: Yes; 2: No; 9: Omitted or invalid; 6: Logically not applicable; Sysmis: Not administered,1: Yes; 2: No; .: Omitted or invalid; .A: Not administered; .B: Logically not applicable,Filter Dependent,BD,
ATBLG05AE,GEN\MAJOR AREA OF STUDY\<LANGUAGE TEST> (2024),TQG-05Ae,Nominal,1,0,,,1: Yes; 2: No,9: Omitted or invalid; 6: Logically not applicable; Sysmis: Not administered,.: Omitted or invalid; .A: Not administered; .B: Logically not applicable,1: Yes; 2: No; 9: Omitted or invalid; 6: Logically not applicable; Sysmis: Not administered,1: Yes; 2: No; .: Omitted or invalid; .A: Not administered; .B: Logically not applicable,Filter Dependent,BD,
ATBLG05AF,GEN\MAJOR AREA OF STUDY\OTHER (2024),TQG-05Af,Nominal,1,0,,,1: Yes; 2: No,9: Omitted or invalid; 6: Logically not applicable; Sysmis: Not administered,.: Omitted or invalid; .A: Not administered; .B: Logically not applicable,1: Yes; 2: No; 9: Omitted or invalid; 6: Logically not applicable; Sysmis: Not administered,1: Yes; 2: No; .: Omitted or invalid; .A: Not administered; .B: Logically not applicable,Filter Dependent,BD,
ATBLG05BA,GEN\<SPECIALIZATION>\MATHEMATICS (2024),TQG-05Ba,Nominal,1,0,,,1: Yes; 2: No,9: Omitted or invalid; 6: Logically not applicable; Sysmis: Not administered,.: Omitted or invalid; .A: Not administered; .B: Logically not applicable,1: Yes; 2: No; 9: Omitted or invalid; 6: Logically not applicable; Sysmis: Not administered,1: Yes; 2: No; .: Omitted or invalid; .A: Not administered; .B: Logically not applicable,Filter Dependent,BD,
ATBLG05BB,GEN\<SPECIALIZATION>\SCIENCE (2024),TQG-05Bb,Nominal,1,0,,,1: Yes; 2: No,9: Omitted or invalid; 6: Logically not applicable; Sysmis: Not administered,.: Omitted or invalid; .A: Not administered; .B: Logically not applicable,1: Yes; 2: No; 9: Omitted or invalid; 6: Logically not applicable; Sysmis: Not administered,1: Yes; 2: No; .: Omitted or invalid; .A: Not administered; .B: Logically not applicable,Filter Dependent,BD,
ATBLG05BC,GEN\<SPECIALIZATION>\LANGUAGE-READING (2024),TQG-05Bc,Nominal,1,0,,,1: Yes; 2: No,9: Omitted or invalid; 6: Logically not applicable; Sysmis: Not administered,.: Omitted or invalid; .A: Not administered; .B: Logically not applicable,1: Yes; 2: No; 9: Omitted or invalid; 6: Logically not applicable; Sysmis: Not administered,1: Yes; 2: No; .: Omitted or invalid; .A: Not administered; .B: Logically not applicable,Filter Dependent,BD,
ATBLG05BD,GEN\<SPECIALIZATION>\OTHER SUBJECT (2024),TQG-05Bd,Nominal,1,0,,,1: Yes; 2: No,9: Omitted or invalid; 6: Logically not applicable; Sysmis: Not administered,.: Omitted or invalid; .A: Not administered; .B: Logically not applicable,1: Yes; 2: No; 9: Omitted or invalid; 6: Logically not applicable; Sysmis: Not administered,1: Yes; 2: No; .: Omitted or invalid; .A: Not administered; .B: Logically not applicable,Filter Dependent,BD,
ATBLG06A,GEN\CHARACTERIZE\TCHS UNDERSTANDING (2024),TQG-06a,Ordinal,1,0,,,1: Very high; 2: High; 3: Medium; 4: Low; 5: Very low,9: Omitted or invalid; Sysmis: Not administered,.: Omitted or invalid; .A: Not administered,1: Very high; 2: High; 3: Medium; 4: Low; 5: Very low; 9: Omitted or invalid; Sysmis: Not administered,1: Very high; 2: High; 3: Medium; 4: Low; 5: Very low; .: Omitted or invalid; .A: Not administered,Background Questionnaire Variables,B,
ATBLG06B,GEN\CHARACTERIZE\TCHS DEGREE OF SUCCESS (2024),TQG-06b,Ordinal,1,0,,,1: Very high; 2: High; 3: Medium; 4: Low; 5: Very low,9: Omitted or invalid; Sysmis: Not administered,.: Omitted or invalid; .A: Not administered,1: Very high; 2: High; 3: Medium; 4: Low; 5: Very low; 9: Omitted or invalid; Sysmis: Not administered,1: Very high; 2: High; 3: Medium; 4: Low; 5: Very low; .: Omitted or invalid; .A: Not administered,Background Questionnaire Variables,B,
ATBLG06C,GEN\CHARACTERIZE\TCHS EXPECTATIONS (2024),TQG-06c,Ordinal,1,0,,,1: Very high; 2: High; 3: Medium; 4: Low; 5: Very low,9: Omitted or invalid; Sysmis: Not administered,.: Omitted or invalid; .A: Not administered,1: Very high; 2: High; 3: Medium; 4: Low; 5: Very low; 9: Omitted or invalid; Sysmis: Not administered,1: Very high; 2: High; 3: Medium; 4: Low; 5: Very low; .: Omitted or invalid; .A: Not administered,Background Questionnaire Variables,B,
ATBLG06D,GEN\CHARACTERIZE\TCHS ABILITY TO INSPIRE (2024),TQG-06d,Ordinal,1,0,,,1: Very high; 2: High; 3: Medium; 4: Low; 5: Very low,9: Omitted or invalid; Sysmis: Not administered,.: Omitted or invalid; .A: Not administered,1: Very high; 2: High; 3: Medium; 4: Low; 5: Very low; 9: Omitted or invalid; Sysmis: Not administered,1: Very high; 2: High; 3: Medium; 4: Low; 5: Very low; .: Omitted or invalid; .A: Not administered,Background Questionnaire Variables,B,
ATBLG06E,GEN\CHARACTERIZE\PARENTAL INVOLVEMENT (2024),TQG-06e,Ordinal,1,0,,,1: Very high; 2: High; 3: Medium; 4: Low; 5: Very low,9: Omitted or invalid; Sysmis: Not administered,.: Omitted or invalid; .A: Not administered,1: Very high; 2: High; 3: Medium; 4: Low; 5: Very low; 9: Omitted or invalid; Sysmis: Not administered,1: Very high; 2: High; 3: Medium; 4: Low; 5: Very low; .: Omitted or invalid; .A: Not administered,Background Questionnaire Variables,B,
ATBLG06F,GEN\CHARACTERIZE\PARENTAL COMMITMENT (2024),TQG-06f,Ordinal,1,0,,,1: Very high; 2: High; 3: Medium; 4: Low; 5: Very low,9: Omitted or invalid; Sysmis: Not administered,.: Omitted or invalid; .A: Not administered,1: Very high; 2: High; 3: Medium; 4: Low; 5: Very low; 9: Omitted or invalid; Sysmis: Not administered,1: Very high; 2: High; 3: Medium; 4: Low; 5: Very low; .: Omitted or invalid; .A: Not administered,Background Questionnaire Variables,B,
ATBLG06G,GEN\CHARACTERIZE\PARENTAL EXPECTATIONS (2024),TQG-06g,Ordinal,1,0,,,1: Very high; 2: High; 3: Medium; 4: Low; 5: Very low,9: Omitted or invalid; Sysmis: Not administered,.: Omitted or invalid; .A: Not administered,1: Very high; 2: High; 3: Medium; 4: Low; 5: Very low; 9: Omitted or invalid; Sysmis: Not administered,1: Very high; 2: High; 3: Medium; 4: Low; 5: Very low; .: Omitted or invalid; .A: Not administered,Background Questionnaire Variables,B,
ATBLG06H,GEN\CHARACTERIZE\PARENTAL SUPPORT (2024),TQG-06h,Ordinal,1,0,,,1: Very high; 2: High; 3: Medium; 4: Low; 5: Very low,9: Omitted or invalid; Sysmis: Not administered,.: Omitted or invalid; .A: Not administered,1: Very high; 2: High; 3: Medium; 4: Low; 5: Very low; 9: Omitted or invalid; Sysmis: Not administered,1: Very high; 2: High; 3: Medium; 4: Low; 5: Very low; .: Omitted or invalid; .A: Not administered,Background Questionnaire Variables,B,
ATBLG06I,GEN\CHARACTERIZE\STUDENTS DESIRE (2024),TQG-06i,Ordinal,1,0,,,1: Very high; 2: High; 3: Medium; 4: Low; 5: Very low,9: Omitted or invalid; Sysmis: Not administered,.: Omitted or invalid; .A: Not administered,1: Very high; 2: High; 3: Medium; 4: Low; 5: Very low; 9: Omitted or invalid; Sysmis: Not administered,1: Very high; 2: High; 3: Medium; 4: Low; 5: Very low; .: Omitted or invalid; .A: Not administered,Background Questionnaire Variables,B,
ATBLG06J,GEN\CHARACTERIZE\ABILITY TO REACH (2024),TQG-06j,Ordinal,1,0,,,1: Very high; 2: High; 3: Medium; 4: Low; 5: Very low,9: Omitted or invalid; Sysmis: Not administered,.: Omitted or invalid; .A: Not administered,1: Very high; 2: High; 3: Medium; 4: Low; 5: Very low; 9: Omitted or invalid; Sysmis: Not administered,1: Very high; 2: High; 3: Medium; 4: Low; 5: Very low; .: Omitted or invalid; .A: Not administered,Background Questionnaire Variables,B,
ATBLG06K,GEN\CHARACTERIZE\RESPECT FOR CLASSMATES (2024),TQG-06k,Ordinal,1,0,,,1: Very high; 2: High; 3: Medium; 4: Low; 5: Very low,9: Omitted or invalid; Sysmis: Not administered,.: Omitted or invalid; .A: Not administered,1: Very high; 2: High; 3: Medium; 4: Low; 5: Very low; 9: Omitted or invalid; Sysmis: Not administered,1: Very high; 2: High; 3: Medium; 4: Low; 5: Very low; .: Omitted or invalid; .A: Not administered,Background Questionnaire Variables,B,
ATBLG07A,GEN\BEING A TEACHER\CONTENT (2024),TQG-07a,Ordinal,1,0,,,1: Very often; 2: Often; 3: Sometimes; 4: Never or almost never,9: Omitted or invalid; Sysmis: Not administered,.: Omitted or invalid; .A: Not administered,1: Very often; 2: Often; 3: Sometimes; 4: Never or almost never; 9: Omitted or invalid; Sysmis: Not administered,1: Very often; 2: Often; 3: Sometimes; 4: Never or almost never; .: Omitted or invalid; .A: Not administered,Background Questionnaire Variables,B,
ATBLG07B,GEN\BEING A TEACHER\MEANING AND PURPOSE (2024),TQG-07b,Ordinal,1,0,,,1: Very often; 2: Often; 3: Sometimes; 4: Never or almost never,9: Omitted or invalid; Sysmis: Not administered,.: Omitted or invalid; .A: Not administered,1: Very often; 2: Often; 3: Sometimes; 4: Never or almost never; 9: Omitted or invalid; Sysmis: Not administered,1: Very often; 2: Often; 3: Sometimes; 4: Never or almost never; .: Omitted or invalid; .A: Not administered,Background Questionnaire Variables,B,
ATBLG07C,GEN\BEING A TEACHER\ENTHUSIASTIC (2024),TQG-07c,Ordinal,1,0,,,1: Very often; 2: Often; 3: Sometimes; 4: Never or almost never,9: Omitted or invalid; Sysmis: Not administered,.: Omitted or invalid; .A: Not administered,1: Very often; 2: Often; 3: Sometimes; 4: Never or almost never; 9: Omitted or invalid; Sysmis: Not administered,1: Very often; 2: Often; 3: Sometimes; 4: Never or almost never; .: Omitted or invalid; .A: Not administered,Background Questionnaire Variables,B,
ATBLG07D,GEN\BEING A TEACHER\WORK INSPIRES (2024),TQG-07d,Ordinal,1,0,,,1: Very often; 2: Often; 3: Sometimes; 4: Never or almost never,9: Omitted or invalid; Sysmis: Not administered,.: Omitted or invalid; .A: Not administered,1: Very often; 2: Often; 3: Sometimes; 4: Never or almost never; 9: Omitted or invalid; Sysmis: Not administered,1: Very often; 2: Often; 3: Sometimes; 4: Never or almost never; .: Omitted or invalid; .A: Not administered,Background Questionnaire Variables,B,
ATBLG07E,GEN\BEING A TEACHER\PROUD (2024),TQG-07e,Ordinal,1,0,,,1: Very often; 2: Often; 3: Sometimes; 4: Never or almost never,9: Omitted or invalid; Sysmis: Not administered,.: Omitted or invalid; .A: Not administered,1: Very often; 2: Often; 3: Sometimes; 4: Never or almost never; 9: Omitted or invalid; Sysmis: Not administered,1: Very often; 2: Often; 3: Sometimes; 4: Never or almost never; .: Omitted or invalid; .A: Not administered,Background Questionnaire Variables,B,
ATBLG07F,GEN\BEING A TEACHER\APPRECIATED (2024),TQG-07f,Ordinal,1,0,,,1: Very often; 2: Often; 3: Sometimes; 4: Never or almost never,9: Omitted or invalid; Sysmis: Not administered,.: Omitted or invalid; .A: Not administered,1: Very often; 2: Often; 3: Sometimes; 4: Never or almost never; 9: Omitted or invalid; Sysmis: Not administered,1: Very often; 2: Often; 3: Sometimes; 4: Never or almost never; .: Omitted or invalid; .A: Not administered,Background Questionnaire Variables,B,
ATBLG07G,GEN\BEING A TEACHER\ENJOY CHALLENGES (2024),TQG-07g,Ordinal,1,0,,,1: Very often; 2: Often; 3: Sometimes; 4: Never or almost never,9: Omitted or invalid; Sysmis: Not administered,.: Omitted or invalid; .A: Not administered,1: Very often; 2: Often; 3: Sometimes; 4: Never or almost never; 9: Omitted or invalid; Sysmis: Not administered,1: Very often; 2: Often; 3: Sometimes; 4: Never or almost never; .: Omitted or invalid; .A: Not administered,Background Questionnaire Variables,B,
ATBLG08A,GEN\NUMBER OF STUDENTS IN THE CLASS (2024),TQG-08A,Ratio,3,0,1,120,,999: Omitted or invalid; Sysmis: Not administered,.: Omitted or invalid; .A: Not administered,999: Omitted or invalid; Sysmis: Not administered,.: Omitted or invalid; .A: Not administered,Background Questionnaire Variables,B,
ATBLG08B,GEN\NUMBER OF STUDENTS IN <4TH GRADE> (2024),TQG-08B,Ratio,3,0,1,120,,999: Omitted or invalid; Sysmis: Not administered,.: Omitted or invalid; .A: Not administered,999: Omitted or invalid; Sysmis: Not administered,.: Omitted or invalid; .A: Not administered,Background Questionnaire Variables,B,
ATBLG09,GEN\LANGUAGE DIFFICULTIES (2024),TQG-09,Ratio,3,0,0,120,,999: Omitted or invalid; Sysmis: Not administered,.: Omitted or invalid; .A: Not administered,999: Omitted or invalid; Sysmis: Not administered,.: Omitted or invalid; .A: Not administered,Background Questionnaire Variables,B,
ATBLG10A,GEN\HOW OFTEN\RELATE TO STUDENTS LIVES (2024),TQG-10a,Ordinal,1,0,,,1: Every or almost every lesson; 2: About half the lessons; 3: Some lessons; 4: Never,9: Omitted or invalid; Sysmis: Not administered,.: Omitted or invalid; .A: Not administered,1: Every or almost every lesson; 2: About half the lessons; 3: Some lessons; 4: Never; 9: Omitted or invalid; Sysmis: Not administered,1: Every or almost every lesson; 2: About half the lessons; 3: Some lessons; 4: Never; .: Omitted or invalid; .A: Not administered,Background Questionnaire Variables,B,
ATBLG10B,GEN\HOW OFTEN\EXPLAIN ANSWERS (2024),TQG-10b,Ordinal,1,0,,,1: Every or almost every lesson; 2: About half the lessons; 3: Some lessons; 4: Never,9: Omitted or invalid; Sysmis: Not administered,.: Omitted or invalid; .A: Not administered,1: Every or almost every lesson; 2: About half the lessons; 3: Some lessons; 4: Never; 9: Omitted or invalid; Sysmis: Not administered,1: Every or almost every lesson; 2: About half the lessons; 3: Some lessons; 4: Never; .: Omitted or invalid; .A: Not administered,Background Questionnaire Variables,B,
ATBLG10C,GEN\HOW OFTEN\COMMUNICATE GOALS (2024),TQG-10c,Ordinal,1,0,,,1: Every or almost every lesson; 2: About half the lessons; 3: Some lessons; 4: Never,9: Omitted or invalid; Sysmis: Not administered,.: Omitted or invalid; .A: Not administered,1: Every or almost every lesson; 2: About half the lessons; 3: Some lessons; 4: Never; 9: Omitted or invalid; Sysmis: Not administered,1: Every or almost every lesson; 2: About half the lessons; 3: Some lessons; 4: Never; .: Omitted or invalid; .A: Not administered,Background Questionnaire Variables,B,
ATBLG10D,GEN\HOW OFTEN\BEYOND INSTRUCTION (2024),TQG-10d,Ordinal,1,0,,,1: Every or almost every lesson; 2: About half the lessons; 3: Some lessons; 4: Never,9: Omitted or invalid; Sysmis: Not administered,.: Omitted or invalid; .A: Not administered,1: Every or almost every lesson; 2: About half the lessons; 3: Some lessons; 4: Never; 9: Omitted or invalid; Sysmis: Not administered,1: Every or almost every lesson; 2: About half the lessons; 3: Some lessons; 4: Never; .: Omitted or invalid; .A: Not administered,Background Questionnaire Variables,B,
ATBLG10E,GEN\HOW OFTEN\CLASSROOM DISCUSSION (2024),TQG-10e,Ordinal,1,0,,,1: Every or almost every lesson; 2: About half the lessons; 3: Some lessons; 4: Never,9: Omitted or invalid; Sysmis: Not administered,.: Omitted or invalid; .A: Not administered,1: Every or almost every lesson; 2: About half the lessons; 3: Some lessons; 4: Never; 9: Omitted or invalid; Sysmis: Not administered,1: Every or almost every lesson; 2: About half the lessons; 3: Some lessons; 4: Never; .: Omitted or invalid; .A: Not administered,Background Questionnaire Variables,B,
ATBLG10F,GEN\HOW OFTEN\LINK KNOWLEDGE (2024),TQG-10f,Ordinal,1,0,,,1: Every or almost every lesson; 2: About half the lessons; 3: Some lessons; 4: Never,9: Omitted or invalid; Sysmis: Not administered,.: Omitted or invalid; .A: Not administered,1: Every or almost every lesson; 2: About half the lessons; 3: Some lessons; 4: Never; 9: Omitted or invalid; Sysmis: Not administered,1: Every or almost every lesson; 2: About half the lessons; 3: Some lessons; 4: Never; .: Omitted or invalid; .A: Not administered,Background Questionnaire Variables,B,
ATBLG10G,GEN\HOW OFTEN\OWN PROBLEM SOLVING (2024),TQG-10g,Ordinal,1,0,,,1: Every or almost every lesson; 2: About half the lessons; 3: Some lessons; 4: Never,9: Omitted or invalid; Sysmis: Not administered,.: Omitted or invalid; .A: Not administered,1: Every or almost every lesson; 2: About half the lessons; 3: Some lessons; 4: Never; 9: Omitted or invalid; Sysmis: Not administered,1: Every or almost every lesson; 2: About half the lessons; 3: Some lessons; 4: Never; .: Omitted or invalid; .A: Not administered,Background Questionnaire Variables,B,
ATBLG11A,GEN\LIMIT TEACHING\LACKING KNOWLEDGE (2024),TQG-11a,Ordinal,1,0,,,1: Not at all; 2: Some; 3: A lot,9: Omitted or invalid; Sysmis: Not administered,.: Omitted or invalid; .A: Not administered,1: Not at all; 2: Some; 3: A lot; 9: Omitted or invalid; Sysmis: Not administered,1: Not at all; 2: Some; 3: A lot; .: Omitted or invalid; .A: Not administered,Background Questionnaire Variables,B,
ATBLG11B,GEN\LIMIT TEACHING\LACK OF NUTRITION (2024),TQG-11b,Ordinal,1,0,,,1: Not at all; 2: Some; 3: A lot,9: Omitted or invalid; Sysmis: Not administered,.: Omitted or invalid; .A: Not administered,1: Not at all; 2: Some; 3: A lot; 9: Omitted or invalid; Sysmis: Not administered,1: Not at all; 2: Some; 3: A lot; .: Omitted or invalid; .A: Not administered,Background Questionnaire Variables,B,
ATBLG11C,GEN\LIMIT TEACHING\LACK OF SLEEP (2024),TQG-11c,Ordinal,1,0,,,1: Not at all; 2: Some; 3: A lot,9: Omitted or invalid; Sysmis: Not administered,.: Omitted or invalid; .A: Not administered,1: Not at all; 2: Some; 3: A lot; 9: Omitted or invalid; Sysmis: Not administered,1: Not at all; 2: Some; 3: A lot; .: Omitted or invalid; .A: Not administered,Background Questionnaire Variables,B,
ATBLG11D,GEN\LIMIT TEACHING\ABSENT FROM CLASS (2024),TQG-11d,Ordinal,1,0,,,1: Not at all; 2: Some; 3: A lot,9: Omitted or invalid; Sysmis: Not administered,.: Omitted or invalid; .A: Not administered,1: Not at all; 2: Some; 3: A lot; 9: Omitted or invalid; Sysmis: Not administered,1: Not at all; 2: Some; 3: A lot; .: Omitted or invalid; .A: Not administered,Background Questionnaire Variables,B,
ATBLG11E,GEN\LIMIT TEACHING\DISRUPTIVE STUDENTS (2024),TQG-11e,Ordinal,1,0,,,1: Not at all; 2: Some; 3: A lot,9: Omitted or invalid; Sysmis: Not administered,.: Omitted or invalid; .A: Not administered,1: Not at all; 2: Some; 3: A lot; 9: Omitted or invalid; Sysmis: Not administered,1: Not at all; 2: Some; 3: A lot; .: Omitted or invalid; .A: Not administered,Background Questionnaire Variables,B,
ATBLG11F,GEN\LIMIT TEACHING\UNINTERESTED STUDENTS (2024),TQG-11f,Ordinal,1,0,,,1: Not at all; 2: Some; 3: A lot,9: Omitted or invalid; Sysmis: Not administered,.: Omitted or invalid; .A: Not administered,1: Not at all; 2: Some; 3: A lot; 9: Omitted or invalid; Sysmis: Not administered,1: Not at all; 2: Some; 3: A lot; .: Omitted or invalid; .A: Not administered,Background Questionnaire Variables,B,
ATBLG11G,GEN\LIMIT TEACHING\DISTRACTED STUDENTS (2024),TQG-11g,Ordinal,1,0,,,1: Not at all; 2: Some; 3: A lot,9: Omitted or invalid; Sysmis: Not administered,.: Omitted or invalid; .A: Not administered,1: Not at all; 2: Some; 3: A lot; 9: Omitted or invalid; Sysmis: Not administered,1: Not at all; 2: Some; 3: A lot; .: Omitted or invalid; .A: Not administered,Background Questionnaire Variables,B,
ATBLG11H,GEN\LIMIT TEACHING\MENTAL IMPAIRMENT (2024),TQG-11h,Ordinal,1,0,,,1: Not at all; 2: Some; 3: A lot,9: Omitted or invalid; Sysmis: Not administered,.: Omitted or invalid; .A: Not administered,1: Not at all; 2: Some; 3: A lot; 9: Omitted or invalid; Sysmis: Not administered,1: Not at all; 2: Some; 3: A lot; .: Omitted or invalid; .A: Not administered,Background Questionnaire Variables,B,
ATBLG11I,GEN\LIMIT TEACHING\DIFF UNDERSTANDING LNG (2024),TQG-11i,Ordinal,1,0,,,1: Not at all; 2: Some; 3: A lot,9: Omitted or invalid; Sysmis: Not administered,.: Omitted or invalid; .A: Not administered,1: Not at all; 2: Some; 3: A lot; 9: Omitted or invalid; Sysmis: Not administered,1: Not at all; 2: Some; 3: A lot; .: Omitted or invalid; .A: Not administered,Background Questionnaire Variables,B,
ATBLM01,MAT\TIME SPENT MATHEMATICS MINUTES (2024),TQM-01,Ratio,4,0,1,1800,,9999: Omitted or invalid; Sysmis: Not administered,.: Omitted or invalid; .A: Not administered,9999: Omitted or invalid; Sysmis: Not administered,.: Omitted or invalid; .A: Not administered,Background Questionnaire Variables,B,
ATBLM02A,MAT\ASK STUDENTS\EXPLAIN NEW MATHEMATICS (2024),TQM-02a,Ordinal,1,0,,,1: Every or almost every lesson; 2: About half the lessons; 3: Some lessons; 4: Never,9: Omitted or invalid; Sysmis: Not administered,.: Omitted or invalid; .A: Not administered,1: Every or almost every lesson; 2: About half the lessons; 3: Some lessons; 4: Never; 9: Omitted or invalid; Sysmis: Not administered,1: Every or almost every lesson; 2: About half the lessons; 3: Some lessons; 4: Never; .: Omitted or invalid; .A: Not administered,Background Questionnaire Variables,B,
ATBLM02B,MAT\ASK STUDENTS\EXPLAIN HOW TO SOLVE (2024),TQM-02b,Ordinal,1,0,,,1: Every or almost every lesson; 2: About half the lessons; 3: Some lessons; 4: Never,9: Omitted or invalid; Sysmis: Not administered,.: Omitted or invalid; .A: Not administered,1: Every or almost every lesson; 2: About half the lessons; 3: Some lessons; 4: Never; 9: Omitted or invalid; Sysmis: Not administered,1: Every or almost every lesson; 2: About half the lessons; 3: Some lessons; 4: Never; .: Omitted or invalid; .A: Not administered,Background Questionnaire Variables,B,
ATBLM02C,MAT\ASK STUDENTS\MEMORIZE RULES (2024),TQM-02c,Ordinal,1,0,,,1: Every or almost every lesson; 2: About half the lessons; 3: Some lessons; 4: Never,9: Omitted or invalid; Sysmis: Not administered,.: Omitted or invalid; .A: Not administered,1: Every or almost every lesson; 2: About half the lessons; 3: Some lessons; 4: Never; 9: Omitted or invalid; Sysmis: Not administered,1: Every or almost every lesson; 2: About half the lessons; 3: Some lessons; 4: Never; .: Omitted or invalid; .A: Not administered,Background Questionnaire Variables,B,
ATBLM02D,MAT\ASK STUDENTS\PRACTICE PROCEDURES (2024),TQM-02d,Ordinal,1,0,,,1: Every or almost every lesson; 2: About half the lessons; 3: Some lessons; 4: Never,9: Omitted or invalid; Sysmis: Not administered,.: Omitted or invalid; .A: Not administered,1: Every or almost every lesson; 2: About half the lessons; 3: Some lessons; 4: Never; 9: Omitted or invalid; Sysmis: Not administered,1: Every or almost every lesson; 2: About half the lessons; 3: Some lessons; 4: Never; .: Omitted or invalid; .A: Not administered,Background Questionnaire Variables,B,
ATBLM02E,MAT\ASK STUDENTS\APPLY WHAT LEARNED (2024),TQM-02e,Ordinal,1,0,,,1: Every or almost every lesson; 2: About half the lessons; 3: Some lessons; 4: Never,9: Omitted or invalid; Sysmis: Not administered,.: Omitted or invalid; .A: Not administered,1: Every or almost every lesson; 2: About half the lessons; 3: Some lessons; 4: Never; 9: Omitted or invalid; Sysmis: Not administered,1: Every or almost every lesson; 2: About half the lessons; 3: Some lessons; 4: Never; .: Omitted or invalid; .A: Not administered,Background Questionnaire Variables,B,
ATBLM02F,MAT\ASK STUDENTS\WORK IN WHOLE CLASS (2024),TQM-02f,Ordinal,1,0,,,1: Every or almost every lesson; 2: About half the lessons; 3: Some lessons; 4: Never,9: Omitted or invalid; Sysmis: Not administered,.: Omitted or invalid; .A: Not administered,1: Every or almost every lesson; 2: About half the lessons; 3: Some lessons; 4: Never; 9: Omitted or invalid; Sysmis: Not administered,1: Every or almost every lesson; 2: About half the lessons; 3: Some lessons; 4: Never; .: Omitted or invalid; .A: Not administered,Background Questionnaire Variables,B,
ATBLM02G,MAT\ASK STUDENTS\MIXED ABILITY (2024),TQM-02g,Ordinal,1,0,,,1: Every or almost every lesson; 2: About half the lessons; 3: Some lessons; 4: Never,9: Omitted or invalid; Sysmis: Not administered,.: Omitted or invalid; .A: Not administered,1: Every or almost every lesson; 2: About half the lessons; 3: Some lessons; 4: Never; 9: Omitted or invalid; Sysmis: Not administered,1: Every or almost every lesson; 2: About half the lessons; 3: Some lessons; 4: Never; .: Omitted or invalid; .A: Not administered,Background Questionnaire Variables,B,
ATBLM02H,MAT\ASK STUDENTS\SAME ABILITY (2024),TQM-02h,Ordinal,1,0,,,1: Every or almost every lesson; 2: About half the lessons; 3: Some lessons; 4: Never,9: Omitted or invalid; Sysmis: Not administered,.: Omitted or invalid; .A: Not administered,1: Every or almost every lesson; 2: About half the lessons; 3: Some lessons; 4: Never; 9: Omitted or invalid; Sysmis: Not administered,1: Every or almost every lesson; 2: About half the lessons; 3: Some lessons; 4: Never; .: Omitted or invalid; .A: Not administered,Background Questionnaire Variables,B,
ATBLM03A,MAT\TCH ABILITY\VALUE OF MATH (2024),TQM-03a,Nominal,1,0,,,1: Very confident; 2: Somewhat confident; 3: Not confident,9: Omitted or invalid; Sysmis: Not administered,.: Omitted or invalid; .A: Not administered,1: Very confident; 2: Somewhat confident; 3: Not confident; 9: Omitted or invalid; Sysmis: Not administered,1: Very confident; 2: Somewhat confident; 3: Not confident; .: Omitted or invalid; .A: Not administered,Background Questionnaire Variables,B,
ATBLM03B,MAT\TCH ABILITY\PROB SOLVING STRAT (2024),TQM-03b,Nominal,1,0,,,1: Very confident; 2: Somewhat confident; 3: Not confident,9: Omitted or invalid; Sysmis: Not administered,.: Omitted or invalid; .A: Not administered,1: Very confident; 2: Somewhat confident; 3: Not confident; 9: Omitted or invalid; Sysmis: Not administered,1: Very confident; 2: Somewhat confident; 3: Not confident; .: Omitted or invalid; .A: Not administered,Background Questionnaire Variables,B,
ATBLM03C,MAT\TCH ABILITY\ADAPT TO INTERESTS (2024),TQM-03c,Nominal,1,0,,,1: Very confident; 2: Somewhat confident; 3: Not confident,9: Omitted or invalid; Sysmis: Not administered,.: Omitted or invalid; .A: Not administered,1: Very confident; 2: Somewhat confident; 3: Not confident; 9: Omitted or invalid; Sysmis: Not administered,1: Very confident; 2: Somewhat confident; 3: Not confident; .: Omitted or invalid; .A: Not administered,Background Questionnaire Variables,B,
ATBLM03D,MAT\TCH ABILITY\HIGHER ORDER SKILLS (2024),TQM-03d,Nominal,1,0,,,1: Very confident; 2: Somewhat confident; 3: Not confident,9: Omitted or invalid; Sysmis: Not administered,.: Omitted or invalid; .A: Not administered,1: Very confident; 2: Somewhat confident; 3: Not confident; 9: Omitted or invalid; Sysmis: Not administered,1: Very confident; 2: Somewhat confident; 3: Not confident; .: Omitted or invalid; .A: Not administered,Background Questionnaire Variables,B,
ATBLM03E,MAT\TCH ABILITY\RELEVANT TO STUDENTS (2024),TQM-03e,Nominal,1,0,,,1: Very confident; 2: Somewhat confident; 3: Not confident,9: Omitted or invalid; Sysmis: Not administered,.: Omitted or invalid; .A: Not administered,1: Very confident; 2: Somewhat confident; 3: Not confident; 9: Omitted or invalid; Sysmis: Not administered,1: Very confident; 2: Somewhat confident; 3: Not confident; .: Omitted or invalid; .A: Not administered,Background Questionnaire Variables,B,
ATBLM03F,MAT\TCH ABILITY\CHALLENGING ACTIVITIES (2024),TQM-03f,Nominal,1,0,,,1: Very confident; 2: Somewhat confident; 3: Not confident,9: Omitted or invalid; Sysmis: Not administered,.: Omitted or invalid; .A: Not administered,1: Very confident; 2: Somewhat confident; 3: Not confident; 9: Omitted or invalid; Sysmis: Not administered,1: Very confident; 2: Somewhat confident; 3: Not confident; .: Omitted or invalid; .A: Not administered,Background Questionnaire Variables,B,
ATBLM03G,MAT\TCH ABILITY\STRUGGLING STUDENTS (2024),TQM-03g,Nominal,1,0,,,1: Very confident; 2: Somewhat confident; 3: Not confident,9: Omitted or invalid; Sysmis: Not administered,.: Omitted or invalid; .A: Not administered,1: Very confident; 2: Somewhat confident; 3: Not confident; 9: Omitted or invalid; Sysmis: Not administered,1: Very confident; 2: Somewhat confident; 3: Not confident; .: Omitted or invalid; .A: Not administered,Background Questionnaire Variables,B,
ATBLM03H,MAT\TCH ABILITY\ASSESS COMPREHENSION (2024),TQM-03h,Nominal,1,0,,,1: Very confident; 2: Somewhat confident; 3: Not confident,9: Omitted or invalid; Sysmis: Not administered,.: Omitted or invalid; .A: Not administered,1: Very confident; 2: Somewhat confident; 3: Not confident; 9: Omitted or invalid; Sysmis: Not administered,1: Very confident; 2: Somewhat confident; 3: Not confident; .: Omitted or invalid; .A: Not administered,Background Questionnaire Variables,B,
ATBLM04A,MAT\DIGITAL DEVICE AVAILABILITY DURING MATH (2024),TQM-04A,Nominal,1,0,,,1: Yes; 2: No,9: Omitted or invalid; Sysmis: Not administered,.: Omitted or invalid; .A: Not administered,1: Yes; 2: No; 9: Omitted or invalid; Sysmis: Not administered,1: Yes; 2: No; .: Omitted or invalid; .A: Not administered,Filter,F,
ATBLM04BA,MAT\ACCESS TO DEVICES\EACH STD HAS A DEVICE (2024),TQM-04Ba,Nominal,1,0,,,1: Yes; 2: No,9: Omitted or invalid; 6: Logically not applicable; Sysmis: Not administered,.: Omitted or invalid; .A: Not administered; .B: Logically not applicable,1: Yes; 2: No; 9: Omitted or invalid; 6: Logically not applicable; Sysmis: Not administered,1: Yes; 2: No; .: Omitted or invalid; .A: Not administered; .B: Logically not applicable,Filter Dependent,BD,
ATBLM04BB,MAT\ACCESS TO DEVICES\CLASS HAS DEVICES TO SHARE (2024),TQM-04Bb,Nominal,1,0,,,1: Yes; 2: No,9: Omitted or invalid; 6: Logically not applicable; Sysmis: Not administered,.: Omitted or invalid; .A: Not administered; .B: Logically not applicable,1: Yes; 2: No; 9: Omitted or invalid; 6: Logically not applicable; Sysmis: Not administered,1: Yes; 2: No; .: Omitted or invalid; .A: Not administered; .B: Logically not applicable,Filter Dependent,BD,
ATBLM04BC,MAT\ACCESS TO DEVICES\SCHOOL HAS DEVICES (2024),TQM-04Bc,Nominal,1,0,,,1: Yes; 2: No,9: Omitted or invalid; 6: Logically not applicable; Sysmis: Not administered,.: Omitted or invalid; .A: Not administered; .B: Logically not applicable,1: Yes; 2: No; 9: Omitted or invalid; 6: Logically not applicable; Sysmis: Not administered,1: Yes; 2: No; .: Omitted or invalid; .A: Not administered; .B: Logically not applicable,Filter Dependent,BD,
ATBLM04BD,MAT\ACCESS TO DEVICES\STUDENTS BRING OWN DEVICES (2024),TQM-04Bd,Nominal,1,0,,,1: Yes; 2: No,9: Omitted or invalid; 6: Logically not applicable; Sysmis: Not administered,.: Omitted or invalid; .A: Not administered; .B: Logically not applicable,1: Yes; 2: No; 9: Omitted or invalid; 6: Logically not applicable; Sysmis: Not administered,1: Yes; 2: No; .: Omitted or invalid; .A: Not administered; .B: Logically not applicable,Filter Dependent,BD,
ATBLM04C,MAT\ACCESS TO DEVICES\HOW OFTEN (2024),TQM-04C,Ordinal,1,0,,,1: At least once a week; 2: Once or twice a month; 3: A few times a year; 4: Never or almost never,9: Omitted or invalid; 6: Logically not applicable; Sysmis: Not administered,.: Omitted or invalid; .A: Not administered; .B: Logically not applicable,1: At least once a week; 2: Once or twice a month; 3: A few times a year; 4: Never or almost never; 9: Omitted or invalid; 6: Logically not applicable; Sysmis: Not administered,1: At least once a week; 2: Once or twice a month; 3: A few times a year; 4: Never or almost never; .: Omitted or invalid; .A: Not administered; .B: Logically not applicable,Filter Dependent,BD,
ATBLM04DA,MAT\ACCESS TO DEVICES\HOW OFTEN\PRACTICE PROBLEMS (2024),TQM-04Da,Ordinal,1,0,,,1: At least once a week; 2: Once or twice a month; 3: A few times a year; 4: Never or almost never,9: Omitted or invalid; 6: Logically not applicable; Sysmis: Not administered,.: Omitted or invalid; .A: Not administered; .B: Logically not applicable,1: At least once a week; 2: Once or twice a month; 3: A few times a year; 4: Never or almost never; 9: Omitted or invalid; 6: Logically not applicable; Sysmis: Not administered,1: At least once a week; 2: Once or twice a month; 3: A few times a year; 4: Never or almost never; .: Omitted or invalid; .A: Not administered; .B: Logically not applicable,Filter Dependent,BD,
ATBLM04DB,MAT\ACCESS TO DEVICES\HOW OFTEN\EXTENDED PROBLEMS (2024),TQM-04Db,Ordinal,1,0,,,1: At least once a week; 2: Once or twice a month; 3: A few times a year; 4: Never or almost never,9: Omitted or invalid; 6: Logically not applicable; Sysmis: Not administered,.: Omitted or invalid; .A: Not administered; .B: Logically not applicable,1: At least once a week; 2: Once or twice a month; 3: A few times a year; 4: Never or almost never; 9: Omitted or invalid; 6: Logically not applicable; Sysmis: Not administered,1: At least once a week; 2: Once or twice a month; 3: A few times a year; 4: Never or almost never; .: Omitted or invalid; .A: Not administered; .B: Logically not applicable,Filter Dependent,BD,
ATBLM04DC,MAT\ACCESS TO DEVICES\HOW OFTEN\CREATE DATA DISPLAYS (2024),TQM-04Dc,Ordinal,1,0,,,1: At least once a week; 2: Once or twice a month; 3: A few times a year; 4: Never or almost never,9: Omitted or invalid; 6: Logically not applicable; Sysmis: Not administered,.: Omitted or invalid; .A: Not administered; .B: Logically not applicable,1: At least once a week; 2: Once or twice a month; 3: A few times a year; 4: Never or almost never; 9: Omitted or invalid; 6: Logically not applicable; Sysmis: Not administered,1: At least once a week; 2: Once or twice a month; 3: A few times a year; 4: Never or almost never; .: Omitted or invalid; .A: Not administered; .B: Logically not applicable,Filter Dependent,BD,
ATBLM04DD,MAT\ACCESS TO DEVICES\HOW OFTEN\PLAY GAMES (2024),TQM-04Dd,Ordinal,1,0,,,1: At least once a week; 2: Once or twice a month; 3: A few times a year; 4: Never or almost never,9: Omitted or invalid; 6: Logically not applicable; Sysmis: Not administered,.: Omitted or invalid; .A: Not administered; .B: Logically not applicable,1: At least once a week; 2: Once or twice a month; 3: A few times a year; 4: Never or almost never; 9: Omitted or invalid; 6: Logically not applicable; Sysmis: Not administered,1: At least once a week; 2: Once or twice a month; 3: A few times a year; 4: Never or almost never; .: Omitted or invalid; .A: Not administered; .B: Logically not applicable,Filter Dependent,BD,
ATBLM04DE,MAT\ACCESS TO DEVICES\HOW OFTEN\READ TEXTBOOK (2024),TQM-04De,Ordinal,1,0,,,1: At least once a week; 2: Once or twice a month; 3: A few times a year; 4: Never or almost never,9: Omitted or invalid; 6: Logically not applicable; Sysmis: Not administered,.: Omitted or invalid; .A: Not administered; .B: Logically not applicable,1: At least once a week; 2: Once or twice a month; 3: A few times a year; 4: Never or almost never; 9: Omitted or invalid; 6: Logically not applicable; Sysmis: Not administered,1: At least once a week; 2: Once or twice a month; 3: A few times a year; 4: Never or almost never; .: Omitted or invalid; .A: Not administered; .B: Logically not applicable,Filter Dependent,BD,
ATBLM04DF,MAT\ACCESS TO DEVICES\HOW OFTEN\TAKE A TEST (2024),TQM-04Df,Ordinal,1,0,,,1: At least once a week; 2: Once or twice a month; 3: A few times a year; 4: Never or almost never,9: Omitted or invalid; 6: Logically not applicable; Sysmis: Not administered,.: Omitted or invalid; .A: Not administered; .B: Logically not applicable,1: At least once a week; 2: Once or twice a month; 3: A few times a year; 4: Never or almost never; 9: Omitted or invalid; 6: Logically not applicable; Sysmis: Not administered,1: At least once a week; 2: Once or twice a month; 3: A few times a year; 4: Never or almost never; .: Omitted or invalid; .A: Not administered; .B: Logically not applicable,Filter Dependent,BD,
ATBLM05AA,MAT\TOPICS\NUMBER\WHOLE NUMBER ORDERING (2024),TQM-05Aa,Nominal,1,0,,,1: Mostly taught before this year; 2: Mostly taught this year; 3: Not yet taught,9: Omitted or invalid; Sysmis: Not administered,.: Omitted or invalid; .A: Not administered,1: Mostly taught before this year; 2: Mostly taught this year; 3: Not yet taught; 9: Omitted or invalid; Sysmis: Not administered,1: Mostly taught before this year; 2: Mostly taught this year; 3: Not yet taught; .: Omitted or invalid; .A: Not administered,Background Questionnaire Variables,B,
ATBLM05AB,MAT\TOPICS\NUMBER\ADD SUBTRACT 4 DIGITS (2024),TQM-05Ab,Nominal,1,0,,,1: Mostly taught before this year; 2: Mostly taught this year; 3: Not yet taught,9: Omitted or invalid; Sysmis: Not administered,.: Omitted or invalid; .A: Not administered,1: Mostly taught before this year; 2: Mostly taught this year; 3: Not yet taught; 9: Omitted or invalid; Sysmis: Not administered,1: Mostly taught before this year; 2: Mostly taught this year; 3: Not yet taught; .: Omitted or invalid; .A: Not administered,Background Questionnaire Variables,B,
ATBLM05AC,MAT\TOPICS\NUMBER\MULTIPLY 3 BY 1 AND 2 BY 2 DIGITS (2024),TQM-05Ac,Nominal,1,0,,,1: Mostly taught before this year; 2: Mostly taught this year; 3: Not yet taught,9: Omitted or invalid; Sysmis: Not administered,.: Omitted or invalid; .A: Not administered,1: Mostly taught before this year; 2: Mostly taught this year; 3: Not yet taught; 9: Omitted or invalid; Sysmis: Not administered,1: Mostly taught before this year; 2: Mostly taught this year; 3: Not yet taught; .: Omitted or invalid; .A: Not administered,Background Questionnaire Variables,B,
ATBLM05AD,MAT\TOPICS\NUMBER\DIVIDE 3 BY 1 DIGITS (2024),TQM-05Ad,Nominal,1,0,,,1: Mostly taught before this year; 2: Mostly taught this year; 3: Not yet taught,9: Omitted or invalid; Sysmis: Not administered,.: Omitted or invalid; .A: Not administered,1: Mostly taught before this year; 2: Mostly taught this year; 3: Not yet taught; 9: Omitted or invalid; Sysmis: Not administered,1: Mostly taught before this year; 2: Mostly taught this year; 3: Not yet taught; .: Omitted or invalid; .A: Not administered,Background Questionnaire Variables,B,
ATBLM05AE,MAT\TOPICS\NUMBER\ODD EVEN NUMBERS MULTIPLES FACTORS (2024),TQM-05Ae,Nominal,1,0,,,1: Mostly taught before this year; 2: Mostly taught this year; 3: Not yet taught,9: Omitted or invalid; Sysmis: Not administered,.: Omitted or invalid; .A: Not administered,1: Mostly taught before this year; 2: Mostly taught this year; 3: Not yet taught; 9: Omitted or invalid; Sysmis: Not administered,1: Mostly taught before this year; 2: Mostly taught this year; 3: Not yet taught; .: Omitted or invalid; .A: Not administered,Background Questionnaire Variables,B,
ATBLM05AF,MAT\TOPICS\NUMBER\ROUND ESTIMATE (2024),TQM-05Af,Nominal,1,0,,,1: Mostly taught before this year; 2: Mostly taught this year; 3: Not yet taught,9: Omitted or invalid; Sysmis: Not administered,.: Omitted or invalid; .A: Not administered,1: Mostly taught before this year; 2: Mostly taught this year; 3: Not yet taught; 9: Omitted or invalid; Sysmis: Not administered,1: Mostly taught before this year; 2: Mostly taught this year; 3: Not yet taught; .: Omitted or invalid; .A: Not administered,Background Questionnaire Variables,B,
ATBLM05AG,MAT\TOPICS\NUMBER\MISSING NUMBER OR OPERATION (2024),TQM-05Ag,Nominal,1,0,,,1: Mostly taught before this year; 2: Mostly taught this year; 3: Not yet taught,9: Omitted or invalid; Sysmis: Not administered,.: Omitted or invalid; .A: Not administered,1: Mostly taught before this year; 2: Mostly taught this year; 3: Not yet taught; 9: Omitted or invalid; Sysmis: Not administered,1: Mostly taught before this year; 2: Mostly taught this year; 3: Not yet taught; .: Omitted or invalid; .A: Not administered,Background Questionnaire Variables,B,
ATBLM05AH,MAT\TOPICS\NUMBER\NUMBER PATTERNS (2024),TQM-05Ah,Nominal,1,0,,,1: Mostly taught before this year; 2: Mostly taught this year; 3: Not yet taught,9: Omitted or invalid; Sysmis: Not administered,.: Omitted or invalid; .A: Not administered,1: Mostly taught before this year; 2: Mostly taught this year; 3: Not yet taught; 9: Omitted or invalid; Sysmis: Not administered,1: Mostly taught before this year; 2: Mostly taught this year; 3: Not yet taught; .: Omitted or invalid; .A: Not administered,Background Questionnaire Variables,B,
ATBLM05AI,MAT\TOPICS\NUMBER\COMPARE AND ORDER FRACTIONS (2024),TQM-05Ai,Nominal,1,0,,,1: Mostly taught before this year; 2: Mostly taught this year; 3: Not yet taught,9: Omitted or invalid; Sysmis: Not administered,.: Omitted or invalid; .A: Not administered,1: Mostly taught before this year; 2: Mostly taught this year; 3: Not yet taught; 9: Omitted or invalid; Sysmis: Not administered,1: Mostly taught before this year; 2: Mostly taught this year; 3: Not yet taught; .: Omitted or invalid; .A: Not administered,Background Questionnaire Variables,B,
ATBLM05AJ,MAT\TOPICS\NUMBER\ADD AND SUBTRACT FRACTIONS (2024),TQM-05Aj,Nominal,1,0,,,1: Mostly taught before this year; 2: Mostly taught this year; 3: Not yet taught,9: Omitted or invalid; Sysmis: Not administered,.: Omitted or invalid; .A: Not administered,1: Mostly taught before this year; 2: Mostly taught this year; 3: Not yet taught; 9: Omitted or invalid; Sysmis: Not administered,1: Mostly taught before this year; 2: Mostly taught this year; 3: Not yet taught; .: Omitted or invalid; .A: Not administered,Background Questionnaire Variables,B,
ATBLM05AK,MAT\TOPICS\NUMBER\COMPARE AND ORDER DECIMALS (2024),TQM-05Ak,Nominal,1,0,,,1: Mostly taught before this year; 2: Mostly taught this year; 3: Not yet taught,9: Omitted or invalid; Sysmis: Not administered,.: Omitted or invalid; .A: Not administered,1: Mostly taught before this year; 2: Mostly taught this year; 3: Not yet taught; 9: Omitted or invalid; Sysmis: Not administered,1: Mostly taught before this year; 2: Mostly taught this year; 3: Not yet taught; .: Omitted or invalid; .A: Not administered,Background Questionnaire Variables,B,
ATBLM05AL,MAT\TOPICS\NUMBER\ADD AND SUBTRACT DECIMALS (2024),TQM-05Al,Nominal,1,0,,,1: Mostly taught before this year; 2: Mostly taught this year; 3: Not yet taught,9: Omitted or invalid; Sysmis: Not administered,.: Omitted or invalid; .A: Not administered,1: Mostly taught before this year; 2: Mostly taught this year; 3: Not yet taught; 9: Omitted or invalid; Sysmis: Not administered,1: Mostly taught before this year; 2: Mostly taught this year; 3: Not yet taught; .: Omitted or invalid; .A: Not administered,Background Questionnaire Variables,B,
ATBLM05BA,MAT\TOPICS\GEOMETRY\SOLVING PROB LENGTH (2024),TQM-05Ba,Nominal,1,0,,,1: Mostly taught before this year; 2: Mostly taught this year; 3: Not yet taught,9: Omitted or invalid; Sysmis: Not administered,.: Omitted or invalid; .A: Not administered,1: Mostly taught before this year; 2: Mostly taught this year; 3: Not yet taught; 9: Omitted or invalid; Sysmis: Not administered,1: Mostly taught before this year; 2: Mostly taught this year; 3: Not yet taught; .: Omitted or invalid; .A: Not administered,Background Questionnaire Variables,B,
ATBLM05BB,MAT\TOPICS\GEOMETRY\SOLVING PROB MASS VOLUME TIME (2024),TQM-05Bb,Nominal,1,0,,,1: Mostly taught before this year; 2: Mostly taught this year; 3: Not yet taught,9: Omitted or invalid; Sysmis: Not administered,.: Omitted or invalid; .A: Not administered,1: Mostly taught before this year; 2: Mostly taught this year; 3: Not yet taught; 9: Omitted or invalid; Sysmis: Not administered,1: Mostly taught before this year; 2: Mostly taught this year; 3: Not yet taught; .: Omitted or invalid; .A: Not administered,Background Questionnaire Variables,B,
ATBLM05BC,MAT\TOPICS\GEOMETRY\FIND PERIMETER (2024),TQM-05Bc,Nominal,1,0,,,1: Mostly taught before this year; 2: Mostly taught this year; 3: Not yet taught,9: Omitted or invalid; Sysmis: Not administered,.: Omitted or invalid; .A: Not administered,1: Mostly taught before this year; 2: Mostly taught this year; 3: Not yet taught; 9: Omitted or invalid; Sysmis: Not administered,1: Mostly taught before this year; 2: Mostly taught this year; 3: Not yet taught; .: Omitted or invalid; .A: Not administered,Background Questionnaire Variables,B,
ATBLM05BD,MAT\TOPICS\GEOMETRY\AREAS AND VOLUMES (2024),TQM-05Bd,Nominal,1,0,,,1: Mostly taught before this year; 2: Mostly taught this year; 3: Not yet taught,9: Omitted or invalid; Sysmis: Not administered,.: Omitted or invalid; .A: Not administered,1: Mostly taught before this year; 2: Mostly taught this year; 3: Not yet taught; 9: Omitted or invalid; Sysmis: Not administered,1: Mostly taught before this year; 2: Mostly taught this year; 3: Not yet taught; .: Omitted or invalid; .A: Not administered,Background Questionnaire Variables,B,
ATBLM05BE,MAT\TOPICS\GEOMETRY\PARALLEL AND PERPENDICULAR LINES (2024),TQM-05Be,Nominal,1,0,,,1: Mostly taught before this year; 2: Mostly taught this year; 3: Not yet taught,9: Omitted or invalid; Sysmis: Not administered,.: Omitted or invalid; .A: Not administered,1: Mostly taught before this year; 2: Mostly taught this year; 3: Not yet taught; 9: Omitted or invalid; Sysmis: Not administered,1: Mostly taught before this year; 2: Mostly taught this year; 3: Not yet taught; .: Omitted or invalid; .A: Not administered,Background Questionnaire Variables,B,
ATBLM05BF,MAT\TOPICS\GEOMETRY\COMPARE AND DRAW ANGLES (2024),TQM-05Bf,Nominal,1,0,,,1: Mostly taught before this year; 2: Mostly taught this year; 3: Not yet taught,9: Omitted or invalid; Sysmis: Not administered,.: Omitted or invalid; .A: Not administered,1: Mostly taught before this year; 2: Mostly taught this year; 3: Not yet taught; 9: Omitted or invalid; Sysmis: Not administered,1: Mostly taught before this year; 2: Mostly taught this year; 3: Not yet taught; .: Omitted or invalid; .A: Not administered,Background Questionnaire Variables,B,
ATBLM05BG,MAT\TOPICS\GEOMETRY\TWO DIMENSIONAL SHAPES (2024),TQM-05Bg,Nominal,1,0,,,1: Mostly taught before this year; 2: Mostly taught this year; 3: Not yet taught,9: Omitted or invalid; Sysmis: Not administered,.: Omitted or invalid; .A: Not administered,1: Mostly taught before this year; 2: Mostly taught this year; 3: Not yet taught; 9: Omitted or invalid; Sysmis: Not administered,1: Mostly taught before this year; 2: Mostly taught this year; 3: Not yet taught; .: Omitted or invalid; .A: Not administered,Background Questionnaire Variables,B,
ATBLM05BH,MAT\TOPICS\GEOMETRY\THREE DIMENSIONAL SHAPES (2024),TQM-05Bh,Nominal,1,0,,,1: Mostly taught before this year; 2: Mostly taught this year; 3: Not yet taught,9: Omitted or invalid; Sysmis: Not administered,.: Omitted or invalid; .A: Not administered,1: Mostly taught before this year; 2: Mostly taught this year; 3: Not yet taught; 9: Omitted or invalid; Sysmis: Not administered,1: Mostly taught before this year; 2: Mostly taught this year; 3: Not yet taught; .: Omitted or invalid; .A: Not administered,Background Questionnaire Variables,B,
ATBLM05CA,MAT\TOPICS\DATA\READING AND INTERPRETING DATA (2024),TQM-05Ca,Nominal,1,0,,,1: Mostly taught before this year; 2: Mostly taught this year; 3: Not yet taught,9: Omitted or invalid; Sysmis: Not administered,.: Omitted or invalid; .A: Not administered,1: Mostly taught before this year; 2: Mostly taught this year; 3: Not yet taught; 9: Omitted or invalid; Sysmis: Not administered,1: Mostly taught before this year; 2: Mostly taught this year; 3: Not yet taught; .: Omitted or invalid; .A: Not administered,Background Questionnaire Variables,B,
ATBLM05CB,MAT\TOPICS\DATA\CREATE OR COMPLETE DATA DISPLAYS (2024),TQM-05Cb,Nominal,1,0,,,1: Mostly taught before this year; 2: Mostly taught this year; 3: Not yet taught,9: Omitted or invalid; Sysmis: Not administered,.: Omitted or invalid; .A: Not administered,1: Mostly taught before this year; 2: Mostly taught this year; 3: Not yet taught; 9: Omitted or invalid; Sysmis: Not administered,1: Mostly taught before this year; 2: Mostly taught this year; 3: Not yet taught; .: Omitted or invalid; .A: Not administered,Background Questionnaire Variables,B,
ATBLM05CC,MAT\TOPICS\DATA\DRAWING CONCLUSIONS (2024),TQM-05Cc,Nominal,1,0,,,1: Mostly taught before this year; 2: Mostly taught this year; 3: Not yet taught,9: Omitted or invalid; Sysmis: Not administered,.: Omitted or invalid; .A: Not administered,1: Mostly taught before this year; 2: Mostly taught this year; 3: Not yet taught; 9: Omitted or invalid; Sysmis: Not administered,1: Mostly taught before this year; 2: Mostly taught this year; 3: Not yet taught; .: Omitted or invalid; .A: Not administered,Background Questionnaire Variables,B,
ATBLM06A,MAT\HOW OFTEN MATH HOMEWORK ASSIGNED (2024),TQM-06A,Ordinal,1,0,,,1: I do not Assign mathematics homework; 2: Less than once a week; 3: 1 or 2 times a week; 4: 3 or 4 times a week; 5: Every day,9: Omitted or invalid; Sysmis: Not administered,.: Omitted or invalid; .A: Not administered,1: I do not Assign mathematics homework; 2: Less than once a week; 3: 1 or 2 times a week; 4: 3 or 4 times a week; 5: Every day; 9: Omitted or invalid; Sysmis: Not administered,1: I do not Assign mathematics homework; 2: Less than once a week; 3: 1 or 2 times a week; 4: 3 or 4 times a week; 5: Every day; .: Omitted or invalid; .A: Not administered,Filter,F,
ATBLM06BA,MAT\HOMEWORK\CORRECT (2024),TQM-06Ba,Ordinal,1,0,,,1: Always or almost always; 2: Sometimes; 3: Never or almost never,9: Omitted or invalid; 6: Logically not applicable; Sysmis: Not administered,.: Omitted or invalid; .A: Not administered; .B: Logically not applicable,1: Always or almost always; 2: Sometimes; 3: Never or almost never; 9: Omitted or invalid; 6: Logically not applicable; Sysmis: Not administered,1: Always or almost always; 2: Sometimes; 3: Never or almost never; .: Omitted or invalid; .A: Not administered; .B: Logically not applicable,Filter Dependent,BD,
ATBLM06BB,MAT\HOMEWORK\DISCUSS HOMEWORK (2024),TQM-06Bb,Ordinal,1,0,,,1: Always or almost always; 2: Sometimes; 3: Never or almost never,9: Omitted or invalid; 6: Logically not applicable; Sysmis: Not administered,.: Omitted or invalid; .A: Not administered; .B: Logically not applicable,1: Always or almost always; 2: Sometimes; 3: Never or almost never; 9: Omitted or invalid; 6: Logically not applicable; Sysmis: Not administered,1: Always or almost always; 2: Sometimes; 3: Never or almost never; .: Omitted or invalid; .A: Not administered; .B: Logically not applicable,Filter Dependent,BD,
ATBLM06BC,MAT\HOMEWORK\MONITOR COMPLETENESS (2024),TQM-06Bc,Ordinal,1,0,,,1: Always or almost always; 2: Sometimes; 3: Never or almost never,9: Omitted or invalid; 6: Logically not applicable; Sysmis: Not administered,.: Omitted or invalid; .A: Not administered; .B: Logically not applicable,1: Always or almost always; 2: Sometimes; 3: Never or almost never; 9: Omitted or invalid; 6: Logically not applicable; Sysmis: Not administered,1: Always or almost always; 2: Sometimes; 3: Never or almost never; .: Omitted or invalid; .A: Not administered; .B: Logically not applicable,Filter Dependent,BD,
ATBLM06C,MAT\HOMEWORK\AVG STUDENT TIME (2024),TQM-06C,Nominal,1,0,,,1: 15 minutes or less; 2: 16-30 minutes; 3: 31-60 minutes; 4: More than 60 minutes,9: Omitted or invalid; 6: Logically not applicable; Sysmis: Not administered,.: Omitted or invalid; .A: Not administered; .B: Logically not applicable,1: 15 minutes or less; 2: 16-30 minutes; 3: 31-60 minutes; 4: More than 60 minutes; 9: Omitted or invalid; 6: Logically not applicable; Sysmis: Not administered,1: 15 minutes or less; 2: 16-30 minutes; 3: 31-60 minutes; 4: More than 60 minutes; .: Omitted or invalid; .A: Not administered; .B: Logically not applicable,Background Questionnaire Variables,B,
ATBLM07A,MAT\IMPORTANCE STRATEGIES\OBSERVING STUDENTS (2024),TQM-07a,Ordinal,1,0,,,1: A lot; 2: Some; 3: None,9: Omitted or invalid; Sysmis: Not administered,.: Omitted or invalid; .A: Not administered,1: A lot; 2: Some; 3: None; 9: Omitted or invalid; Sysmis: Not administered,1: A lot; 2: Some; 3: None; .: Omitted or invalid; .A: Not administered,Background Questionnaire Variables,B,
ATBLM07B,MAT\IMPORTANCE STRATEGIES\ASKING STUDENTS (2024),TQM-07b,Ordinal,1,0,,,1: A lot; 2: Some; 3: None,9: Omitted or invalid; Sysmis: Not administered,.: Omitted or invalid; .A: Not administered,1: A lot; 2: Some; 3: None; 9: Omitted or invalid; Sysmis: Not administered,1: A lot; 2: Some; 3: None; .: Omitted or invalid; .A: Not administered,Background Questionnaire Variables,B,
ATBLM07C,MAT\IMPORTANCE STRATEGIES\SHORT ASSESSMENTS (2024),TQM-07c,Ordinal,1,0,,,1: A lot; 2: Some; 3: None,9: Omitted or invalid; Sysmis: Not administered,.: Omitted or invalid; .A: Not administered,1: A lot; 2: Some; 3: None; 9: Omitted or invalid; Sysmis: Not administered,1: A lot; 2: Some; 3: None; .: Omitted or invalid; .A: Not administered,Background Questionnaire Variables,B,
ATBLM07D,MAT\IMPORTANCE STRATEGIES\LONGER TESTS (2024),TQM-07d,Ordinal,1,0,,,1: A lot; 2: Some; 3: None,9: Omitted or invalid; Sysmis: Not administered,.: Omitted or invalid; .A: Not administered,1: A lot; 2: Some; 3: None; 9: Omitted or invalid; Sysmis: Not administered,1: A lot; 2: Some; 3: None; .: Omitted or invalid; .A: Not administered,Background Questionnaire Variables,B,
ATBLM07E,MAT\IMPORTANCE STRATEGIES\LONG-TERM PROJECTS (2024),TQM-07e,Ordinal,1,0,,,1: A lot; 2: Some; 3: None,9: Omitted or invalid; Sysmis: Not administered,.: Omitted or invalid; .A: Not administered,1: A lot; 2: Some; 3: None; 9: Omitted or invalid; Sysmis: Not administered,1: A lot; 2: Some; 3: None; .: Omitted or invalid; .A: Not administered,Background Questionnaire Variables,B,
ATBLM08AA,MAT\PROF DEVELOPMENT PAST\MATH CONTENT (2024),TQM-08Aa,Nominal,1,0,,,1: Yes; 2: No,9: Omitted or invalid; Sysmis: Not administered,.: Omitted or invalid; .A: Not administered,1: Yes; 2: No; 9: Omitted or invalid; Sysmis: Not administered,1: Yes; 2: No; .: Omitted or invalid; .A: Not administered,Background Questionnaire Variables,B,
ATBLM08BA,MAT\PROF DEVELOPMENT FUTURE\MATH CONTENT (2024),TQM-08Ba,Nominal,1,0,,,1: Yes; 2: No,9: Omitted or invalid; Sysmis: Not administered,.: Omitted or invalid; .A: Not administered,1: Yes; 2: No; 9: Omitted or invalid; Sysmis: Not administered,1: Yes; 2: No; .: Omitted or invalid; .A: Not administered,Background Questionnaire Variables,B,
ATBLM08AB,MAT\PROF DEVELOPMENT PAST\MATH PEDAGOGY (2024),TQM-08Ab,Nominal,1,0,,,1: Yes; 2: No,9: Omitted or invalid; Sysmis: Not administered,.: Omitted or invalid; .A: Not administered,1: Yes; 2: No; 9: Omitted or invalid; Sysmis: Not administered,1: Yes; 2: No; .: Omitted or invalid; .A: Not administered,Background Questionnaire Variables,B,
ATBLM08BB,MAT\PROF DEVELOPMENT FUTURE\MATH PEDAGOGY (2024),TQM-08Bb,Nominal,1,0,,,1: Yes; 2: No,9: Omitted or invalid; Sysmis: Not administered,.: Omitted or invalid; .A: Not administered,1: Yes; 2: No; 9: Omitted or invalid; Sysmis: Not administered,1: Yes; 2: No; .: Omitted or invalid; .A: Not administered,Background Questionnaire Variables,B,
ATBLM08AC,MAT\PROF DEVELOPMENT PAST\MATH CURRICULUM (2024),TQM-08Ac,Nominal,1,0,,,1: Yes; 2: No,9: Omitted or invalid; Sysmis: Not administered,.: Omitted or invalid; .A: Not administered,1: Yes; 2: No; 9: Omitted or invalid; Sysmis: Not administered,1: Yes; 2: No; .: Omitted or invalid; .A: Not administered,Background Questionnaire Variables,B,
ATBLM08BC,MAT\PROF DEVELOPMENT FUTURE\MATH CURRICULUM (2024),TQM-08Bc,Nominal,1,0,,,1: Yes; 2: No,9: Omitted or invalid; Sysmis: Not administered,.: Omitted or invalid; .A: Not administered,1: Yes; 2: No; 9: Omitted or invalid; Sysmis: Not administered,1: Yes; 2: No; .: Omitted or invalid; .A: Not administered,Background Questionnaire Variables,B,
ATBLM08AD,MAT\PROF DEVELOPMENT PAST\INTEGRATING TECHNOLOGY (2024),TQM-08Ad,Nominal,1,0,,,1: Yes; 2: No,9: Omitted or invalid; Sysmis: Not administered,.: Omitted or invalid; .A: Not administered,1: Yes; 2: No; 9: Omitted or invalid; Sysmis: Not administered,1: Yes; 2: No; .: Omitted or invalid; .A: Not administered,Background Questionnaire Variables,B,
ATBLM08BD,MAT\PROF DEVELOPMENT FUTURE\INTEGRATING TECHNOLOGY (2024),TQM-08Bd,Nominal,1,0,,,1: Yes; 2: No,9: Omitted or invalid; Sysmis: Not administered,.: Omitted or invalid; .A: Not administered,1: Yes; 2: No; 9: Omitted or invalid; Sysmis: Not administered,1: Yes; 2: No; .: Omitted or invalid; .A: Not administered,Background Questionnaire Variables,B,
ATBLM08AE,MAT\PROF DEVELOPMENT PAST\PROBLEM SOLVING SKILLS (2024),TQM-08Ae,Nominal,1,0,,,1: Yes; 2: No,9: Omitted or invalid; Sysmis: Not administered,.: Omitted or invalid; .A: Not administered,1: Yes; 2: No; 9: Omitted or invalid; Sysmis: Not administered,1: Yes; 2: No; .: Omitted or invalid; .A: Not administered,Background Questionnaire Variables,B,
ATBLM08BE,MAT\PROF DEVELOPMENT FUTURE\PROBLEM SOLVING SKILLS (2024),TQM-08Be,Nominal,1,0,,,1: Yes; 2: No,9: Omitted or invalid; Sysmis: Not administered,.: Omitted or invalid; .A: Not administered,1: Yes; 2: No; 9: Omitted or invalid; Sysmis: Not administered,1: Yes; 2: No; .: Omitted or invalid; .A: Not administered,Background Questionnaire Variables,B,
ATBLM08AF,MAT\PROF DEVELOPMENT PAST\MATH ASSESSMENT (2024),TQM-08Af,Nominal,1,0,,,1: Yes; 2: No,9: Omitted or invalid; Sysmis: Not administered,.: Omitted or invalid; .A: Not administered,1: Yes; 2: No; 9: Omitted or invalid; Sysmis: Not administered,1: Yes; 2: No; .: Omitted or invalid; .A: Not administered,Background Questionnaire Variables,B,
ATBLM08BF,MAT\PROF DEVELOPMENT FUTURE\MATH ASSESSMENT (2024),TQM-08Bf,Nominal,1,0,,,1: Yes; 2: No,9: Omitted or invalid; Sysmis: Not administered,.: Omitted or invalid; .A: Not administered,1: Yes; 2: No; 9: Omitted or invalid; Sysmis: Not administered,1: Yes; 2: No; .: Omitted or invalid; .A: Not administered,Background Questionnaire Variables,B,
ATBLM08AG,MAT\PROF DEVELOPMENT PAST\STUDENT NEEDS (2024),TQM-08Ag,Nominal,1,0,,,1: Yes; 2: No,9: Omitted or invalid; Sysmis: Not administered,.: Omitted or invalid; .A: Not administered,1: Yes; 2: No; 9: Omitted or invalid; Sysmis: Not administered,1: Yes; 2: No; .: Omitted or invalid; .A: Not administered,Background Questionnaire Variables,B,
ATBLM08BG,MAT\PROF DEVELOPMENT FUTURE\STUDENT NEEDS (2024),TQM-08Bg,Nominal,1,0,,,1: Yes; 2: No,9: Omitted or invalid; Sysmis: Not administered,.: Omitted or invalid; .A: Not administered,1: Yes; 2: No; 9: Omitted or invalid; Sysmis: Not administered,1: Yes; 2: No; .: Omitted or invalid; .A: Not administered,Background Questionnaire Variables,B,
ATBLS01A,SCI\SCIENCE TAUGHT AS SEPARATE SUBJECT (2024),TQS-01A,Nominal,1,0,,,1: Yes; 2: No,9: Omitted or invalid; Sysmis: Not administered,.: Omitted or invalid; .A: Not administered,1: Yes; 2: No; 9: Omitted or invalid; Sysmis: Not administered,1: Yes; 2: No; .: Omitted or invalid; .A: Not administered,Background Questionnaire Variables,B,
ATBLS01B,SCI\TIME SPENT SCIENCE MINUTES (2024),TQS-01B,Ratio,4,0,1,1800,,9999: Omitted or invalid; Sysmis: Not administered,.: Omitted or invalid; .A: Not administered,9999: Omitted or invalid; Sysmis: Not administered,.: Omitted or invalid; .A: Not administered,Background Questionnaire Variables,B,
ATBLS02A,SCI\ASK STUDENTS\LISTEN TO ME EXPLAIN (2024),TQS-02a,Ordinal,1,0,,,1: Every or almost every lesson; 2: About half the lessons; 3: Some lessons; 4: Never,9: Omitted or invalid; Sysmis: Not administered,.: Omitted or invalid; .A: Not administered,1: Every or almost every lesson; 2: About half the lessons; 3: Some lessons; 4: Never; 9: Omitted or invalid; Sysmis: Not administered,1: Every or almost every lesson; 2: About half the lessons; 3: Some lessons; 4: Never; .: Omitted or invalid; .A: Not administered,Background Questionnaire Variables,B,
ATBLS02B,SCI\ASK STUDENTS\OBSERVE PHENOMENA (2024),TQS-02b,Ordinal,1,0,,,1: Every or almost every lesson; 2: About half the lessons; 3: Some lessons; 4: Never,9: Omitted or invalid; Sysmis: Not administered,.: Omitted or invalid; .A: Not administered,1: Every or almost every lesson; 2: About half the lessons; 3: Some lessons; 4: Never; 9: Omitted or invalid; Sysmis: Not administered,1: Every or almost every lesson; 2: About half the lessons; 3: Some lessons; 4: Never; .: Omitted or invalid; .A: Not administered,Background Questionnaire Variables,B,
ATBLS02C,SCI\ASK STUDENTS\DEMONSTRATE EXPERIMENT (2024),TQS-02c,Ordinal,1,0,,,1: Every or almost every lesson; 2: About half the lessons; 3: Some lessons; 4: Never,9: Omitted or invalid; Sysmis: Not administered,.: Omitted or invalid; .A: Not administered,1: Every or almost every lesson; 2: About half the lessons; 3: Some lessons; 4: Never; 9: Omitted or invalid; Sysmis: Not administered,1: Every or almost every lesson; 2: About half the lessons; 3: Some lessons; 4: Never; .: Omitted or invalid; .A: Not administered,Background Questionnaire Variables,B,
ATBLS02D,SCI\ASK STUDENTS\READ TEXTBOOK (2024),TQS-02d,Ordinal,1,0,,,1: Every or almost every lesson; 2: About half the lessons; 3: Some lessons; 4: Never,9: Omitted or invalid; Sysmis: Not administered,.: Omitted or invalid; .A: Not administered,1: Every or almost every lesson; 2: About half the lessons; 3: Some lessons; 4: Never; 9: Omitted or invalid; Sysmis: Not administered,1: Every or almost every lesson; 2: About half the lessons; 3: Some lessons; 4: Never; .: Omitted or invalid; .A: Not administered,Background Questionnaire Variables,B,
ATBLS02E,SCI\ASK STUDENTS\MEMORIZE FACTS (2024),TQS-02e,Ordinal,1,0,,,1: Every or almost every lesson; 2: About half the lessons; 3: Some lessons; 4: Never,9: Omitted or invalid; Sysmis: Not administered,.: Omitted or invalid; .A: Not administered,1: Every or almost every lesson; 2: About half the lessons; 3: Some lessons; 4: Never; 9: Omitted or invalid; Sysmis: Not administered,1: Every or almost every lesson; 2: About half the lessons; 3: Some lessons; 4: Never; .: Omitted or invalid; .A: Not administered,Background Questionnaire Variables,B,
ATBLS02F,SCI\ASK STUDENTS\DO FIELD WORK (2024),TQS-02f,Ordinal,1,0,,,1: Every or almost every lesson; 2: About half the lessons; 3: Some lessons; 4: Never,9: Omitted or invalid; Sysmis: Not administered,.: Omitted or invalid; .A: Not administered,1: Every or almost every lesson; 2: About half the lessons; 3: Some lessons; 4: Never; 9: Omitted or invalid; Sysmis: Not administered,1: Every or almost every lesson; 2: About half the lessons; 3: Some lessons; 4: Never; .: Omitted or invalid; .A: Not administered,Background Questionnaire Variables,B,
ATBLS02G,SCI\ASK STUDENTS\MIXED ABILITY GROUPS (2024),TQS-02g,Ordinal,1,0,,,1: Every or almost every lesson; 2: About half the lessons; 3: Some lessons; 4: Never,9: Omitted or invalid; Sysmis: Not administered,.: Omitted or invalid; .A: Not administered,1: Every or almost every lesson; 2: About half the lessons; 3: Some lessons; 4: Never; 9: Omitted or invalid; Sysmis: Not administered,1: Every or almost every lesson; 2: About half the lessons; 3: Some lessons; 4: Never; .: Omitted or invalid; .A: Not administered,Background Questionnaire Variables,B,
ATBLS02H,SCI\ASK STUDENTS\SAME ABILITY GROUPS (2024),TQS-02h,Ordinal,1,0,,,1: Every or almost every lesson; 2: About half the lessons; 3: Some lessons; 4: Never,9: Omitted or invalid; Sysmis: Not administered,.: Omitted or invalid; .A: Not administered,1: Every or almost every lesson; 2: About half the lessons; 3: Some lessons; 4: Never; 9: Omitted or invalid; Sysmis: Not administered,1: Every or almost every lesson; 2: About half the lessons; 3: Some lessons; 4: Never; .: Omitted or invalid; .A: Not administered,Background Questionnaire Variables,B,
ATBLS03A,SCI\EMPHASIS\ASK QUESTIONS (2024),TQS-03a,Ordinal,1,0,,,1: A lot; 2: Some; 3: None,9: Omitted or invalid; Sysmis: Not administered,.: Omitted or invalid; .A: Not administered,1: A lot; 2: Some; 3: None; 9: Omitted or invalid; Sysmis: Not administered,1: A lot; 2: Some; 3: None; .: Omitted or invalid; .A: Not administered,Background Questionnaire Variables,B,
ATBLS03B,SCI\EMPHASIS\PREDICT OUTCOMES (2024),TQS-03b,Ordinal,1,0,,,1: A lot; 2: Some; 3: None,9: Omitted or invalid; Sysmis: Not administered,.: Omitted or invalid; .A: Not administered,1: A lot; 2: Some; 3: None; 9: Omitted or invalid; Sysmis: Not administered,1: A lot; 2: Some; 3: None; .: Omitted or invalid; .A: Not administered,Background Questionnaire Variables,B,
ATBLS03C,SCI\EMPHASIS\CREATE REPRESENTATIONS (2024),TQS-03c,Ordinal,1,0,,,1: A lot; 2: Some; 3: None,9: Omitted or invalid; Sysmis: Not administered,.: Omitted or invalid; .A: Not administered,1: A lot; 2: Some; 3: None; 9: Omitted or invalid; Sysmis: Not administered,1: A lot; 2: Some; 3: None; .: Omitted or invalid; .A: Not administered,Background Questionnaire Variables,B,
ATBLS03D,SCI\EMPHASIS\EXPLAIN PHENOMENA (2024),TQS-03d,Ordinal,1,0,,,1: A lot; 2: Some; 3: None,9: Omitted or invalid; Sysmis: Not administered,.: Omitted or invalid; .A: Not administered,1: A lot; 2: Some; 3: None; 9: Omitted or invalid; Sysmis: Not administered,1: A lot; 2: Some; 3: None; .: Omitted or invalid; .A: Not administered,Background Questionnaire Variables,B,
ATBLS03E,SCI\EMPHASIS\CONDUCT EXPERIMENTS (2024),TQS-03e,Ordinal,1,0,,,1: A lot; 2: Some; 3: None,9: Omitted or invalid; Sysmis: Not administered,.: Omitted or invalid; .A: Not administered,1: A lot; 2: Some; 3: None; 9: Omitted or invalid; Sysmis: Not administered,1: A lot; 2: Some; 3: None; .: Omitted or invalid; .A: Not administered,Background Questionnaire Variables,B,
ATBLS04A,SCI\TCH ABILITY\VALUE OF SCI (2024),TQS-04a,Nominal,1,0,,,1: Very confident; 2: Somewhat confident; 3: Not confident,9: Omitted or invalid; Sysmis: Not administered,.: Omitted or invalid; .A: Not administered,1: Very confident; 2: Somewhat confident; 3: Not confident; 9: Omitted or invalid; Sysmis: Not administered,1: Very confident; 2: Somewhat confident; 3: Not confident; .: Omitted or invalid; .A: Not administered,Background Questionnaire Variables,B,
ATBLS04B,SCI\TCH ABILITY\USE EXPERIMENTS (2024),TQS-04b,Nominal,1,0,,,1: Very confident; 2: Somewhat confident; 3: Not confident,9: Omitted or invalid; Sysmis: Not administered,.: Omitted or invalid; .A: Not administered,1: Very confident; 2: Somewhat confident; 3: Not confident; 9: Omitted or invalid; Sysmis: Not administered,1: Very confident; 2: Somewhat confident; 3: Not confident; .: Omitted or invalid; .A: Not administered,Background Questionnaire Variables,B,
ATBLS04C,SCI\TCH ABILITY\ADAPT TO INTERESTS (2024),TQS-04c,Nominal,1,0,,,1: Very confident; 2: Somewhat confident; 3: Not confident,9: Omitted or invalid; Sysmis: Not administered,.: Omitted or invalid; .A: Not administered,1: Very confident; 2: Somewhat confident; 3: Not confident; 9: Omitted or invalid; Sysmis: Not administered,1: Very confident; 2: Somewhat confident; 3: Not confident; .: Omitted or invalid; .A: Not administered,Background Questionnaire Variables,B,
ATBLS04D,SCI\TCH ABILITY\HIGHER ORDER SKILLS (2024),TQS-04d,Nominal,1,0,,,1: Very confident; 2: Somewhat confident; 3: Not confident,9: Omitted or invalid; Sysmis: Not administered,.: Omitted or invalid; .A: Not administered,1: Very confident; 2: Somewhat confident; 3: Not confident; 9: Omitted or invalid; Sysmis: Not administered,1: Very confident; 2: Somewhat confident; 3: Not confident; .: Omitted or invalid; .A: Not administered,Background Questionnaire Variables,B,
ATBLS04E,SCI\TCH ABILITY\RELEVANT TO STUDENTS (2024),TQS-04e,Nominal,1,0,,,1: Very confident; 2: Somewhat confident; 3: Not confident,9: Omitted or invalid; Sysmis: Not administered,.: Omitted or invalid; .A: Not administered,1: Very confident; 2: Somewhat confident; 3: Not confident; 9: Omitted or invalid; Sysmis: Not administered,1: Very confident; 2: Somewhat confident; 3: Not confident; .: Omitted or invalid; .A: Not administered,Background Questionnaire Variables,B,
ATBLS04F,SCI\TCH ABILITY\CHALLENGING ACTIVITIES (2024),TQS-04f,Nominal,1,0,,,1: Very confident; 2: Somewhat confident; 3: Not confident,9: Omitted or invalid; Sysmis: Not administered,.: Omitted or invalid; .A: Not administered,1: Very confident; 2: Somewhat confident; 3: Not confident; 9: Omitted or invalid; Sysmis: Not administered,1: Very confident; 2: Somewhat confident; 3: Not confident; .: Omitted or invalid; .A: Not administered,Background Questionnaire Variables,B,
ATBLS04G,SCI\TCH ABILITY\STRUGGLING STUDENTS (2024),TQS-04g,Nominal,1,0,,,1: Very confident; 2: Somewhat confident; 3: Not confident,9: Omitted or invalid; Sysmis: Not administered,.: Omitted or invalid; .A: Not administered,1: Very confident; 2: Somewhat confident; 3: Not confident; 9: Omitted or invalid; Sysmis: Not administered,1: Very confident; 2: Somewhat confident; 3: Not confident; .: Omitted or invalid; .A: Not administered,Background Questionnaire Variables,B,
ATBLS04H,SCI\TCH ABILITY\ASSESS COMPREHENSION (2024),TQS-04h,Nominal,1,0,,,1: Very confident; 2: Somewhat confident; 3: Not confident,9: Omitted or invalid; Sysmis: Not administered,.: Omitted or invalid; .A: Not administered,1: Very confident; 2: Somewhat confident; 3: Not confident; 9: Omitted or invalid; Sysmis: Not administered,1: Very confident; 2: Somewhat confident; 3: Not confident; .: Omitted or invalid; .A: Not administered,Background Questionnaire Variables,B,
ATBLS04I,SCI\TCH ABILITY\INQUIRY METHODS (2024),TQS-04i,Nominal,1,0,,,1: Very confident; 2: Somewhat confident; 3: Not confident,9: Omitted or invalid; Sysmis: Not administered,.: Omitted or invalid; .A: Not administered,1: Very confident; 2: Somewhat confident; 3: Not confident; 9: Omitted or invalid; Sysmis: Not administered,1: Very confident; 2: Somewhat confident; 3: Not confident; .: Omitted or invalid; .A: Not administered,Background Questionnaire Variables,B,
ATBLS04J,SCI\TCH ABILITY\BEHAVIOR IN EXPERIMENTS (2024),TQS-04j,Nominal,1,0,,,1: Very confident; 2: Somewhat confident; 3: Not confident,9: Omitted or invalid; Sysmis: Not administered,.: Omitted or invalid; .A: Not administered,1: Very confident; 2: Somewhat confident; 3: Not confident; 9: Omitted or invalid; Sysmis: Not administered,1: Very confident; 2: Somewhat confident; 3: Not confident; .: Omitted or invalid; .A: Not administered,Background Questionnaire Variables,B,
ATBLS05A,SCI\TEACHING\DEVELOP POSITIVE ATTITUDES (2024),TQS-05a,Ordinal,1,0,,,1: At least once a week; 2: Once or twice a month; 3: A few times a year; 4: Never or almost never,9: Omitted or invalid; Sysmis: Not administered,.: Omitted or invalid; .A: Not administered,1: At least once a week; 2: Once or twice a month; 3: A few times a year; 4: Never or almost never; 9: Omitted or invalid; Sysmis: Not administered,1: At least once a week; 2: Once or twice a month; 3: A few times a year; 4: Never or almost never; .: Omitted or invalid; .A: Not administered,Background Questionnaire Variables,B,
ATBLS05B,SCI\TEACHING\ENCOURAGE SAVE RESOURCES (2024),TQS-05b,Ordinal,1,0,,,1: At least once a week; 2: Once or twice a month; 3: A few times a year; 4: Never or almost never,9: Omitted or invalid; Sysmis: Not administered,.: Omitted or invalid; .A: Not administered,1: At least once a week; 2: Once or twice a month; 3: A few times a year; 4: Never or almost never; 9: Omitted or invalid; Sysmis: Not administered,1: At least once a week; 2: Once or twice a month; 3: A few times a year; 4: Never or almost never; .: Omitted or invalid; .A: Not administered,Background Questionnaire Variables,B,
ATBLS05C,SCI\TEACHING\DISCUSS ACTIONS (2024),TQS-05c,Ordinal,1,0,,,1: At least once a week; 2: Once or twice a month; 3: A few times a year; 4: Never or almost never,9: Omitted or invalid; Sysmis: Not administered,.: Omitted or invalid; .A: Not administered,1: At least once a week; 2: Once or twice a month; 3: A few times a year; 4: Never or almost never; 9: Omitted or invalid; Sysmis: Not administered,1: At least once a week; 2: Once or twice a month; 3: A few times a year; 4: Never or almost never; .: Omitted or invalid; .A: Not administered,Background Questionnaire Variables,B,
ATBLS05D,SCI\TEACHING\DISCUSS ISSUES (2024),TQS-05d,Ordinal,1,0,,,1: At least once a week; 2: Once or twice a month; 3: A few times a year; 4: Never or almost never,9: Omitted or invalid; Sysmis: Not administered,.: Omitted or invalid; .A: Not administered,1: At least once a week; 2: Once or twice a month; 3: A few times a year; 4: Never or almost never; 9: Omitted or invalid; Sysmis: Not administered,1: At least once a week; 2: Once or twice a month; 3: A few times a year; 4: Never or almost never; .: Omitted or invalid; .A: Not administered,Background Questionnaire Variables,B,
ATBLS06A,SCI\TEACH ISSUES\VISIT NATURAL AREAS (2024),TQS-06a,Nominal,1,0,,,1: Yes; 2: No,9: Omitted or invalid; Sysmis: Not administered,.: Omitted or invalid; .A: Not administered,1: Yes; 2: No; 9: Omitted or invalid; Sysmis: Not administered,1: Yes; 2: No; .: Omitted or invalid; .A: Not administered,Background Questionnaire Variables,B,
ATBLS06B,SCI\TEACH ISSUES\PARTICIPATE ACTIVITIES (2024),TQS-06b,Nominal,1,0,,,1: Yes; 2: No,9: Omitted or invalid; Sysmis: Not administered,.: Omitted or invalid; .A: Not administered,1: Yes; 2: No; 9: Omitted or invalid; Sysmis: Not administered,1: Yes; 2: No; .: Omitted or invalid; .A: Not administered,Background Questionnaire Variables,B,
ATBLS06C,SCI\TEACH ISSUES\RESEARCH TOPICS (2024),TQS-06c,Nominal,1,0,,,1: Yes; 2: No,9: Omitted or invalid; Sysmis: Not administered,.: Omitted or invalid; .A: Not administered,1: Yes; 2: No; 9: Omitted or invalid; Sysmis: Not administered,1: Yes; 2: No; .: Omitted or invalid; .A: Not administered,Background Questionnaire Variables,B,
ATBLS06D,SCI\TEACH ISSUES\OUTDOOR PROGRAMS (2024),TQS-06d,Nominal,1,0,,,1: Yes; 2: No,9: Omitted or invalid; Sysmis: Not administered,.: Omitted or invalid; .A: Not administered,1: Yes; 2: No; 9: Omitted or invalid; Sysmis: Not administered,1: Yes; 2: No; .: Omitted or invalid; .A: Not administered,Background Questionnaire Variables,B,
ATBLS07,SCI\ENVIRONMENTAL EDUCATION\OPINION (2024),TQS-07,Ordinal,1,0,,,1: Agree a lot; 2: Agree a little; 3: Disagree a little; 4: Disagree a lot,9: Omitted or invalid; Sysmis: Not administered,.: Omitted or invalid; .A: Not administered,1: Agree a lot; 2: Agree a little; 3: Disagree a little; 4: Disagree a lot; 9: Omitted or invalid; Sysmis: Not administered,1: Agree a lot; 2: Agree a little; 3: Disagree a little; 4: Disagree a lot; .: Omitted or invalid; .A: Not administered,Background Questionnaire Variables,B,
ATBLS08A,SCI\DIGITAL DEVICE AVAILABILITY DURING SCIENCE (2024),TQS-08A,Nominal,1,0,,,1: Yes; 2: No,9: Omitted or invalid; Sysmis: Not administered,.: Omitted or invalid; .A: Not administered,1: Yes; 2: No; 9: Omitted or invalid; Sysmis: Not administered,1: Yes; 2: No; .: Omitted or invalid; .A: Not administered,Background Questionnaire Variables,B,
ATBLS08BA,SCI\ACCESS TO DEVICES\EACH STD HAS A DEVICE (2024),TQS-08Ba,Nominal,1,0,,,1: Yes; 2: No,9: Omitted or invalid; 6: Logically not applicable; Sysmis: Not administered,.: Omitted or invalid; .A: Not administered; .B: Logically not applicable,1: Yes; 2: No; 9: Omitted or invalid; 6: Logically not applicable; Sysmis: Not administered,1: Yes; 2: No; .: Omitted or invalid; .A: Not administered; .B: Logically not applicable,Background Questionnaire Variables,B,
ATBLS08BB,SCI\ACCESS TO DEVICES\CLASS HAS DEVICES TO SHARE (2024),TQS-08Bb,Nominal,1,0,,,1: Yes; 2: No,9: Omitted or invalid; 6: Logically not applicable; Sysmis: Not administered,.: Omitted or invalid; .A: Not administered; .B: Logically not applicable,1: Yes; 2: No; 9: Omitted or invalid; 6: Logically not applicable; Sysmis: Not administered,1: Yes; 2: No; .: Omitted or invalid; .A: Not administered; .B: Logically not applicable,Background Questionnaire Variables,B,
ATBLS08BC,SCI\ACCESS TO DEVICES\SCHOOL HAS DEVICES (2024),TQS-08Bc,Nominal,1,0,,,1: Yes; 2: No,9: Omitted or invalid; 6: Logically not applicable; Sysmis: Not administered,.: Omitted or invalid; .A: Not administered; .B: Logically not applicable,1: Yes; 2: No; 9: Omitted or invalid; 6: Logically not applicable; Sysmis: Not administered,1: Yes; 2: No; .: Omitted or invalid; .A: Not administered; .B: Logically not applicable,Background Questionnaire Variables,B,
ATBLS08BD,SCI\ACCESS TO DEVICES\STUDENTS BRING OWN DEVICES (2024),TQS-08Bd,Nominal,1,0,,,1: Yes; 2: No,9: Omitted or invalid; 6: Logically not applicable; Sysmis: Not administered,.: Omitted or invalid; .A: Not administered; .B: Logically not applicable,1: Yes; 2: No; 9: Omitted or invalid; 6: Logically not applicable; Sysmis: Not administered,1: Yes; 2: No; .: Omitted or invalid; .A: Not administered; .B: Logically not applicable,Background Questionnaire Variables,B,
ATBLS08C,SCI\ACCESS TO DEVICES\HOW OFTEN (2024),TQS-08C,Ordinal,1,0,,,1: At least once a week; 2: Once or twice a month; 3: A few times a year; 4: Never or almost never,9: Omitted or invalid; 6: Logically not applicable; Sysmis: Not administered,.: Omitted or invalid; .A: Not administered; .B: Logically not applicable,1: At least once a week; 2: Once or twice a month; 3: A few times a year; 4: Never or almost never; 9: Omitted or invalid; 6: Logically not applicable; Sysmis: Not administered,1: At least once a week; 2: Once or twice a month; 3: A few times a year; 4: Never or almost never; .: Omitted or invalid; .A: Not administered; .B: Logically not applicable,Background Questionnaire Variables,B,
ATBLS08DA,SCI\ACCESS TO DEVICES\HOW OFTEN\EXTENDED PROBLEMS (2024),TQS-08Da,Ordinal,1,0,,,1: At least once a week; 2: Once or twice a month; 3: A few times a year; 4: Never or almost never,9: Omitted or invalid; 6: Logically not applicable; Sysmis: Not administered,.: Omitted or invalid; .A: Not administered; .B: Logically not applicable,1: At least once a week; 2: Once or twice a month; 3: A few times a year; 4: Never or almost never; 9: Omitted or invalid; 6: Logically not applicable; Sysmis: Not administered,1: At least once a week; 2: Once or twice a month; 3: A few times a year; 4: Never or almost never; .: Omitted or invalid; .A: Not administered; .B: Logically not applicable,Background Questionnaire Variables,B,
ATBLS08DB,SCI\ACCESS TO DEVICES\HOW OFTEN\CREATE DATA DISPLAYS (2024),TQS-08Db,Ordinal,1,0,,,1: At least once a week; 2: Once or twice a month; 3: A few times a year; 4: Never or almost never,9: Omitted or invalid; 6: Logically not applicable; Sysmis: Not administered,.: Omitted or invalid; .A: Not administered; .B: Logically not applicable,1: At least once a week; 2: Once or twice a month; 3: A few times a year; 4: Never or almost never; 9: Omitted or invalid; 6: Logically not applicable; Sysmis: Not administered,1: At least once a week; 2: Once or twice a month; 3: A few times a year; 4: Never or almost never; .: Omitted or invalid; .A: Not administered; .B: Logically not applicable,Background Questionnaire Variables,B,
ATBLS08DC,SCI\ACCESS TO DEVICES\HOW OFTEN\PLAY GAMES (2024),TQS-08Dc,Ordinal,1,0,,,1: At least once a week; 2: Once or twice a month; 3: A few times a year; 4: Never or almost never,9: Omitted or invalid; 6: Logically not applicable; Sysmis: Not administered,.: Omitted or invalid; .A: Not administered; .B: Logically not applicable,1: At least once a week; 2: Once or twice a month; 3: A few times a year; 4: Never or almost never; 9: Omitted or invalid; 6: Logically not applicable; Sysmis: Not administered,1: At least once a week; 2: Once or twice a month; 3: A few times a year; 4: Never or almost never; .: Omitted or invalid; .A: Not administered; .B: Logically not applicable,Background Questionnaire Variables,B,
ATBLS08DD,SCI\ACCESS TO DEVICES\HOW OFTEN\EXPERIMENTS OR SIMULATIONS (2024),TQS-08Dd,Ordinal,1,0,,,1: At least once a week; 2: Once or twice a month; 3: A few times a year; 4: Never or almost never,9: Omitted or invalid; 6: Logically not applicable; Sysmis: Not administered,.: Omitted or invalid; .A: Not administered; .B: Logically not applicable,1: At least once a week; 2: Once or twice a month; 3: A few times a year; 4: Never or almost never; 9: Omitted or invalid; 6: Logically not applicable; Sysmis: Not administered,1: At least once a week; 2: Once or twice a month; 3: A few times a year; 4: Never or almost never; .: Omitted or invalid; .A: Not administered; .B: Logically not applicable,Background Questionnaire Variables,B,
ATBLS08DE,SCI\ACCESS TO DEVICES\HOW OFTEN\READ TEXTBOOK (2024),TQS-08De,Ordinal,1,0,,,1: At least once a week; 2: Once or twice a month; 3: A few times a year; 4: Never or almost never,9: Omitted or invalid; 6: Logically not applicable; Sysmis: Not administered,.: Omitted or invalid; .A: Not administered; .B: Logically not applicable,1: At least once a week; 2: Once or twice a month; 3: A few times a year; 4: Never or almost never; 9: Omitted or invalid; 6: Logically not applicable; Sysmis: Not administered,1: At least once a week; 2: Once or twice a month; 3: A few times a year; 4: Never or almost never; .: Omitted or invalid; .A: Not administered; .B: Logically not applicable,Background Questionnaire Variables,B,
ATBLS08DF,SCI\ACCESS TO DEVICES\HOW OFTEN\TAKE TEST (2024),TQS-08Df,Ordinal,1,0,,,1: At least once a week; 2: Once or twice a month; 3: A few times a year; 4: Never or almost never,9: Omitted or invalid; 6: Logically not applicable; Sysmis: Not administered,.: Omitted or invalid; .A: Not administered; .B: Logically not applicable,1: At least once a week; 2: Once or twice a month; 3: A few times a year; 4: Never or almost never; 9: Omitted or invalid; 6: Logically not applicable; Sysmis: Not administered,1: At least once a week; 2: Once or twice a month; 3: A few times a year; 4: Never or almost never; .: Omitted or invalid; .A: Not administered; .B: Logically not applicable,Background Questionnaire Variables,B,
ATBLS09AA,SCI\TOPICS\LIFE\LIVING THINGS (2024),TQS-09Aa,Nominal,1,0,,,1: Mostly taught before this year; 2: Mostly taught this year; 3: Not yet taught,9: Omitted or invalid; Sysmis: Not administered,.: Omitted or invalid; .A: Not administered,1: Mostly taught before this year; 2: Mostly taught this year; 3: Not yet taught; 9: Omitted or invalid; Sysmis: Not administered,1: Mostly taught before this year; 2: Mostly taught this year; 3: Not yet taught; .: Omitted or invalid; .A: Not administered,Background Questionnaire Variables,B,
ATBLS09AB,SCI\TOPICS\LIFE\CHARACTERISTICS GROUPS OF LIVING THINGS (2024),TQS-09Ab,Nominal,1,0,,,1: Mostly taught before this year; 2: Mostly taught this year; 3: Not yet taught,9: Omitted or invalid; Sysmis: Not administered,.: Omitted or invalid; .A: Not administered,1: Mostly taught before this year; 2: Mostly taught this year; 3: Not yet taught; 9: Omitted or invalid; Sysmis: Not administered,1: Mostly taught before this year; 2: Mostly taught this year; 3: Not yet taught; .: Omitted or invalid; .A: Not administered,Background Questionnaire Variables,B,
ATBLS09AC,SCI\TOPICS\LIFE\FUNCTIONS MAJOR STRUCTURES (2024),TQS-09Ac,Nominal,1,0,,,1: Mostly taught before this year; 2: Mostly taught this year; 3: Not yet taught,9: Omitted or invalid; Sysmis: Not administered,.: Omitted or invalid; .A: Not administered,1: Mostly taught before this year; 2: Mostly taught this year; 3: Not yet taught; 9: Omitted or invalid; Sysmis: Not administered,1: Mostly taught before this year; 2: Mostly taught this year; 3: Not yet taught; .: Omitted or invalid; .A: Not administered,Background Questionnaire Variables,B,
ATBLS09AD,SCI\TOPICS\LIFE\LIFE CYCLES (2024),TQS-09Ad,Nominal,1,0,,,1: Mostly taught before this year; 2: Mostly taught this year; 3: Not yet taught,9: Omitted or invalid; Sysmis: Not administered,.: Omitted or invalid; .A: Not administered,1: Mostly taught before this year; 2: Mostly taught this year; 3: Not yet taught; 9: Omitted or invalid; Sysmis: Not administered,1: Mostly taught before this year; 2: Mostly taught this year; 3: Not yet taught; .: Omitted or invalid; .A: Not administered,Background Questionnaire Variables,B,
ATBLS09AE,SCI\TOPICS\LIFE\INHERITED CHARACTERISTICS (2024),TQS-09Ae,Nominal,1,0,,,1: Mostly taught before this year; 2: Mostly taught this year; 3: Not yet taught,9: Omitted or invalid; Sysmis: Not administered,.: Omitted or invalid; .A: Not administered,1: Mostly taught before this year; 2: Mostly taught this year; 3: Not yet taught; 9: Omitted or invalid; Sysmis: Not administered,1: Mostly taught before this year; 2: Mostly taught this year; 3: Not yet taught; .: Omitted or invalid; .A: Not administered,Background Questionnaire Variables,B,
ATBLS09AF,SCI\TOPICS\LIFE\HOW LIVING THINGS SURVIVE (2024),TQS-09Af,Nominal,1,0,,,1: Mostly taught before this year; 2: Mostly taught this year; 3: Not yet taught,9: Omitted or invalid; Sysmis: Not administered,.: Omitted or invalid; .A: Not administered,1: Mostly taught before this year; 2: Mostly taught this year; 3: Not yet taught; 9: Omitted or invalid; Sysmis: Not administered,1: Mostly taught before this year; 2: Mostly taught this year; 3: Not yet taught; .: Omitted or invalid; .A: Not administered,Background Questionnaire Variables,B,
ATBLS09AG,SCI\TOPICS\LIFE\HUMAN ACTIONS IMPACT ENVIRONMENT (2024),TQS-09Ag,Nominal,1,0,,,1: Mostly taught before this year; 2: Mostly taught this year; 3: Not yet taught,9: Omitted or invalid; Sysmis: Not administered,.: Omitted or invalid; .A: Not administered,1: Mostly taught before this year; 2: Mostly taught this year; 3: Not yet taught; 9: Omitted or invalid; Sysmis: Not administered,1: Mostly taught before this year; 2: Mostly taught this year; 3: Not yet taught; .: Omitted or invalid; .A: Not administered,Background Questionnaire Variables,B,
ATBLS09AH,SCI\TOPICS\LIFE\COMMON ECOSYSTEMS (2024),TQS-09Ah,Nominal,1,0,,,1: Mostly taught before this year; 2: Mostly taught this year; 3: Not yet taught,9: Omitted or invalid; Sysmis: Not administered,.: Omitted or invalid; .A: Not administered,1: Mostly taught before this year; 2: Mostly taught this year; 3: Not yet taught; 9: Omitted or invalid; Sysmis: Not administered,1: Mostly taught before this year; 2: Mostly taught this year; 3: Not yet taught; .: Omitted or invalid; .A: Not administered,Background Questionnaire Variables,B,
ATBLS09AI,SCI\TOPICS\LIFE\SIMPLE FOOD CHAINS (2024),TQS-09Ai,Nominal,1,0,,,1: Mostly taught before this year; 2: Mostly taught this year; 3: Not yet taught,9: Omitted or invalid; Sysmis: Not administered,.: Omitted or invalid; .A: Not administered,1: Mostly taught before this year; 2: Mostly taught this year; 3: Not yet taught; 9: Omitted or invalid; Sysmis: Not administered,1: Mostly taught before this year; 2: Mostly taught this year; 3: Not yet taught; .: Omitted or invalid; .A: Not administered,Background Questionnaire Variables,B,
ATBLS09AJ,SCI\TOPICS\LIFE\COMPETITION IN ECOSYSTEMS (2024),TQS-09Aj,Nominal,1,0,,,1: Mostly taught before this year; 2: Mostly taught this year; 3: Not yet taught,9: Omitted or invalid; Sysmis: Not administered,.: Omitted or invalid; .A: Not administered,1: Mostly taught before this year; 2: Mostly taught this year; 3: Not yet taught; 9: Omitted or invalid; Sysmis: Not administered,1: Mostly taught before this year; 2: Mostly taught this year; 3: Not yet taught; .: Omitted or invalid; .A: Not administered,Background Questionnaire Variables,B,
ATBLS09AK,SCI\TOPICS\LIFE\MAINTAINING GOOD HEALTH (2024),TQS-09Ak,Nominal,1,0,,,1: Mostly taught before this year; 2: Mostly taught this year; 3: Not yet taught,9: Omitted or invalid; Sysmis: Not administered,.: Omitted or invalid; .A: Not administered,1: Mostly taught before this year; 2: Mostly taught this year; 3: Not yet taught; 9: Omitted or invalid; Sysmis: Not administered,1: Mostly taught before this year; 2: Mostly taught this year; 3: Not yet taught; .: Omitted or invalid; .A: Not administered,Background Questionnaire Variables,B,
ATBLS09BA,SCI\TOPICS\PHYSICAL\STATES OF MATTER (2024),TQS-09Ba,Nominal,1,0,,,1: Mostly taught before this year; 2: Mostly taught this year; 3: Not yet taught,9: Omitted or invalid; Sysmis: Not administered,.: Omitted or invalid; .A: Not administered,1: Mostly taught before this year; 2: Mostly taught this year; 3: Not yet taught; 9: Omitted or invalid; Sysmis: Not administered,1: Mostly taught before this year; 2: Mostly taught this year; 3: Not yet taught; .: Omitted or invalid; .A: Not administered,Background Questionnaire Variables,B,
ATBLS09BB,SCI\TOPICS\PHYSICAL\CLASSIFICATION (2024),TQS-09Bb,Nominal,1,0,,,1: Mostly taught before this year; 2: Mostly taught this year; 3: Not yet taught,9: Omitted or invalid; Sysmis: Not administered,.: Omitted or invalid; .A: Not administered,1: Mostly taught before this year; 2: Mostly taught this year; 3: Not yet taught; 9: Omitted or invalid; Sysmis: Not administered,1: Mostly taught before this year; 2: Mostly taught this year; 3: Not yet taught; .: Omitted or invalid; .A: Not administered,Background Questionnaire Variables,B,
ATBLS09BC,SCI\TOPICS\PHYSICAL\MIXTURES AND THEIR SEPARATION (2024),TQS-09Bc,Nominal,1,0,,,1: Mostly taught before this year; 2: Mostly taught this year; 3: Not yet taught,9: Omitted or invalid; Sysmis: Not administered,.: Omitted or invalid; .A: Not administered,1: Mostly taught before this year; 2: Mostly taught this year; 3: Not yet taught; 9: Omitted or invalid; Sysmis: Not administered,1: Mostly taught before this year; 2: Mostly taught this year; 3: Not yet taught; .: Omitted or invalid; .A: Not administered,Background Questionnaire Variables,B,
ATBLS09BD,SCI\TOPICS\PHYSICAL\MAGNETIC ATTRACTION (2024),TQS-09Bd,Nominal,1,0,,,1: Mostly taught before this year; 2: Mostly taught this year; 3: Not yet taught,9: Omitted or invalid; Sysmis: Not administered,.: Omitted or invalid; .A: Not administered,1: Mostly taught before this year; 2: Mostly taught this year; 3: Not yet taught; 9: Omitted or invalid; Sysmis: Not administered,1: Mostly taught before this year; 2: Mostly taught this year; 3: Not yet taught; .: Omitted or invalid; .A: Not administered,Background Questionnaire Variables,B,
ATBLS09BE,SCI\TOPICS\PHYSICAL\PHYSICAL AND CHEMICAL CHANGES (2024),TQS-09Be,Nominal,1,0,,,1: Mostly taught before this year; 2: Mostly taught this year; 3: Not yet taught,9: Omitted or invalid; Sysmis: Not administered,.: Omitted or invalid; .A: Not administered,1: Mostly taught before this year; 2: Mostly taught this year; 3: Not yet taught; 9: Omitted or invalid; Sysmis: Not administered,1: Mostly taught before this year; 2: Mostly taught this year; 3: Not yet taught; .: Omitted or invalid; .A: Not administered,Background Questionnaire Variables,B,
ATBLS09BF,SCI\TOPICS\PHYSICAL\DISSOLVING SOLIDS (2024),TQS-09Bf,Nominal,1,0,,,1: Mostly taught before this year; 2: Mostly taught this year; 3: Not yet taught,9: Omitted or invalid; Sysmis: Not administered,.: Omitted or invalid; .A: Not administered,1: Mostly taught before this year; 2: Mostly taught this year; 3: Not yet taught; 9: Omitted or invalid; Sysmis: Not administered,1: Mostly taught before this year; 2: Mostly taught this year; 3: Not yet taught; .: Omitted or invalid; .A: Not administered,Background Questionnaire Variables,B,
ATBLS09BG,SCI\TOPICS\PHYSICAL\SOLUTION CONCENTRATION (2024),TQS-09Bg,Nominal,1,0,,,1: Mostly taught before this year; 2: Mostly taught this year; 3: Not yet taught,9: Omitted or invalid; Sysmis: Not administered,.: Omitted or invalid; .A: Not administered,1: Mostly taught before this year; 2: Mostly taught this year; 3: Not yet taught; 9: Omitted or invalid; Sysmis: Not administered,1: Mostly taught before this year; 2: Mostly taught this year; 3: Not yet taught; .: Omitted or invalid; .A: Not administered,Background Questionnaire Variables,B,
ATBLS09BH,SCI\TOPICS\PHYSICAL\COMMON ENERGY SOURCE (2024),TQS-09Bh,Nominal,1,0,,,1: Mostly taught before this year; 2: Mostly taught this year; 3: Not yet taught,9: Omitted or invalid; Sysmis: Not administered,.: Omitted or invalid; .A: Not administered,1: Mostly taught before this year; 2: Mostly taught this year; 3: Not yet taught; 9: Omitted or invalid; Sysmis: Not administered,1: Mostly taught before this year; 2: Mostly taught this year; 3: Not yet taught; .: Omitted or invalid; .A: Not administered,Background Questionnaire Variables,B,
ATBLS09BI,SCI\TOPICS\PHYSICAL\LIGHT (2024),TQS-09Bi,Nominal,1,0,,,1: Mostly taught before this year; 2: Mostly taught this year; 3: Not yet taught,9: Omitted or invalid; Sysmis: Not administered,.: Omitted or invalid; .A: Not administered,1: Mostly taught before this year; 2: Mostly taught this year; 3: Not yet taught; 9: Omitted or invalid; Sysmis: Not administered,1: Mostly taught before this year; 2: Mostly taught this year; 3: Not yet taught; .: Omitted or invalid; .A: Not administered,Background Questionnaire Variables,B,
ATBLS09BJ,SCI\TOPICS\PHYSICAL\SOUND (2024),TQS-09Bj,Nominal,1,0,,,1: Mostly taught before this year; 2: Mostly taught this year; 3: Not yet taught,9: Omitted or invalid; Sysmis: Not administered,.: Omitted or invalid; .A: Not administered,1: Mostly taught before this year; 2: Mostly taught this year; 3: Not yet taught; 9: Omitted or invalid; Sysmis: Not administered,1: Mostly taught before this year; 2: Mostly taught this year; 3: Not yet taught; .: Omitted or invalid; .A: Not administered,Background Questionnaire Variables,B,
ATBLS09BK,SCI\TOPICS\PHYSICAL\MOVEMENT OF HEAT (2024),TQS-09Bk,Nominal,1,0,,,1: Mostly taught before this year; 2: Mostly taught this year; 3: Not yet taught,9: Omitted or invalid; Sysmis: Not administered,.: Omitted or invalid; .A: Not administered,1: Mostly taught before this year; 2: Mostly taught this year; 3: Not yet taught; 9: Omitted or invalid; Sysmis: Not administered,1: Mostly taught before this year; 2: Mostly taught this year; 3: Not yet taught; .: Omitted or invalid; .A: Not administered,Background Questionnaire Variables,B,
ATBLS09BL,SCI\TOPICS\PHYSICAL\SIMPLE CIRCUITS (2024),TQS-09Bl,Nominal,1,0,,,1: Mostly taught before this year; 2: Mostly taught this year; 3: Not yet taught,9: Omitted or invalid; Sysmis: Not administered,.: Omitted or invalid; .A: Not administered,1: Mostly taught before this year; 2: Mostly taught this year; 3: Not yet taught; 9: Omitted or invalid; Sysmis: Not administered,1: Mostly taught before this year; 2: Mostly taught this year; 3: Not yet taught; .: Omitted or invalid; .A: Not administered,Background Questionnaire Variables,B,
ATBLS09BM,SCI\TOPICS\PHYSICAL\MOTION AND FORCES (2024),TQS-09Bm,Nominal,1,0,,,1: Mostly taught before this year; 2: Mostly taught this year; 3: Not yet taught,9: Omitted or invalid; Sysmis: Not administered,.: Omitted or invalid; .A: Not administered,1: Mostly taught before this year; 2: Mostly taught this year; 3: Not yet taught; 9: Omitted or invalid; Sysmis: Not administered,1: Mostly taught before this year; 2: Mostly taught this year; 3: Not yet taught; .: Omitted or invalid; .A: Not administered,Background Questionnaire Variables,B,
ATBLS09BN,SCI\TOPICS\PHYSICAL\SIMPLE MACHINES (2024),TQS-09Bn,Nominal,1,0,,,1: Mostly taught before this year; 2: Mostly taught this year; 3: Not yet taught,9: Omitted or invalid; Sysmis: Not administered,.: Omitted or invalid; .A: Not administered,1: Mostly taught before this year; 2: Mostly taught this year; 3: Not yet taught; 9: Omitted or invalid; Sysmis: Not administered,1: Mostly taught before this year; 2: Mostly taught this year; 3: Not yet taught; .: Omitted or invalid; .A: Not administered,Background Questionnaire Variables,B,
ATBLS09CA,SCI\TOPICS\EARTH\PHYSICAL MAKEUP EARTHS SURFACE (2024),TQS-09Ca,Nominal,1,0,,,1: Mostly taught before this year; 2: Mostly taught this year; 3: Not yet taught,9: Omitted or invalid; Sysmis: Not administered,.: Omitted or invalid; .A: Not administered,1: Mostly taught before this year; 2: Mostly taught this year; 3: Not yet taught; 9: Omitted or invalid; Sysmis: Not administered,1: Mostly taught before this year; 2: Mostly taught this year; 3: Not yet taught; .: Omitted or invalid; .A: Not administered,Background Questionnaire Variables,B,
ATBLS09CB,SCI\TOPICS\EARTH\EARTHS RESOURCES (2024),TQS-09Cb,Nominal,1,0,,,1: Mostly taught before this year; 2: Mostly taught this year; 3: Not yet taught,9: Omitted or invalid; Sysmis: Not administered,.: Omitted or invalid; .A: Not administered,1: Mostly taught before this year; 2: Mostly taught this year; 3: Not yet taught; 9: Omitted or invalid; Sysmis: Not administered,1: Mostly taught before this year; 2: Mostly taught this year; 3: Not yet taught; .: Omitted or invalid; .A: Not administered,Background Questionnaire Variables,B,
ATBLS09CC,SCI\TOPICS\EARTH\RENEWABLE AND NONRENEWABLE RESOURCES (2024),TQS-09Cc,Nominal,1,0,,,1: Mostly taught before this year; 2: Mostly taught this year; 3: Not yet taught,9: Omitted or invalid; Sysmis: Not administered,.: Omitted or invalid; .A: Not administered,1: Mostly taught before this year; 2: Mostly taught this year; 3: Not yet taught; 9: Omitted or invalid; Sysmis: Not administered,1: Mostly taught before this year; 2: Mostly taught this year; 3: Not yet taught; .: Omitted or invalid; .A: Not administered,Background Questionnaire Variables,B,
ATBLS09CD,SCI\TOPICS\EARTH\CHANGING EARTHS SURFACE (2024),TQS-09Cd,Nominal,1,0,,,1: Mostly taught before this year; 2: Mostly taught this year; 3: Not yet taught,9: Omitted or invalid; Sysmis: Not administered,.: Omitted or invalid; .A: Not administered,1: Mostly taught before this year; 2: Mostly taught this year; 3: Not yet taught; 9: Omitted or invalid; Sysmis: Not administered,1: Mostly taught before this year; 2: Mostly taught this year; 3: Not yet taught; .: Omitted or invalid; .A: Not administered,Background Questionnaire Variables,B,
ATBLS09CE,SCI\TOPICS\EARTH\FOSSILS (2024),TQS-09Ce,Nominal,1,0,,,1: Mostly taught before this year; 2: Mostly taught this year; 3: Not yet taught,9: Omitted or invalid; Sysmis: Not administered,.: Omitted or invalid; .A: Not administered,1: Mostly taught before this year; 2: Mostly taught this year; 3: Not yet taught; 9: Omitted or invalid; Sysmis: Not administered,1: Mostly taught before this year; 2: Mostly taught this year; 3: Not yet taught; .: Omitted or invalid; .A: Not administered,Background Questionnaire Variables,B,
ATBLS09CF,SCI\TOPICS\EARTH\WEATHER CHANGES (2024),TQS-09Cf,Nominal,1,0,,,1: Mostly taught before this year; 2: Mostly taught this year; 3: Not yet taught,9: Omitted or invalid; Sysmis: Not administered,.: Omitted or invalid; .A: Not administered,1: Mostly taught before this year; 2: Mostly taught this year; 3: Not yet taught; 9: Omitted or invalid; Sysmis: Not administered,1: Mostly taught before this year; 2: Mostly taught this year; 3: Not yet taught; .: Omitted or invalid; .A: Not administered,Background Questionnaire Variables,B,
ATBLS09CG,SCI\TOPICS\EARTH\INCREASING TEMPERATURES (2024),TQS-09Cg,Nominal,1,0,,,1: Mostly taught before this year; 2: Mostly taught this year; 3: Not yet taught,9: Omitted or invalid; Sysmis: Not administered,.: Omitted or invalid; .A: Not administered,1: Mostly taught before this year; 2: Mostly taught this year; 3: Not yet taught; 9: Omitted or invalid; Sysmis: Not administered,1: Mostly taught before this year; 2: Mostly taught this year; 3: Not yet taught; .: Omitted or invalid; .A: Not administered,Background Questionnaire Variables,B,
ATBLS09CH,SCI\TOPICS\EARTH\SOLAR SYSTEM COMPOSITION (2024),TQS-09Ch,Nominal,1,0,,,1: Mostly taught before this year; 2: Mostly taught this year; 3: Not yet taught,9: Omitted or invalid; Sysmis: Not administered,.: Omitted or invalid; .A: Not administered,1: Mostly taught before this year; 2: Mostly taught this year; 3: Not yet taught; 9: Omitted or invalid; Sysmis: Not administered,1: Mostly taught before this year; 2: Mostly taught this year; 3: Not yet taught; .: Omitted or invalid; .A: Not administered,Background Questionnaire Variables,B,
ATBLS09CI,SCI\TOPICS\EARTH\MOVEMENT OF MOON (2024),TQS-09Ci,Nominal,1,0,,,1: Mostly taught before this year; 2: Mostly taught this year; 3: Not yet taught,9: Omitted or invalid; Sysmis: Not administered,.: Omitted or invalid; .A: Not administered,1: Mostly taught before this year; 2: Mostly taught this year; 3: Not yet taught; 9: Omitted or invalid; Sysmis: Not administered,1: Mostly taught before this year; 2: Mostly taught this year; 3: Not yet taught; .: Omitted or invalid; .A: Not administered,Background Questionnaire Variables,B,
ATBLS09CJ,SCI\TOPICS\EARTH\DAY AND NIGHT (2024),TQS-09Cj,Nominal,1,0,,,1: Mostly taught before this year; 2: Mostly taught this year; 3: Not yet taught,9: Omitted or invalid; Sysmis: Not administered,.: Omitted or invalid; .A: Not administered,1: Mostly taught before this year; 2: Mostly taught this year; 3: Not yet taught; 9: Omitted or invalid; Sysmis: Not administered,1: Mostly taught before this year; 2: Mostly taught this year; 3: Not yet taught; .: Omitted or invalid; .A: Not administered,Background Questionnaire Variables,B,
ATBLS09CK,SCI\TOPICS\EARTH\SEASONAL CHANGE (2024),TQS-09Ck,Nominal,1,0,,,1: Mostly taught before this year; 2: Mostly taught this year; 3: Not yet taught,9: Omitted or invalid; Sysmis: Not administered,.: Omitted or invalid; .A: Not administered,1: Mostly taught before this year; 2: Mostly taught this year; 3: Not yet taught; 9: Omitted or invalid; Sysmis: Not administered,1: Mostly taught before this year; 2: Mostly taught this year; 3: Not yet taught; .: Omitted or invalid; .A: Not administered,Background Questionnaire Variables,B,
ATBLS10A,SCI\HOW OFTEN SCIENCE HOMEWORK ASSIGNED (2024),TQS-10A,Ordinal,1,0,,,1: I do not Assign science homework; 2: Less than once a week; 3: 1 or 2 times a week; 4: 3 or 4 times a week; 5: Every day,9: Omitted or invalid; Sysmis: Not administered,.: Omitted or invalid; .A: Not administered,1: I do not Assign science homework; 2: Less than once a week; 3: 1 or 2 times a week; 4: 3 or 4 times a week; 5: Every day; 9: Omitted or invalid; Sysmis: Not administered,1: I do not Assign science homework; 2: Less than once a week; 3: 1 or 2 times a week; 4: 3 or 4 times a week; 5: Every day; .: Omitted or invalid; .A: Not administered,Background Questionnaire Variables,B,
ATBLS10BA,SCI\HOMEWORK\CORRECT (2024),TQS-10Ba,Ordinal,1,0,,,1: Always or almost always; 2: Sometimes; 3: Never or almost never,9: Omitted or invalid; 6: Logically not applicable; Sysmis: Not administered,.: Omitted or invalid; .A: Not administered; .B: Logically not applicable,1: Always or almost always; 2: Sometimes; 3: Never or almost never; 9: Omitted or invalid; 6: Logically not applicable; Sysmis: Not administered,1: Always or almost always; 2: Sometimes; 3: Never or almost never; .: Omitted or invalid; .A: Not administered; .B: Logically not applicable,Background Questionnaire Variables,B,
ATBLS10BB,SCI\HOMEWORK\DISCUSS HOMEWORK (2024),TQS-10Bb,Ordinal,1,0,,,1: Always or almost always; 2: Sometimes; 3: Never or almost never,9: Omitted or invalid; 6: Logically not applicable; Sysmis: Not administered,.: Omitted or invalid; .A: Not administered; .B: Logically not applicable,1: Always or almost always; 2: Sometimes; 3: Never or almost never; 9: Omitted or invalid; 6: Logically not applicable; Sysmis: Not administered,1: Always or almost always; 2: Sometimes; 3: Never or almost never; .: Omitted or invalid; .A: Not administered; .B: Logically not applicable,Background Questionnaire Variables,B,
ATBLS10BC,SCI\HOMEWORK\MONITOR COMPLETENESS (2024),TQS-10Bc,Ordinal,1,0,,,1: Always or almost always; 2: Sometimes; 3: Never or almost never,9: Omitted or invalid; 6: Logically not applicable; Sysmis: Not administered,.: Omitted or invalid; .A: Not administered; .B: Logically not applicable,1: Always or almost always; 2: Sometimes; 3: Never or almost never; 9: Omitted or invalid; 6: Logically not applicable; Sysmis: Not administered,1: Always or almost always; 2: Sometimes; 3: Never or almost never; .: Omitted or invalid; .A: Not administered; .B: Logically not applicable,Background Questionnaire Variables,B,
ATBLS10C,SCI\HOMEWORK\AVG STUDENT TIME (2024),TQS-10C,Nominal,1,0,,,1: 15 minutes or less; 2: 16-30 minutes; 3: 31-60 minutes; 4: More than 60 minutes,9: Omitted or invalid; 6: Logically not applicable; Sysmis: Not administered,.: Omitted or invalid; .A: Not administered; .B: Logically not applicable,1: 15 minutes or less; 2: 16-30 minutes; 3: 31-60 minutes; 4: More than 60 minutes; 9: Omitted or invalid; 6: Logically not applicable; Sysmis: Not administered,1: 15 minutes or less; 2: 16-30 minutes; 3: 31-60 minutes; 4: More than 60 minutes; .: Omitted or invalid; .A: Not administered; .B: Logically not applicable,Background Questionnaire Variables,B,
ATBLS11A,SCI\IMPORTANCE STRATEGIES\OBSERVING STUDENTS (2024),TQS-11a,Ordinal,1,0,,,1: A lot; 2: Some; 3: None,9: Omitted or invalid; Sysmis: Not administered,.: Omitted or invalid; .A: Not administered,1: A lot; 2: Some; 3: None; 9: Omitted or invalid; Sysmis: Not administered,1: A lot; 2: Some; 3: None; .: Omitted or invalid; .A: Not administered,Background Questionnaire Variables,B,
ATBLS11B,SCI\IMPORTANCE STRATEGIES\ASKING STUDENTS (2024),TQS-11b,Ordinal,1,0,,,1: A lot; 2: Some; 3: None,9: Omitted or invalid; Sysmis: Not administered,.: Omitted or invalid; .A: Not administered,1: A lot; 2: Some; 3: None; 9: Omitted or invalid; Sysmis: Not administered,1: A lot; 2: Some; 3: None; .: Omitted or invalid; .A: Not administered,Background Questionnaire Variables,B,
ATBLS11C,SCI\IMPORTANCE STRATEGIES\SHORT ASSESSMENTS (2024),TQS-11c,Ordinal,1,0,,,1: A lot; 2: Some; 3: None,9: Omitted or invalid; Sysmis: Not administered,.: Omitted or invalid; .A: Not administered,1: A lot; 2: Some; 3: None; 9: Omitted or invalid; Sysmis: Not administered,1: A lot; 2: Some; 3: None; .: Omitted or invalid; .A: Not administered,Background Questionnaire Variables,B,
ATBLS11D,SCI\IMPORTANCE STRATEGIES\LONGER TESTS (2024),TQS-11d,Ordinal,1,0,,,1: A lot; 2: Some; 3: None,9: Omitted or invalid; Sysmis: Not administered,.: Omitted or invalid; .A: Not administered,1: A lot; 2: Some; 3: None; 9: Omitted or invalid; Sysmis: Not administered,1: A lot; 2: Some; 3: None; .: Omitted or invalid; .A: Not administered,Background Questionnaire Variables,B,
ATBLS11E,SCI\IMPORTANCE STRATEGIES\LONG-TERM PROJECTS (2024),TQS-11e,Ordinal,1,0,,,1: A lot; 2: Some; 3: None,9: Omitted or invalid; Sysmis: Not administered,.: Omitted or invalid; .A: Not administered,1: A lot; 2: Some; 3: None; 9: Omitted or invalid; Sysmis: Not administered,1: A lot; 2: Some; 3: None; .: Omitted or invalid; .A: Not administered,Background Questionnaire Variables,B,
ATBLS12AA,SCI\PROF DEVELOPMENT PAST\SCIENCE CONTENT (2024),TQS-12Aa,Nominal,1,0,,,1: Yes; 2: No,9: Omitted or invalid; Sysmis: Not administered,.: Omitted or invalid; .A: Not administered,1: Yes; 2: No; 9: Omitted or invalid; Sysmis: Not administered,1: Yes; 2: No; .: Omitted or invalid; .A: Not administered,Background Questionnaire Variables,B,
ATBLS12BA,SCI\PROF DEVELOPMENT FUTURE\SCIENCE CONTENT (2024),TQS-12Ba,Nominal,1,0,,,1: Yes; 2: No,9: Omitted or invalid; Sysmis: Not administered,.: Omitted or invalid; .A: Not administered,1: Yes; 2: No; 9: Omitted or invalid; Sysmis: Not administered,1: Yes; 2: No; .: Omitted or invalid; .A: Not administered,Background Questionnaire Variables,B,
ATBLS12AB,SCI\PROF DEVELOPMENT PAST\SCIENCE PEDAGOGY (2024),TQS-12Ab,Nominal,1,0,,,1: Yes; 2: No,9: Omitted or invalid; Sysmis: Not administered,.: Omitted or invalid; .A: Not administered,1: Yes; 2: No; 9: Omitted or invalid; Sysmis: Not administered,1: Yes; 2: No; .: Omitted or invalid; .A: Not administered,Background Questionnaire Variables,B,
ATBLS12BB,SCI\PROF DEVELOPMENT FUTURE\SCIENCE PEDAGOGY (2024),TQS-12Bb,Nominal,1,0,,,1: Yes; 2: No,9: Omitted or invalid; Sysmis: Not administered,.: Omitted or invalid; .A: Not administered,1: Yes; 2: No; 9: Omitted or invalid; Sysmis: Not administered,1: Yes; 2: No; .: Omitted or invalid; .A: Not administered,Background Questionnaire Variables,B,
ATBLS12AC,SCI\PROF DEVELOPMENT PAST\SCIENCE CURRICULUM (2024),TQS-12Ac,Nominal,1,0,,,1: Yes; 2: No,9: Omitted or invalid; Sysmis: Not administered,.: Omitted or invalid; .A: Not administered,1: Yes; 2: No; 9: Omitted or invalid; Sysmis: Not administered,1: Yes; 2: No; .: Omitted or invalid; .A: Not administered,Background Questionnaire Variables,B,
ATBLS12BC,SCI\PROF DEVELOPMENT FUTURE\SCIENCE CURRICULUM (2024),TQS-12Bc,Nominal,1,0,,,1: Yes; 2: No,9: Omitted or invalid; Sysmis: Not administered,.: Omitted or invalid; .A: Not administered,1: Yes; 2: No; 9: Omitted or invalid; Sysmis: Not administered,1: Yes; 2: No; .: Omitted or invalid; .A: Not administered,Background Questionnaire Variables,B,
ATBLS12AD,SCI\PROF DEVELOPMENT PAST\INTEGRATING TECHNOLOGY (2024),TQS-12Ad,Nominal,1,0,,,1: Yes; 2: No,9: Omitted or invalid; Sysmis: Not administered,.: Omitted or invalid; .A: Not administered,1: Yes; 2: No; 9: Omitted or invalid; Sysmis: Not administered,1: Yes; 2: No; .: Omitted or invalid; .A: Not administered,Background Questionnaire Variables,B,
ATBLS12BD,SCI\PROF DEVELOPMENT FUTURE\INTEGRATING TECHNOLOGY (2024),TQS-12Bd,Nominal,1,0,,,1: Yes; 2: No,9: Omitted or invalid; Sysmis: Not administered,.: Omitted or invalid; .A: Not administered,1: Yes; 2: No; 9: Omitted or invalid; Sysmis: Not administered,1: Yes; 2: No; .: Omitted or invalid; .A: Not administered,Background Questionnaire Variables,B,
ATBLS12AE,SCI\PROF DEVELOPMENT PAST\STD CRITICAL THINKING (2024),TQS-12Ae,Nominal,1,0,,,1: Yes; 2: No,9: Omitted or invalid; Sysmis: Not administered,.: Omitted or invalid; .A: Not administered,1: Yes; 2: No; 9: Omitted or invalid; Sysmis: Not administered,1: Yes; 2: No; .: Omitted or invalid; .A: Not administered,Background Questionnaire Variables,B,
ATBLS12BE,SCI\PROF DEVELOPMENT FUTURE\STD CRITICAL THINKING (2024),TQS-12Be,Nominal,1,0,,,1: Yes; 2: No,9: Omitted or invalid; Sysmis: Not administered,.: Omitted or invalid; .A: Not administered,1: Yes; 2: No; 9: Omitted or invalid; Sysmis: Not administered,1: Yes; 2: No; .: Omitted or invalid; .A: Not administered,Background Questionnaire Variables,B,
ATBLS12AF,SCI\PROF DEVELOPMENT PAST\SCIENCE ASSESSMENT (2024),TQS-12Af,Nominal,1,0,,,1: Yes; 2: No,9: Omitted or invalid; Sysmis: Not administered,.: Omitted or invalid; .A: Not administered,1: Yes; 2: No; 9: Omitted or invalid; Sysmis: Not administered,1: Yes; 2: No; .: Omitted or invalid; .A: Not administered,Background Questionnaire Variables,B,
ATBLS12BF,SCI\PROF DEVELOPMENT FUTURE\SCIENCE ASSESSMENT (2024),TQS-12Bf,Nominal,1,0,,,1: Yes; 2: No,9: Omitted or invalid; Sysmis: Not administered,.: Omitted or invalid; .A: Not administered,1: Yes; 2: No; 9: Omitted or invalid; Sysmis: Not administered,1: Yes; 2: No; .: Omitted or invalid; .A: Not administered,Background Questionnaire Variables,B,
ATBLS12AG,SCI\PROF DEVELOPMENT PAST\STUDENT NEEDS (2024),TQS-12Ag,Nominal,1,0,,,1: Yes; 2: No,9: Omitted or invalid; Sysmis: Not administered,.: Omitted or invalid; .A: Not administered,1: Yes; 2: No; 9: Omitted or invalid; Sysmis: Not administered,1: Yes; 2: No; .: Omitted or invalid; .A: Not administered,Background Questionnaire Variables,B,
ATBLS12BG,SCI\PROF DEVELOPMENT FUTURE\STUDENT NEEDS (2024),TQS-12Bg,Nominal,1,0,,,1: Yes; 2: No,9: Omitted or invalid; Sysmis: Not administered,.: Omitted or invalid; .A: Not administered,1: Yes; 2: No; 9: Omitted or invalid; Sysmis: Not administered,1: Yes; 2: No; .: Omitted or invalid; .A: Not administered,Background Questionnaire Variables,B,
ATBLS12AH,SCI\PROF DEVELOPMENT PAST\INTEGRATE SCIENCE SUBJECTS (2024),TQS-12Ah,Nominal,1,0,,,1: Yes; 2: No,9: Omitted or invalid; Sysmis: Not administered,.: Omitted or invalid; .A: Not administered,1: Yes; 2: No; 9: Omitted or invalid; Sysmis: Not administered,1: Yes; 2: No; .: Omitted or invalid; .A: Not administered,Background Questionnaire Variables,B,
ATBLS12BH,SCI\PROF DEVELOPMENT FUTURE\INTEGRATE SCIENCE SUBJECTS (2024),TQS-12Bh,Nominal,1,0,,,1: Yes; 2: No,9: Omitted or invalid; Sysmis: Not administered,.: Omitted or invalid; .A: Not administered,1: Yes; 2: No; 9: Omitted or invalid; Sysmis: Not administered,1: Yes; 2: No; .: Omitted or invalid; .A: Not administered,Background Questionnaire Variables,B,
ATBLS12AI,SCI\PROF DEVELOPMENT PAST\INTEGRATE ENVIRONMENTALISM (2024),TQS-12Ai,Nominal,1,0,,,1: Yes; 2: No,9: Omitted or invalid; Sysmis: Not administered,.: Omitted or invalid; .A: Not administered,1: Yes; 2: No; 9: Omitted or invalid; Sysmis: Not administered,1: Yes; 2: No; .: Omitted or invalid; .A: Not administered,Background Questionnaire Variables,B,
ATBLS12BI,SCI\PROF DEVELOPMENT FUTURE\INTEGRATE ENVIRONMENTALISM (2024),TQS-12Bi,Nominal,1,0,,,1: Yes; 2: No,9: Omitted or invalid; Sysmis: Not administered,.: Omitted or invalid; .A: Not administered,1: Yes; 2: No; 9: Omitted or invalid; Sysmis: Not administered,1: Yes; 2: No; .: Omitted or invalid; .A: Not administered,Background Questionnaire Variables,B,
ATBGEAS,School Emphasis on Academic Success-Teacher/SCL (2023),BG Scale,Scale,12,5,,,,999999: Omitted or invalid; SYSMIS: Not administered,.: Omitted or invalid; .A: Not administered,999999: Omitted or invalid; SYSMIS: Not administered,.: Omitted or invalid; .A: Not administered,BG Scales and Indices,ISC_D,
ATDGEAS,School Emphasis on Academic Success-Teacher/IDX (2023),BG Scale,Nominal,1,0,,,1: Very High Emphasis; 2: High Emphasis; 3: Medium Emphasis,9: Omitted or invalid; SYSMIS: Not administered,.: Omitted or invalid; .A: Not administered,1: Very High Emphasis; 2: High Emphasis; 3: Medium Emphasis; 9: Omitted or invalid; SYSMIS: Not administered,1: Very High Emphasis; 2: High Emphasis; 3: Medium Emphasis; .: Omitted or invalid; .A: Not administered,BG Scales and Indices,ISC_D,
ATBGSOS,Safe and Orderly Schools-Teacher/SCL (2023),BG Scale,Scale,12,5,,,,999999: Omitted or invalid; SYSMIS: Not administered,.: Omitted or invalid; .A: Not administered,999999: Omitted or invalid; SYSMIS: Not administered,.: Omitted or invalid; .A: Not administered,BG Scales and Indices,ISC_D,
ATDGSOS,Safe and Orderly Schools-Teacher/IDX (2023),BG Scale,Nominal,1,0,,,1: Very Safe and Orderly; 2: Somewhat Safe and Orderly; 3: Less than Safe and Orderly,9: Omitted or invalid; SYSMIS: Not administered,.: Omitted or invalid; .A: Not administered,1: Very Safe and Orderly; 2: Somewhat Safe and Orderly; 3: Less than Safe and Orderly; 9: Omitted or invalid; SYSMIS: Not administered,1: Very Safe and Orderly; 2: Somewhat Safe and Orderly; 3: Less than Safe and Orderly; .: Omitted or invalid; .A: Not administered,BG Scales and Indices,ISC_D,
ATBGTJS,Teachers Job Satisfaction/SCL (2023),BG Scale,Scale,12,5,,,,999999: Omitted or invalid; SYSMIS: Not administered,.: Omitted or invalid; .A: Not administered,999999: Omitted or invalid; SYSMIS: Not administered,.: Omitted or invalid; .A: Not administered,BG Scales and Indices,ISC_D,
ATDGTJS,Teachers Job Satisfaction/IDX (2023),BG Scale,Nominal,1,0,,,1: Very Satisfied; 2: Somewhat Satisfied; 3: Less than Satisfied,9: Omitted or invalid; SYSMIS: Not administered,.: Omitted or invalid; .A: Not administered,1: Very Satisfied; 2: Somewhat Satisfied; 3: Less than Satisfied; 9: Omitted or invalid; SYSMIS: Not administered,1: Very Satisfied; 2: Somewhat Satisfied; 3: Less than Satisfied; .: Omitted or invalid; .A: Not administered,BG Scales and Indices,ISC_D,
ATBGLSN,Teaching Limited by Student Not Ready/SCL (2023),BG Scale,Scale,12,5,,,,999999: Omitted or invalid; SYSMIS: Not administered,.: Omitted or invalid; .A: Not administered,999999: Omitted or invalid; SYSMIS: Not administered,.: Omitted or invalid; .A: Not administered,BG Scales and Indices,ISC_D,
ATDGLSN,Teaching Limited by Student Not Ready/IDX (2023),BG Scale,Nominal,1,0,,,1: Very Little; 2: Some; 3: A lot,9: Omitted or invalid; SYSMIS: Not administered,.: Omitted or invalid; .A: Not administered,1: Very Little; 2: Some; 3: A lot; 9: Omitted or invalid; SYSMIS: Not administered,1: Very Little; 2: Some; 3: A lot; .: Omitted or invalid; .A: Not administered,BG Scales and Indices,ISC_D,
ATBLGEAS,School Emphasis on Academic Success-Teacher/SCL (2024),BG Scale,Scale,12,5,,,,999999: Omitted or invalid; SYSMIS: Not administered,.: Omitted or invalid; .A: Not administered,999999: Omitted or invalid; SYSMIS: Not administered,.: Omitted or invalid; .A: Not administered,BG Scales and Indices,ISC_D,
ATDLGEAS,School Emphasis on Academic Success-Teacher/IDX (2024),BG Scale,Nominal,1,0,,,1: Very High Emphasis; 2: High Emphasis; 3: Medium Emphasis,9: Omitted or invalid; SYSMIS: Not administered,.: Omitted or invalid; .A: Not administered,1: Very High Emphasis; 2: High Emphasis; 3: Medium Emphasis; 9: Omitted or invalid; SYSMIS: Not administered,1: Very High Emphasis; 2: High Emphasis; 3: Medium Emphasis; .: Omitted or invalid; .A: Not administered,BG Scales and Indices,ISC_D,
ATBLGTJS,Teachers Job Satisfaction/SCL (2024),BG Scale,Scale,12,5,,,,999999: Omitted or invalid; SYSMIS: Not administered,.: Omitted or invalid; .A: Not administered,999999: Omitted or invalid; SYSMIS: Not administered,.: Omitted or invalid; .A: Not administered,BG Scales and Indices,ISC_D,
ATDLGTJS,Teachers Job Satisfaction/IDX (2024),BG Scale,Nominal,1,0,,,1: Very Satisfied; 2: Somewhat Satisfied; 3: Less than Satisfied,9: Omitted or invalid; SYSMIS: Not administered,.: Omitted or invalid; .A: Not administered,1: Very Satisfied; 2: Somewhat Satisfied; 3: Less than Satisfied; 9: Omitted or invalid; SYSMIS: Not administered,1: Very Satisfied; 2: Somewhat Satisfied; 3: Less than Satisfied; .: Omitted or invalid; .A: Not administered,BG Scales and Indices,ISC_D,
ATBLGLSN,Teaching Limited by Student Not Ready/SCL (2024),BG Scale,Scale,12,5,,,,999999: Omitted or invalid; SYSMIS: Not administered,.: Omitted or invalid; .A: Not administered,999999: Omitted or invalid; SYSMIS: Not administered,.: Omitted or invalid; .A: Not administered,BG Scales and Indices,ISC_D,
ATDLGLSN,Teaching Limited by Student Not Ready/IDX (2024),BG Scale,Nominal,1,0,,,1: Very Little; 2: Some; 3: A lot,9: Omitted or invalid; SYSMIS: Not administered,.: Omitted or invalid; .A: Not administered,1: Very Little; 2: Some; 3: A lot; 9: Omitted or invalid; SYSMIS: Not administered,1: Very Little; 2: Some; 3: A lot; .: Omitted or invalid; .A: Not administered,BG Scales and Indices,ISC_D,
ATBLMTCM,Teachers Confident in Teaching Mathematics/SCL (2024),BG Scale,Scale,12,5,,,,999999: Omitted or invalid; SYSMIS: Not administered,.: Omitted or invalid; .A: Not administered,999999: Omitted or invalid; SYSMIS: Not administered,.: Omitted or invalid; .A: Not administered,BG Scales and Indices,ISC_D,
ATDLMTCM,Teachers Confident in Teaching Mathematics/IDX (2024),BG Scale,Nominal,1,0,,,1: Very Confident; 2: Somewhat Confident; 3: Not Confident,9: Omitted or invalid; SYSMIS: Not administered,.: Omitted or invalid; .A: Not administered,1: Very Confident; 2: Somewhat Confident; 3: Not Confident; 9: Omitted or invalid; SYSMIS: Not administered,1: Very Confident; 2: Somewhat Confident; 3: Not Confident; .: Omitted or invalid; .A: Not administered,BG Scales and Indices,ISC_D,
ATBLSTCS,Teachers Confident in Teaching Science/SCL (2024),BG Scale,Scale,12,5,,,,999999: Omitted or invalid; SYSMIS: Not administered,.: Omitted or invalid; .A: Not administered,999999: Omitted or invalid; SYSMIS: Not administered,.: Omitted or invalid; .A: Not administered,BG Scales and Indices,ISC_D,
ATDLSTCS,Teachers Confident in Teaching Science/IDX (2024),BG Scale,Nominal,1,0,,,1: Very Confident; 2: Somewhat Confident; 3: Not Confident,9: Omitted or invalid; SYSMIS: Not administered,.: Omitted or invalid; .A: Not administered,1: Very Confident; 2: Somewhat Confident; 3: Not Confident; 9: Omitted or invalid; SYSMIS: Not administered,1: Very Confident; 2: Somewhat Confident; 3: Not Confident; .: Omitted or invalid; .A: Not administered,BG Scales and Indices,ISC_D,
ATDMMEM,Teachers Majored in Education and Mathematics (2023),Derived,Not defined,1,0,,,1 : Major in Edu and Math; 2 : Major in Edu but not Math; 3 : Major in Math but not Edu; 4 : All other Majors; 5 : No Formal Edu Beyond Upper Secondary,9: Omitted or invalid; SYSMIS: Not administered,.: Omitted or invalid; .A: Not administered,1: Major in Edu and Math; 2: Major in Edu but not Math; 3: Major in Math but not Edu; 4: All other Majors; 5: No Formal Edu Beyond Upper Secondary; 9: Omitted or invalid; SYSMIS: Not administered,1: Major in Edu and Math; 2: Major in Edu but not Math; 3: Major in Math but not Edu; 4: All other Majors; 5: No Formal Edu Beyond Upper Secondary; .: Omitted or invalid; .A: Not administered,Derived,ISC_D,
ATDSMES,Teachers Majored in Education and Science (2023),Derived,Not defined,1,0,,,1 : Major in Edu and Science; 2 : Major in Edu but not Science; 3 : Major in Science but not Edu; 4 : All other Majors; 5 : No Formal Edu Beyond Upper Secondary,9: Omitted or invalid; SYSMIS: Not administered,.: Omitted or invalid; .A: Not administered,1: Major in Edu and Science; 2: Major in Edu but not Science; 3: Major in Science but not Edu; 4: All other Majors; 5: No Formal Edu Beyond Upper Secondary; 9: Omitted or invalid; SYSMIS: Not administered,1: Major in Edu and Science; 2: Major in Edu but not Science; 3: Major in Science but not Edu; 4: All other Majors; 5: No Formal Edu Beyond Upper Secondary; .: Omitted or invalid; .A: Not administered,Derived,ISC_D,
ATDMHW,Mathematics Instruction Hours per Week (2023),Derived,Ratio,3,0,,,,999: Omitted or invalid; SYSMIS: Not administered,.: Omitted or invalid; .A: Not administered,999: Omitted or invalid; SYSMIS: Not administered,.: Omitted or invalid; .A: Not administered,Derived,ISC_D,
ATDSHW,Science Instruction Hours per Week (2023),Derived,Ratio,3,0,,,,999: Omitted or invalid; SYSMIS: Not administered,.: Omitted or invalid; .A: Not administered,999: Omitted or invalid; SYSMIS: Not administered,.: Omitted or invalid; .A: Not administered,Derived,ISC_D,
ATDLMMEM,Teachers Majored in Education and Mathematics (2024),Derived,Not defined,1,0,,,1 : Major in Edu and Math; 2 : Major in Edu but not Math; 3 : Major in Math but not Edu; 4 : All other Majors; 5 : No Formal Edu Beyond Upper Secondary,9: Omitted or invalid; SYSMIS: Not administered,.: Omitted or invalid; .A: Not administered,1: Major in Edu and Math; 2: Major in Edu but not Math; 3: Major in Math but not Edu; 4: All other Majors; 5: No Formal Edu Beyond Upper Secondary; 9: Omitted or invalid; SYSMIS: Not administered,1: Major in Edu and Math; 2: Major in Edu but not Math; 3: Major in Math but not Edu; 4: All other Majors; 5: No Formal Edu Beyond Upper Secondary; .: Omitted or invalid; .A: Not administered,Derived,ISC_D,
ATDLSMES,Teachers Majored in Education and Science (2024),Derived,Not defined,1,0,,,1 : Major in Edu and Science; 2 : Major in Edu but not Science; 3 : Major in Science but not Edu; 4 : All other Majors; 5 : No Formal Edu Beyond Upper Secondary,9: Omitted or invalid; SYSMIS: Not administered,.: Omitted or invalid; .A: Not administered,1: Major in Edu and Science; 2: Major in Edu but not Science; 3: Major in Science but not Edu; 4: All other Majors; 5: No Formal Edu Beyond Upper Secondary; 9: Omitted or invalid; SYSMIS: Not administered,1: Major in Edu and Science; 2: Major in Edu but not Science; 3: Major in Science but not Edu; 4: All other Majors; 5: No Formal Edu Beyond Upper Secondary; .: Omitted or invalid; .A: Not administered,Derived,ISC_D,
ATDLMHW,Mathematics Instruction Hours per Week (2024),Derived,Ratio,3,0,,,,999: Omitted or invalid; SYSMIS: Not administered,.: Omitted or invalid; .A: Not administered,999: Omitted or invalid; SYSMIS: Not administered,.: Omitted or invalid; .A: Not administered,Derived,ISC_D,
ATDLSHW,Science Instruction Hours per Week (2024),Derived,Ratio,3,0,,,,999: Omitted or invalid; SYSMIS: Not administered,.: Omitted or invalid; .A: Not administered,999: Omitted or invalid; SYSMIS: Not administered,.: Omitted or invalid; .A: Not administered,Derived,ISC_D,
